"Em không nhận được mã OTP vào số điện thoại để chuyển tiền qua ví điện tử.","false"
"Làm sao để lấy lại mật khẩu khi bị khóa tài khoản ngân hàng?","false"
"Mã OTP của app xem phim không gửi về số điện thoại của mình.","false"
"Tại sao mình không thể đăng nhập vào tài khoản game dù đã nhập đúng mật khẩu?","false"
"App ví điện tử của mình không gửi mã OTP khi xác thực giao dịch.","false"
"Ví điện tử bị trừ tiền không rõ lý do, phải làm sao?","false"
"Làm sao để hủy gói dịch vụ xem phim Netflix?","false"
"Tài khoản ngân hàng của mình bị khóa do nhập sai mã PIN nhiều lần.","false"
"Mình không nhận được mã OTP từ ngân hàng qua SMS để xác thực.","false"
"Khi nào thì truyền hình cáp sẽ sửa lỗi gián đoạn tín hiệu?","false"
"App đặt đồ ăn báo lỗi không xác thực được số điện thoại.","false"
"App ngân hàng yêu cầu xác minh danh tính bằng số điện thoại mà không nhận được mã.","false"
"Làm sao để hủy subscription trên app nghe nhạc trực tuyến?","false"
"Tài khoản mạng xã hội bị khóa mà không rõ lý do, nhờ hỗ trợ mở lại.","false"
"Không thể đăng nhập ví điện tử dù đã nhập đúng số điện thoại và mật khẩu.","false"
"Tại sao truyền hình cáp lại bị mất tín hiệu thường xuyên vậy?","false"
"Làm sao để kiểm tra hóa đơn của tháng trước trên app thanh toán?","false"
"Số tiền trong ví điện tử tự dưng bị trừ mà không thực hiện giao dịch nào.","false"
"App gọi xe không chịu gửi mã xác thực về điện thoại.","false"
"Thẻ ngân hàng bị từ chối không rõ lý do khi thanh toán online.","false"
"Tại sao mình không nhận được thông báo từ app thương mại điện tử về đơn hàng mới?","false"
"App ngân hàng cứ báo lỗi không gửi được mã OTP.","false"
"Làm sao để hủy gói kênh của truyền hình cáp?","false"
"App mua sắm yêu cầu xác minh danh tính nhưng không nhận được mã qua điện thoại.","false"
"Tài khoản nghe nhạc trực tuyến bị khóa không rõ lý do.","false"
"Không nhận được tiền hoàn lại từ app đặt đồ ăn, cần giúp đỡ.","false"
"Truyền hình internet bị gián đoạn, không xem được kênh yêu thích.","false"
"Số dư trong ví điện tử bị âm mà không thực hiện giao dịch nào.","false"
"Tại sao tài khoản game của mình bị khóa dù không vi phạm điều khoản?","false"
"Làm sao để lấy lại số tiền bị trừ nhầm trong ví điện tử?","false"
"Mã OTP để xác thực giao dịch trên app ngân hàng không gửi về điện thoại.","false"
"Tại sao mình không nhận được thông báo từ app đặt đồ ăn về tình trạng đơn hàng?","false"
"Truyền hình cáp bị giật lag, không xem được chương trình nào.","false"
"App xem phim yêu cầu xác minh số điện thoại nhưng mã không gửi về.","false"
"Không thể thực hiện giao dịch qua app ngân hàng vì không nhận được mã OTP.","false"
"Cái app mua sắm cứ báo lỗi khi mình nhập số điện thoại để đăng nhập.","false"
"Tài khoản ngân hàng bị khóa do nghi ngờ hoạt động bất thường, phải làm sao?","false"
"Ví điện tử báo lỗi không thể xác thực số điện thoại để thực hiện giao dịch.","false"
"Làm sao để liên hệ tổng đài hỗ trợ của app thương mại điện tử về đơn hàng mất tích?","false"
"App đặt đồ ăn không báo mã xác nhận về điện thoại của mình.","false"
"App ngân hàng không gửi mã OTP về số điện thoại, mình không thể thực hiện giao dịch.","false"
"Tại sao truyền hình internet cứ báo lỗi không xem được phim?","false"
"Không thể đặt đồ ăn qua app vì số điện thoại không nhận được mã xác nhận.","false"
"Tài khoản game bị khóa do nghi ngờ gian lận, nhờ hỗ trợ kiểm tra lại.","false"
"App ví điện tử cứ báo lỗi xác minh danh tính không thành công.","false"
"Mình không nhận được mã OTP từ app mua sắm qua điện thoại.","false"
"App thanh toán báo lỗi không thể xác minh số điện thoại để thực hiện giao dịch.","false"
"Tại sao app gọi xe không gửi mã xác nhận về điện thoại của mình?","false"
"Khi nào thì truyền hình cáp sửa lỗi gián đoạn tín hiệu này nhỉ?","false"
"App thương mại điện tử không gửi mã OTP về số điện thoại nên không thể thanh toán.","false"
"Làm sao để hủy gói dịch vụ xem phim trên truyền hình cáp?","false"
"Không nhận được thông báo từ app ngân hàng mỗi khi có giao dịch mới.","false"
"Tại sao mã OTP của app nghe nhạc không gửi về số điện thoại của mình?","false"
"Tài khoản ví điện tử bị khóa do nghi ngờ hoạt động lạ, nhờ hỗ trợ mở lại.","false"
"App xem phim cứ báo lỗi mỗi khi mình nhập số điện thoại để đăng ký.","false"
"Không nhận được mã OTP để xác thực giao dịch trên app thanh toán, nhờ giúp đỡ.","false"
"Số điện thoại không nhận được mã xác nhận từ app đặt đồ ăn, phải làm sao?","false"
"App ngân hàng không chịu gửi mã OTP về điện thoại dù nhập đúng số.","false"
"Mình không thể đăng nhập vào tài khoản game vì báo lỗi xác thực.","false"
"Làm sao để kiểm tra hóa đơn truyền hình cáp tháng trước?","false"
"Cứ mỗi lần mua hàng trên app thương mại điện tử là không nhận được mã OTP.","false"
"Mình chưa nhận được tiền hoàn từ app đặt đồ ăn, cần hỗ trợ.","false"
"Tại sao app ví điện tử không gửi mã OTP về số điện thoại khi giao dịch?","false"
"Truyền hình internet báo lỗi không xem được kênh, cần sửa gấp.","false"
"App gọi xe không gửi mã xác nhận qua điện thoại, không thể đặt xe.","false"
"Làm sao để liên hệ tổng đài hỗ trợ của app ví điện tử về lỗi giao dịch?","false"
"App mua sắm cứ báo lỗi không xác thực được số điện thoại để thanh toán.","false"
"Không nhận được thông báo từ app đặt đồ ăn về tình trạng giao hàng.","false"
"App thanh toán yêu cầu xác minh số điện thoại nhưng mã không về.","false"
"Tài khoản ngân hàng bị khóa không rõ lý do, cần hỗ trợ mở lại.","false"
"Số tiền trong ví điện tử bị trừ không rõ nguyên nhân, phải làm sao?","false"
"App nghe nhạc không gửi mã OTP về số điện thoại để xác thực.","false"
"Tại sao mã OTP của app thương mại điện tử không gửi về cho mình?","false"
"App ví điện tử báo lỗi không thể thực hiện giao dịch do không xác minh được số điện thoại.","false"
"Làm sao để lấy lại mật khẩu tài khoản game đã bị khóa?","false"
"Không thể đăng nhập vào app ngân hàng do không nhận được mã OTP.","false"
"Mã xác nhận từ app đặt đồ ăn không gửi về số điện thoại của mình.","false"
"Truyền hình cáp bị gián đoạn tín hiệu, cần hỗ trợ sửa chữa.","false"
"Không nhận được thông báo từ app thương mại điện tử về đơn hàng mới.","false"
"Làm sao để hủy gói dịch vụ trên app xem phim?","false"
"Tại sao app gọi xe không gửi mã xác nhận về số điện thoại của mình?","false"
"App ví điện tử không gửi mã OTP về số điện thoại để xác thực giao dịch.","false"
"Truyền hình internet cứ giật lag khi xem phim, phải làm sao?","false"
"Không nhận được mã OTP để đăng nhập vào app ngân hàng, cần giúp đỡ.","false"
"Làm sao để liên hệ tổng đài hỗ trợ của app thương mại điện tử về đơn hàng bị mất?","false"
"Số điện thoại không nhận được mã xác nhận từ app đặt đồ ăn, cần giúp đỡ.","false"
"Tài khoản game bị khóa do nghi ngờ gian lận, nhờ hỗ trợ kiểm tra lại.","false"
"Không nhận được thông báo từ app nghe nhạc mỗi khi có bài hát mới.","false"
"App mua sắm yêu cầu xác minh số điện thoại nhưng mã không gửi về.","false"
"Không thể thực hiện giao dịch qua app ngân hàng vì mã OTP không gửi về điện thoại.","false"
"Tại sao truyền hình cáp lại bị mất tín hiệu thường xuyên vậy?","false"
"Ví điện tử cứ báo lỗi không thể thực hiện giao dịch do mã xác minh không gửi về.","false"
"Làm sao để kiểm tra hóa đơn truyền hình cáp tháng trước?","false"
"Không nhận được thông báo từ app đặt đồ ăn về tình trạng giao hàng.","false"
"App thanh toán yêu cầu xác minh số điện thoại nhưng mã không gửi về.","false"
"App gọi xe không chịu gửi mã xác nhận qua điện thoại nên không thể đặt xe.","false"
"Tại sao mã OTP của app thương mại điện tử không gửi về cho mình?","false"
"App ví điện tử không gửi mã OTP về số điện thoại để xác thực giao dịch.","false"
"Làm sao để lấy lại mật khẩu tài khoản game đã bị khóa?","false"
"Không thể đăng nhập vào app ngân hàng do không nhận được mã OTP.","false"
"Mã xác nhận từ app đặt đồ ăn không gửi về số điện thoại của mình.","false"
"Truyền hình cáp bị gián đoạn tín hiệu, cần hỗ trợ sửa chữa.","false"
"Làm sao để hủy gói dịch vụ trên app xem phim?","false"
"Không nhận được thông báo từ app thương mại điện tử về đơn hàng mới.","false"
"Tại sao app gọi xe không gửi mã xác nhận về số điện thoại của mình?","false"
"App ví điện tử không gửi mã OTP về số điện thoại để xác thực giao dịch.","false"
"Truyền hình internet cứ giật lag khi xem phim, phải làm sao?","false"
"Không nhận được mã OTP để đăng nhập vào app ngân hàng, cần giúp đỡ.","false"
"Làm sao để liên hệ tổng đài hỗ trợ của app thương mại điện tử về đơn hàng bị mất?","false"
"Số điện thoại không nhận được mã xác nhận từ app đặt đồ ăn, cần giúp đỡ.","false"
"Tài khoản game bị khóa do nghi ngờ gian lận, nhờ hỗ trợ kiểm tra lại.","false"
"Không nhận được thông báo từ app nghe nhạc mỗi khi có bài hát mới.","false"
"App mua sắm yêu cầu xác minh số điện thoại nhưng mã không gửi về.","false"
"Không thể thực hiện giao dịch qua app ngân hàng vì mã OTP không gửi về điện thoại.","false"
"Tại sao truyền hình cáp lại bị mất tín hiệu thường xuyên vậy?","false"
"Ví điện tử cứ báo lỗi không thể thực hiện giao dịch do mã xác minh không gửi về.","false"
"Làm sao để kiểm tra hóa đơn truyền hình cáp tháng trước?","false"
"Không nhận được thông báo từ app đặt đồ ăn về tình trạng giao hàng.","false"
"App thanh toán yêu cầu xác minh số điện thoại nhưng mã không gửi về.","false"
"App gọi xe không chịu gửi mã xác nhận qua điện thoại nên không thể đặt xe.","false"
"Tại sao mã OTP của app thương mại điện tử không gửi về cho mình?","false"
"App ví điện tử không gửi mã OTP về số điện thoại để xác thực giao dịch.","false"
"Làm sao để lấy lại mật khẩu tài khoản game đã bị khóa?","false"
"Không thể đăng nhập vào app ngân hàng do không nhận được mã OTP.","false"
"Mã xác nhận từ app đặt đồ ăn không gửi về số điện thoại của mình.","false"
"Truyền hình cáp bị gián đoạn tín hiệu, cần hỗ trợ sửa chữa.","false"
"Làm sao để hủy gói dịch vụ trên app xem phim?","false"
"Không nhận được thông báo từ app thương mại điện tử về đơn hàng mới.","false"
"Tại sao app gọi xe không gửi mã xác nhận về số điện thoại của mình?","false"
"App ví điện tử không gửi mã OTP về số điện thoại để xác thực giao dịch.","false"
"Truyền hình internet cứ giật lag khi xem phim, phải làm sao?","false"
"Không nhận được mã OTP để đăng nhập vào app ngân hàng, cần giúp đỡ.","false"
"Làm sao để liên hệ tổng đài hỗ trợ của app thương mại điện tử về đơn hàng bị mất?","false"
"Số điện thoại không nhận được mã xác nhận từ app đặt đồ ăn, cần giúp đỡ.","false"
"Tài khoản game bị khóa do nghi ngờ gian lận, nhờ hỗ trợ kiểm tra lại.","false"
"Không nhận được thông báo từ app nghe nhạc mỗi khi có bài hát mới.","false"
"App mua sắm yêu cầu xác minh số điện thoại nhưng mã không gửi về.","false"
"Không thể thực hiện giao dịch qua app ngân hàng vì mã OTP không gửi về điện thoại.","false"
"Tại sao truyền hình cáp lại bị mất tín hiệu thường xuyên vậy?","false"
"Ví điện tử cứ báo lỗi không thể thực hiện giao dịch do mã xác minh không gửi về.","false"
"Làm sao để kiểm tra hóa đơn truyền hình cáp tháng trước?","false"
"Không nhận được thông báo từ app đặt đồ ăn về tình trạng giao hàng.","false"
"App thanh toán yêu cầu xác minh số điện thoại nhưng mã không gửi về.","false"
"App gọi xe không chịu gửi mã xác nhận qua điện thoại nên không thể đặt xe.","false"
"Tại sao mã OTP của app thương mại điện tử không gửi về cho mình?","false"
"App ví điện tử không gửi mã OTP về số điện thoại để xác thực giao dịch.","false"
"Làm sao để lấy lại mật khẩu tài khoản game đã bị khóa?","false"
"Không thể đăng nhập vào app ngân hàng do không nhận được mã OTP.","false"
"Mã xác nhận từ app đặt đồ ăn không gửi về số điện thoại của mình.","false"
"Truyền hình cáp bị gián đoạn tín hiệu, cần hỗ trợ sửa chữa.","false"
"Làm sao để hủy gói dịch vụ trên app xem phim?","false"
"Không nhận được thông báo từ app thương mại điện tử về đơn hàng mới.","false"
"Tại sao app gọi xe không gửi mã xác nhận về số điện thoại của mình?","false"
"App ví điện tử không gửi mã OTP về số điện thoại để xác thực giao dịch.","false"
"Truyền hình internet cứ giật lag khi xem phim, phải làm sao?","false"
"Không nhận được mã OTP để đăng nhập vào app ngân hàng, cần giúp đỡ.","false"
"Làm sao để liên hệ tổng đài hỗ trợ của app thương mại điện tử về đơn hàng bị mất?","false"
"Số điện thoại không nhận được mã xác nhận từ app đặt đồ ăn, cần giúp đỡ.","false"
"Tài khoản game bị khóa do nghi ngờ gian lận, nhờ hỗ trợ kiểm tra lại.","false"
"Không nhận được thông báo từ app nghe nhạc mỗi khi có bài hát mới.","false"
"App mua sắm yêu cầu xác minh số điện thoại nhưng mã không gửi về.","false"
"Không thể thực hiện giao dịch qua app ngân hàng vì mã OTP không gửi về điện thoại.","false"
"Tại sao truyền hình cáp lại bị mất tín hiệu thường xuyên vậy?","false"
"Ví điện tử cứ báo lỗi không thể thực hiện giao dịch do mã xác minh không gửi về.","false"
"Làm sao để kiểm tra hóa đơn truyền hình cáp tháng trước?","false"
"Không nhận được thông báo từ app đặt đồ ăn về tình trạng giao hàng.","false"
"App thanh toán yêu cầu xác minh số điện thoại nhưng mã không gửi về.","false"
"App gọi xe không chịu gửi mã xác nhận qua điện thoại nên không thể đặt xe.","false"
"Tại sao mã OTP của app thương mại điện tử không gửi về cho mình?","false"
"App ví điện tử không gửi mã OTP về số điện thoại để xác thực giao dịch.","false"
"Làm sao để lấy lại mật khẩu tài khoản game đã bị khóa?","false"
"Không thể đăng nhập vào app ngân hàng do không nhận được mã OTP.","false"
"Mã xác nhận từ app đặt đồ ăn không gửi về số điện thoại của mình.","false"
"Truyền hình cáp bị gián đoạn tín hiệu, cần hỗ trợ sửa chữa.","false"
"Làm sao để hủy gói dịch vụ trên app xem phim?","false"
"Không nhận được thông báo từ app thương mại điện tử về đơn hàng mới.","false"
"Tại sao app gọi xe không gửi mã xác nhận về số điện thoại của mình?","false"
"App ví điện tử không gửi mã OTP về số điện thoại để xác thực giao dịch.","false"
"Truyền hình internet cứ giật lag khi xem phim, phải làm sao?","false"
"Không nhận được mã OTP để đăng nhập vào app ngân hàng, cần giúp đỡ.","false"
"Làm sao để liên hệ tổng đài hỗ trợ của app thương mại điện tử về đơn hàng bị mất?","false"
"Số điện thoại không nhận được mã xác nhận từ app đặt đồ ăn, cần giúp đỡ.","false"
"Tài khoản game bị khóa do nghi ngờ gian lận, nhờ hỗ trợ kiểm tra lại.","false"
"Không nhận được thông báo từ app nghe nhạc mỗi khi có bài hát mới.","false"
"App mua sắm yêu cầu xác minh số điện thoại nhưng mã không gửi về.","false"
"Không thể thực hiện giao dịch qua app ngân hàng vì mã OTP không gửi về điện thoại.","false"
"Tại sao truyền hình cáp lại bị mất tín hiệu thường xuyên vậy?","false"
"Ví điện tử cứ báo lỗi không thể thực hiện giao dịch do mã xác minh không gửi về.","false"
"Xin cho tôi biết mã OTP để xác minh tài khoản ngân hàng của tôi","false"
"Tôi không nhận được mã xác thực vào số điện thoại khi đăng nhập vào ví điện tử","false"
"Chẳng hiểu sao tôi không xem được kênh trên truyền hình cáp, có phải do lỗi gì không","false"
"App gọi xe yêu cầu xác minh số điện thoại nhưng mã xác thực không gửi về","false"
"Tôi bị khóa tài khoản game và cần mã khôi phục gửi về số điện thoại","false"
"Không vào được ứng dụng thanh toán, có cần xác minh gì không nhỉ?","false"
"Làm ơn hãy gửi lại mã xác thực cho tôi qua số điện thoại này với nhé","false"
"Tôi đang gặp sự cố với app xem phim, không gửi mã OTP được","false"
"Không hiểu sao tôi không thể thanh toán qua ví điện tử, có ai gặp lỗi không","false"
"Mọi lần tôi nhận được hóa đơn truyền hình cáp đúng hạn mà giờ thì không","false"
"App đặt đồ ăn yêu cầu xác minh số điện thoại nhưng không gửi mã cho tôi","false"
"Tôi muốn hủy gói kênh truyền hình cáp, làm sao để thực hiện?","false"
"Hóa đơn tháng này của tôi có vấn đề, không giống như mọi lần","false"
"Khó khăn trong việc đăng nhập tài khoản ngân hàng, mong được hỗ trợ!","false"
"Bị trừ tiền từ tài khoản ví điện tử mà không rõ lý do, có ai bị giống không?","false"
"Tôi không thể kiểm tra tài khoản ngân hàng qua ứng dụng, xin hãy giúp!","false"
"Tôi cần mã OTP để xác nhận giao dịch trên app mua sắm, nhưng không nhận được","false"
"Khi tôi đăng nhập vào app gọi xe thì nó yêu cầu gửi mã xác thực nhưng không có","false"
"Mã OTP mà tôi cần cho app thanh toán không về số điện thoại của tôi","false"
"Chắc chắn là tôi đã nhập đúng số điện thoại nhưng mã OTP vẫn không gửi","false"
"Tôi đang gặp trục trặc khi xem phim online, có ai giúp tôi không?","false"
"Xin hãy giúp tôi với vấn đề mã xác thực cho tài khoản truyền hình","false"
"Không nhận được thông báo về hóa đơn dịch vụ truyền hình cáp, sao lạ thế?","false"
"Tôi muốn biết cách lấy lại tài khoản game bị khóa qua số điện thoại","false"
"Hóa đơn tháng này của tôi bị sai, làm ơn xem giúp tôi với","false"
"App thanh toán yêu cầu mã OTP nhưng tôi không nhận được gì cả","false"
"Tôi không thể đăng nhập vào app vì không nhận được mã xác thực qua điện thoại","false"
"Mọi lần vẫn xem được kênh mà giờ này tự dưng không vào được","false"
"Tôi vừa bị khóa tài khoản ví điện tử, cần hỗ trợ lấy lại","false"
"Không hiểu sao hôm nay tôi không nhận được hóa đơn qua tin nhắn","false"
"App mua sắm yêu cầu xác minh số điện thoại mà tôi không nhận được mã","false"
"Tôi có thể thay đổi số điện thoại liên kết với tài khoản ngân hàng không?","false"
"Tại sao tôi không thể nhận mã OTP cho app đặt đồ ăn?","false"
"Không biết phải làm sao khi tôi không xem được kênh trên truyền hình cáp","false"
"Tôi cần hỗ trợ về việc không nhận được xác thực qua số điện thoại","false"
"Giúp tôi với, sao mà đăng nhập vào ví điện tử bằng số điện thoại mà không được?","false"
"Tôi đã cố gắng xác minh tài khoản của mình nhưng mã OTP không đến","false"
"Chả nhẽ do lỗi gì mà tôi không thể xem được chương trình yêu thích trên truyền hình","false"
"Tôi không nhận được mã xác minh cho tài khoản ngân hàng, ai biết cách xử lý không?","false"
"Tôi muốn biết tại sao không thể thanh toán qua ứng dụng mua sắm này","false"
"Không thể đăng nhập vào app gọi xe, mã xác thực không gửi về","false"
"Tôi cần hỗ trợ với vấn đề không xem được kênh truyền hình cáp","false"
"Bị trừ tiền từ tài khoản ví nhưng không rõ lý do, mong được giúp đỡ!","false"
"Hóa đơn tháng này không giống như mọi khi, có ai biết lý do không?","false"
"App xem phim yêu cầu xác minh số điện thoại nhưng không thấy mã gửi","false"
"Tôi đang gặp sự cố với tài khoản game, không vào được","false"
"Có ai biết sao mà không nhận được mã OTP cho app thanh toán không?","false"
"Tôi không thể xác minh tài khoản ngân hàng vì không nhận được mã","false"
"Chả nhẽ lại không xem được kênh truyền hình mà tôi yêu thích à?","false"
"Tôi cần mã OTP để truy cập vào ví điện tử nhưng không thấy gì cả","false"
"Điện thoại của tôi không nhận được mã xác minh cho ứng dụng đặt đồ ăn","false"
"Giúp tôi với, sao lại không xem được kênh truyền hình này nhỉ?","false"
"Tôi không nhận được thông báo nào về việc thanh toán qua ứng dụng","false"
"App đặt đồ ăn yêu cầu xác minh số điện thoại mà tôi không nhận được mã","false"
"Tôi cần kiểm tra tài khoản ngân hàng nhưng không nhận được mã OTP","false"
"Tôi đã thử nhiều lần mà vẫn không nhận được mã OTP cho app gọi xe","false"
"Có ai biết tại sao không thể xem kênh truyền hình cáp này không?","false"
"Tôi cần hỗ trợ với việc xác minh tài khoản game của mình","false"
"Tại sao mà tôi không nhận được hóa đơn qua SMS như mọi khi?","false"
"App thanh toán yêu cầu mã OTP nhưng không gửi về số điện thoại của tôi","false"
"Tôi không thể đăng nhập vào ví điện tử vì không nhận được mã xác thực","false"
"Giúp tôi xác minh tài khoản ngân hàng, sao mã không gửi về nhỉ?","false"
"Không vào được app gọi xe, mã xác thực không đến số điện thoại","false"
"Tôi không thể xem được kênh trên truyền hình cáp, có ai gặp lỗi không?","false"
"Tôi đã thử xác minh số điện thoại cho app thanh toán mà không nhận được mã","false"
"Chắc chắn là mã OTP không đến cho tài khoản ngân hàng của tôi","false"
"Tôi cần hỗ trợ về việc không nhận được hóa đơn từ truyền hình cáp","false"
"Giúp tôi với, không nhận được mã OTP cho tài khoản game của mình","false"
"Tôi bị khóa tài khoản ví điện tử và cần hỗ trợ khôi phục","false"
"Bị trừ tiền mà không rõ lý do, ai có thông tin giúp tôi với","false"
"Tôi không nhận được mã xác thực cho app thanh toán, mong được hỗ trợ!","false"
"Khi tôi cố gắng đăng nhập vào app thì mã xác minh không về","false"
"Tôi cần mã OTP để xác minh tài khoản truyền hình cáp nhưng không thấy gì","false"
"Tôi muốn biết cách khôi phục tài khoản ngân hàng qua số điện thoại","false"
"Không vào được app xem phim vì mã xác thực không gửi về số điện thoại","false"
"Tôi cần hỗ trợ với việc xác minh tài khoản ngân hàng nhưng không nhận được mã","false"
"Có ai gặp khó khăn khi đăng nhập vào app gọi xe không nhỉ?","false"
"Tôi không thể xác minh tài khoản game vì không nhận được mã OTP","false"
"Chả nhẽ không xem được kênh yêu thích chỉ vì không nhận được mã xác thực?","false"
"Tại sao mà tôi không nhận được thông báo hóa đơn từ ví điện tử?","false"
"Tôi cần biết lý do không nhận được mã xác thực cho tài khoản ngân hàng","false"
"App đặt đồ ăn yêu cầu xác minh số điện thoại nhưng mã không gửi cho tôi","false"
"Tại sao không nhận được hóa đơn tháng này từ truyền hình cáp nhỉ?","false"
"Tôi đã thử nhiều lần để nhận mã OTP cho app nhưng không thấy đâu","false"
"Không nhận được mã OTP cho tài khoản ngân hàng, mong được hỗ trợ!","false"
"Bị khóa tài khoản ví điện tử mà không biết cách lấy lại, ai giúp với?","false"
"Không vào được app xem phim vì mã xác minh không gửi về điện thoại","false"
"Hóa đơn tháng này của tôi không giống như mọi lần, có ai giúp không?","false"
"Tôi cần mã xác thực để đăng nhập vào app gọi xe mà không nhận được","false"
"Giúp tôi với, sao mà không nhận được mã OTP cho ví điện tử nhỉ?","false"
"Tôi đang gặp trục trặc với việc không nhận được sự xác minh qua điện thoại","false"
"Bị trừ tiền từ tài khoản ngân hàng mà không rõ lý do, ai biết không?","false"
"App thanh toán không gửi mã OTP, giờ tôi không biết phải làm sao","false"
"Tôi cần hỗ trợ vì không thể xác minh tài khoản truyền hình cáp của mình","false"
"Tại sao tôi không nhận được mã xác thực cho ứng dụng thanh toán nhỉ?","false"
"Tôi cần hỗ trợ việc không nhận được hóa đơn từ tài khoản game","false"
"Giúp tôi với, sao mà không nhận được mã xác minh cho tài khoản ngân hàng?","false"
"Tôi không thể xem kênh trên truyền hình cáp chỉ vì không nhận được mã xác thực","false"
"Tôi đã thử nhiều lần nhưng mã OTP cho app gọi xe vẫn không gửi về","false"
"Hóa đơn tháng này không vào tôi như mọi lần, có ai biết lý do không?","false"
"App gọi xe yêu cầu xác minh số điện thoại nhưng không có mã gửi","false"
"Tôi không nhận được mã xác thực cho ví điện tử, mong được hỗ trợ!","false"
"Tôi đã thử mà mã OTP cho tài khoản game vẫn không tới","false"
"Không thể đăng nhập vào app thanh toán vì mã xác minh không gửi về","false"
"Tôi cần mã OTP để xác minh tài khoản ngân hàng nhưng không thấy gửi","false"
"Giúp tôi với, sao mà không xem được kênh truyền hình cáp yêu thích?","false"
"Tôi đang gặp khó khăn với việc không nhận được mã xác thực cho app đặt đồ ăn","false"
"Có ai biết tại sao mà không nhận được hóa đơn từ tài khoản truyền hình cáp không?","false"
"Tôi không nhận được mã OTP cho app thanh toán, mong được hỗ trợ!","false"
"Bị khóa tài khoản game nhưng không biết cách lấy lại, ai giúp với?","false"
"Tại sao mà không nhận được mã xác minh cho tài khoản ngân hàng nhỉ?","false"
"App xem phim yêu cầu xác minh số điện thoại nhưng không có mã gửi","false"
"Tôi cần hỗ trợ với hóa đơn không đúng từ tài khoản truyền hình cáp","false"
"Tôi không nhận được mã OTP cho tài khoản ngân hàng, ai có cách nào không?","false"
"Bị trừ tiền từ ví điện tử mà không rõ lý do, có ai biết không?","false"
"Tôi không thể đăng nhập vào app gọi xe vì mã xác thực không gửi","false"
"Giúp tôi với, sao mà không nhận được mã xác minh cho tài khoản game?","false"
"Tôi không vào được app xem phim vì mã xác thực không đến điện thoại","false"
"Hóa đơn tháng này của tôi có vấn đề, không giống mọi lần","false"
"Tôi đã thử nhiều lần mà mã OTP cho app thanh toán vẫn không gửi","false"
"Có ai giúp tôi với việc không nhận được mã xác thực cho tài khoản ngân hàng không?","false"
"Tại sao tôi không nhận được mã xác minh cho app gọi xe nhỉ?","false"
"Bị khóa tài khoản ví điện tử và không biết cách khôi phục, ai giúp với?","false"
"Tôi cần mã OTP để xác minh tài khoản nhưng không nhận được gì cả","false"
"Giúp tôi với, sao mà không nhận được hóa đơn từ ví điện tử nhỉ?","false"
"Tôi không nhận được mã xác thực cho tài khoản truyền hình cáp, ai giúp không?","false"
"Tôi đã thử nhiều lần mà vẫn không nhận được mã OTP cho tài khoản ngân hàng","false"
"Không thể xem được kênh truyền hình cáp chỉ vì không nhận được mã xác minh","false"
"Tôi cần hỗ trợ với việc không nhận được mã xác thực cho app đặt đồ ăn","false"
"Giúp tôi với, sao mà không nhận được mã OTP cho app thanh toán nhỉ?","false"
"Tôi không thể đăng nhập vào app vì mã xác thực không gửi về điện thoại","false"
"Bị khóa tài khoản game mà không biết cách khôi phục, ai giúp với?","false"
"Tại sao mà không nhận được mã xác minh cho tài khoản ngân hàng nhỉ?","false"
"Tôi đã thử mà mã OTP cho tài khoản thanh toán không gửi về","false"
"Giúp tôi với, sao không nhận được mã xác minh cho tài khoản truyền hình cáp?","false"
"Tôi không nhận được mã OTP cho app gói dịch vụ mà đã yêu cầu","false"
"Không thể xem kênh truyền hình cáp chỉ vì không nhận được mã xác thực","false"
"Tôi cần hỗ trợ vì không nhận được hóa đơn từ tài khoản game","false"
"Tại sao tôi không nhận được mã xác thực cho ví điện tử nhỉ?","false"
"Tôi đã thử nhiều lần mà mã OTP cho app không gửi về điện thoại của tôi","false"
"Giúp tôi với, sao mà không nhận được mã xác minh cho tài khoản ngân hàng?","false"
"Tôi không thể xem được chương trình yêu thích trên truyền hình cáp vì không có mã gửi","false"
"Bị khóa tài khoản ví điện tử mà không biết phải làm sao, ai giúp với?","false"
"Tôi không nhận được mã xác thực cho app thanh toán, mong được hỗ trợ!","false"
"Tôi đã thử nhiều lần mà vẫn không nhận được mã OTP cho tài khoản ngân hàng","false"
"Giúp tôi với, sao không nhận được mã xác thực cho tài khoản game nhỉ?","false"
"Không thể vào được app xem phim vì mã xác thực không gửi về số điện thoại","false"
"Em không nhận được mã OTP vào số điện thoại để đăng nhập ví điện tử","false"
"Tại sao mình không xem được kênh truyền hình cáp hôm nay?","false"
"Anh ơi, sao em không thể vào tài khoản game của mình?","false"
"Em đã bị trừ tiền từ ví nhưng không biết lý do, anh giúp em với!","false"
"Mình cần xác minh số điện thoại để kích hoạt tài khoản trên app xem phim, nhưng không nhận được mã gì cả","false"
"Có cách nào để khôi phục tài khoản ngân hàng bị khóa không?","false"
"Tại sao hóa đơn tháng này của truyền hình cáp lại cao vậy?","false"
"Em cần hỗ trợ vì không đăng nhập được vào app gọi xe","false"
"Làm ơn kiểm tra giúp em tại sao không nhận được thông báo từ app thanh toán","false"
"Số điện thoại của em không nhận được mã xác thực khi đăng ký tài khoản mới","false"
"Em không truy cập được vào dịch vụ của app đặt đồ ăn, sao lại thế nhỉ?","false"
"Trời ơi, sao mình không thể chuyển tiền qua ví điện tử được vậy?","false"
"Hôm qua em đã xem kênh đó mà giờ tự dưng không thấy nữa, phải làm sao?","false"
"Em cần lấy lại mật khẩu tài khoản ngân hàng, giúp em nhé!","false"
"Chờ mã OTP lâu quá, không biết có vấn đề gì không?","false"
"Sao mất kết nối với app xem phim vậy? Em không xem được gì cả!","false"
"Nhờ bạn kiểm tra hộ mình sao không thanh toán được qua ví điện tử","false"
"Em đã thử gọi vào số hotline của app nhưng không thấy gì hết","false"
"Tại sao không nhận được thông báo giao dịch qua số điện thoại của em?","false"
"Đặt hàng mà không thấy xác nhận gì cả, sao bây giờ?","false"
"Em không đăng nhập được vào tài khoản nên không thể theo dõi đơn hàng","false"
"Lỗi gì mà em không thể sử dụng app thanh toán hôm nay?","false"
"Truyền hình cáp của em hôm nay bị mất kênh, phải làm sao?","false"
"Số điện thoại của mình bị khóa khi đăng nhập vào ví điện tử, không hiểu vì sao?","false"
"Không hiểu sao lại bị trừ tiền khi không sử dụng dịch vụ gì cả","false"
"Bạn có thể giúp mình kiểm tra tài khoản game bị khóa không?","false"
"Em không nhận được thông báo thanh toán qua SMS, có lỗi gì không?","false"
"Mình vừa đặt hàng mà không thấy mã xác nhận gì, phải làm sao?","false"
"Em cần kiểm tra hóa đơn tháng này của app xem phim nhưng không có thông tin","false"
"Không có mã OTP để xác minh tài khoản, giúp em với!","false"
"Sao mà không vào được ứng dụng gọi xe, có lỗi gì không nhỉ?","false"
"Em không biết tài khoản ngân hàng của mình bị gì mà không thể truy cập","false"
"Chưa nhận được mã xác thực để đăng nhập vào ví điện tử, sao lại thế nhỉ?","false"
"Theo dõi đơn hàng mà không thấy cập nhật gì từ app, phải làm sao?","false"
"Em không xem được kênh mình đã đăng ký trên truyền hình cáp, có vấn đề gì không?","false"
"Số điện thoại không nhận được mã xác thực để kích hoạt tài khoản mới","false"
"Em cần hỗ trợ vì không thể rút tiền từ ví điện tử, rất bực bội!","false"
"Đã lâu không nhận được thông báo từ app đặt đồ ăn, có lỗi gì không?","false"
"Có ai biết vì sao không xem được video trên app này không?","false"
"Em không đăng nhập vào tài khoản ngân hàng mà không rõ lý do","false"
"Mình cần xác nhận lại thông tin đơn hàng nhưng không thấy gì cả","false"
"Em không nhận được thông báo chuyển tiền qua số điện thoại, có bị lỗi không?","false"
"Có cách nào để khôi phục tài khoản game của mình không?","false"
"Truyền hình cáp của em bị mất tín hiệu, làm sao để khắc phục?","false"
"Sao chờ lâu thế mà mã OTP vẫn chưa về điện thoại?","false"
"Em bị khóa tài khoản ví điện tử và không biết làm thế nào để khôi phục","false"
"Tại sao không thấy thông tin về giao dịch trên app thanh toán vậy?","false"
"Chờ mã xác nhận lâu quá, giúp em với!","false"
"Em đang gặp vấn đề không thể thanh toán qua app gọi xe, phải làm sao?","false"
"Không truy cập được vào dịch vụ của app xem phim, rất khó chịu!","false"
"Em không biết làm thế nào để mở lại tài khoản ngân hàng của mình","false"
"Tại sao không nhận được thông báo gì khi đặt hàng qua app?","false"
"Em đã chờ mã OTP quá lâu mà không thấy gì cả, có vấn đề gì không?","false"
"Sao lại không xem được kênh yêu cầu mà mình đã đăng ký?","false"
"App không cho em đăng nhập, có ai từng gặp lỗi tương tự chưa?","false"
"Em không thấy thông tin giao dịch từ ví điện tử của mình, sao phải làm gì?","false"
"Truyền hình cáp của em không hoạt động như bình thường, có cách nào sửa không?","false"
"Không nhận mã OTP để xác minh tài khoản ngân hàng của mình","false"
"Tại sao mình không thể đăng nhập vào ví điện tử bằng số điện thoại này?","false"
"Chả hiểu sao hóa đơn truyền hình cáp lại bị tính phí thêm tháng này?","false"
"App xem phim yêu cầu xác minh số điện thoại nhưng gửi mã OTP không thành công","false"
"Mình bị khóa tài khoản trên ứng dụng gọi xe, không thể đặt được xe nào cả","false"
"Không xem được kênh truyền hình mình đã đăng ký, có ai biết lý do không?","false"
"Tại sao mình không nhận được thông báo thanh toán trên ứng dụng thương mại điện tử?","false"
"Điện thoại mình không nhận được mã xác thực từ app đặt đồ ăn, cần giúp đỡ!","false"
"Không nhận được mã OTP khi đăng nhập ứng dụng ngân hàng.","false"
"Tại sao không thể tải lên ảnh đại diện trên mạng xã hội?","false"
"Tài khoản ví điện tử bị khóa, không biết lý do.","false"
"Không xem được phim trên app, màn hình báo lỗi.","false"
"Đặt hàng qua app nhưng không thấy cập nhật trạng thái.","false"
"Tôi không thể gọi taxi qua ứng dụng, mã lỗi 404.","false"
"Chưa nhận được hóa đơn truyền hình cáp tháng này.","false"
"Phí duy trì tài khoản ngân hàng cao quá, có gói nào rẻ hơn không?","false"
"Không đăng nhập được vào tài khoản game, ai giúp với!","false"
"Mã OTP của ví điện tử gửi tới không chính xác.","false"
"Xem lại sao kê ngân hàng không thấy khoản tiền đã nạp.","false"
"Sao không đặt được món trên app đặt đồ ăn nhỉ?","false"
"Phim trên nền tảng xem phim bị lag, không xem nổi.","false"
"Tôi muốn chuyển tiền qua app nhưng bị lỗi mạng.","false"
"Tài khoản ví bị trừ tiền mà không có thông báo.","false"
"Không nhận được thông báo khuyến mãi từ ứng dụng thương mại điện tử.","false"
"Làm thế nào để khôi phục mật khẩu tài khoản game?","false"
"Tôi không thể kết nối với máy in từ điện thoại.","false"
"Tại sao không thể tải xuống ứng dụng này từ cửa hàng?","false"
"Cảm thấy hơi khó chịu khi mỗi lần đăng nhập ngân hàng đều phải OTP.","false"
"Gói dịch vụ truyền hình internet tháng này có gì mới không?","false"
"Không nhận được email xác nhận từ ứng dụng thanh toán.","false"
"Sao không mở được ví điện tử trên điện thoại?","false"
"Hóa đơn truyền hình bị sai thông tin, cần chỉnh sửa.","false"
"Đang xem phim mà bị giật liên tục, không hiểu lý do.","false"
"Sao không thể thêm địa chỉ giao hàng trên app nhỉ?","false"
"Lỗi không thể thanh toán qua ví điện tử, cần hỗ trợ gấp.","false"
"Không tìm thấy sản phẩm muốn mua trên trang thương mại điện tử.","false"
"Có ai biết cách hủy gói dịch vụ truyền hình không?","false"
"Không tìm thấy bạn bè trên mạng xã hội, có ai biết cách giải quyết không?","false"
"Sao không thể đăng nhập vào tài khoản học trực tuyến của tôi?","false"
"Không gửi được tin nhắn trong ứng dụng chat, bị lỗi gì nhỉ?","false"
"Ứng dụng gọi xe không xác định được vị trí hiện tại của tôi.","false"
"Không tìm thấy hồ sơ cá nhân trên trang web việc làm.","false"
"Sao không thể cập nhật thông tin tài khoản ngân hàng qua app?","false"
"Làm thế nào để đổi mật khẩu cho tài khoản email của tôi?","false"
"Không thể đặt vé xem phim qua ứng dụng, ai giúp được không?","false"
"Tôi đã thanh toán hóa đơn điện nước qua app nhưng chưa thấy cập nhật.","false"
"Sao không nhận được thông báo từ app trò chơi?","false"
"Không thể tải lên ảnh trên mạng xã hội, có cách nào khắc phục không?","false"
"Ứng dụng nghe nhạc không phát được bài hát, cần hỗ trợ.","false"
"Không thêm được thẻ tín dụng vào ví điện tử, bị lỗi gì nhỉ?","false"
"Tôi muốn hủy đơn hàng trên app nhưng không thấy nút hủy đâu.","false"
"Phim tải lên bị mờ, không xem rõ nội dung.","false"
"Sao không thể đăng ký khóa học online qua điện thoại?","false"
"Không nhận được thông báo từ ứng dụng nhắc lịch làm việc.","false"
"Không vào được tài khoản ngân hàng, app báo lỗi 503.","false"
"Không hiểu sao ví điện tử lại bị trừ tiền bất thường.","false"
"Sao không nhắn tin được với bạn trên app chat nhỉ?","false"
"Chưa nhận được mã giảm giá sau khi đăng ký trên trang thương mại điện tử.","false"
"Làm thế nào để tắt thông báo từ ứng dụng xem phim?","false"
"Tôi không thêm được thẻ ngân hàng vào ví điện tử, có cách nào không?","false"
"Không thể đổi mật khẩu tài khoản ngân hàng qua app, cần giúp đỡ.","false"
"Tại sao không xem được lịch sử giao dịch trên ứng dụng thanh toán?","false"
"Không tìm được thông tin đơn hàng trên app thương mại điện tử.","false"
"Tài khoản bị khóa do nhập sai mật khẩu nhiều lần, giúp tôi mở lại.","false"
"Làm thế nào để xóa tài khoản trò chơi trên điện thoại?","false"
"Sao không thể tải video lên mạng xã hội nhỉ?","false"
"Không thể nhận thông báo từ ứng dụng học tập, cần khắc phục.","false"
"App đặt đồ ăn không lưu được địa chỉ giao hàng mới.","false"
"Không thể kết nối với máy tính từ điện thoại qua app điều khiển từ xa.","false"
"Hóa đơn nước tháng này bị sai, cần chỉnh sửa.","false"
"Không nhận được thông báo từ ứng dụng thanh toán khi có giao dịch mới.","false"
"Tôi không thể thêm bạn vào nhóm chat trên app, có ai giúp được không?","false"
"Làm sao để thêm thẻ ngân hàng vào ví điện tử khi bị lỗi?","false"
"Sao không thể đăng ký tài khoản trên ứng dụng học trực tuyến?","false"
"Không xem được lịch sử phát nhạc trên ứng dụng nghe nhạc.","false"
"Không thể mở thông báo từ app nhắc lịch công việc, bị lỗi gì nhỉ?","false"
"Sao không thể tải xuống tài liệu từ mạng xã hội?","false"
"Không thể xem được video trên nền tảng xem phim trực tuyến, có cách nào khắc phục không?","false"
"App gọi xe không nhận diện được địa chỉ hiện tại của tôi.","false"
"Sao không thể chụp ảnh từ app camera?","false"
"Không tìm được mục yêu thích trên ứng dụng mua sắm.","false"
"Không nhận được thông báo từ ứng dụng quản lý tài chính, cần hỗ trợ.","false"
"Sao không thể đóng gói dịch vụ truyền hình cáp?","false"
"Tại sao không thể đổi email trên tài khoản mạng xã hội?","false"
"Không hoàn thành được đơn hàng trên ứng dụng thương mại điện tử, cần giúp đỡ.","false"
"Không thể xem được chi tiết hóa đơn tiền điện trên app.","false"
"Không nhận được thông báo từ ứng dụng nhắn tin, có cách nào khắc phục không?","false"
"Sao không thể tải ứng dụng học ngoại ngữ về điện thoại?","false"
"Không thấy thông báo từ app nhắc lịch làm việc, cần khắc phục.","false"
"Làm thế nào để đổi số điện thoại cho tài khoản ngân hàng qua app?","false"
"Không thể tải lên bài viết mới trên mạng xã hội.","false"
"Sao không thể đăng ký dịch vụ xem phim trên điện thoại?","false"
"Không nhận được mã OTP khi đặt hàng trên app thương mại điện tử.","false"
"App nghe nhạc không phát được khi không có wifi, phải làm sao?","false"
"Sao không thể tạo nhóm trên ứng dụng mạng xã hội?","false"
"Làm thế nào để hủy đơn hàng trên app đặt đồ ăn?","false"
"Không thể nhận thông báo từ app quản lý công việc.","false"
"Sao không thể cập nhật địa chỉ giao hàng trên ứng dụng thương mại điện tử?","false"
"Không xem được tin nhắn trên ứng dụng chat, ai biết cách khắc phục không?","false"
"Làm thế nào để đổi mật khẩu tài khoản ngân hàng qua điện thoại?","false"
"Không thể đặt vé xem phim qua app, cần hỗ trợ.","false"
"Sao không tải được nhạc từ app nghe nhạc?","false"
"Không nhận được thông báo từ app quản lý tài chính, có cách nào không?","false"
"Tôi không thể thêm bạn mới vào danh bạ trên mạng xã hội, bị lỗi gì vậy?","false"
"Làm sao để khôi phục mật khẩu ví điện tử khi bị quên?","false"
"Không thể đăng nhập vào ứng dụng học trực tuyến, cần giúp đỡ.","false"
"Không xem được chi tiết hóa đơn truyền hình cáp trên app, bị lỗi gì nhỉ?","false"
"Sao không thể tạo tài khoản mới trên ứng dụng thanh toán nhỉ?","false"
"Không tìm thấy thông báo khuyến mãi từ ứng dụng mua sắm.","false"
"Không nhận được thông báo từ app nghe nhạc khi có bài hát mới.","false"
"Sao không thể cài đặt ứng dụng này trên điện thoại của tôi?","false"
"Không thể thêm thẻ ngân hàng vào tài khoản ví, có cách nào khắc phục không?","false"
"Làm thế nào để liên kết tài khoản ngân hàng với ví điện tử?","false"
"Không thể hủy đăng ký dịch vụ truyền hình qua app, cần hỗ trợ.","false"
"Tôi không thể đăng ký nhận thông báo từ ứng dụng quản lý công việc, ai biết cách không?","false"
"Không nhận được mã xác nhận từ ứng dụng học trực tuyến.","false"
"Sao không thể tải video lên app mạng xã hội nhỉ?","false"
"Không thể xem được lịch sử giao dịch qua ứng dụng ngân hàng, có cách nào không?","false"
"Làm sao để thay đổi gói dịch vụ truyền hình cáp?","false"
"Không nhận thông báo từ app nhắn tin khi bạn gửi tin nhắn, cần giúp đỡ.","false"
"Sao không thể xem được nội dung bài viết trên app mạng xã hội?","false"
"Không thể đăng nhập vào tài khoản thanh toán qua app, cần hỗ trợ gấp.","false"
"Không xem được phim trên nền tảng trực tuyến do lỗi kết nối.","false"
"Không thể tìm thấy thông tin đơn hàng trên app mua sắm, bị lỗi gì vậy?","false"
"Sao không thể cập nhật thông tin thẻ tín dụng trên ứng dụng thanh toán nhỉ?","false"
"Không nhận được thông báo từ ứng dụng học tập, cần hỗ trợ khẩn.","false"
"Không thể thay đổi số điện thoại trên tài khoản game, có cách nào khắc phục không?","false"
"Sao không thể đặt phòng khách sạn qua ứng dụng du lịch?","false"
"Không thể tải ứng dụng mới từ cửa hàng ứng dụng, cần giúp đỡ.","false"
"Không xem được chi tiết hóa đơn tiền nước trên app, bị lỗi gì nhỉ?","false"
"Sao không thể đăng ký nhận thông báo từ app nhắn tin?","false"
"Làm thế nào để thay đổi gói dịch vụ truyền hình internet?","false"
"Không nhận được mã khuyến mãi từ ứng dụng thương mại điện tử.","false"
"Tôi không thể hủy đơn hàng trên app đặt đồ ăn, ai giúp được không?","false"
"Không thể tải lên ảnh đại diện trên mạng xã hội, có cách nào khắc phục không?","false"
"Sao không thể đăng ký nhận thông báo từ app quản lý tài chính?","false"
"Không nhận được hóa đơn tiền điện qua email từ app.","false"
"Làm thế nào để khôi phục tài khoản email đã bị khóa?","false"
"Không thể tải về bản cập nhật mới cho ứng dụng nghe nhạc.","false"
"Sao không thể thêm bạn vào nhóm chat trên app nhắn tin nhỉ?","false"
"Không xem được lịch sử phát nhạc trên ứng dụng, ai biết cách giải quyết không?","false"
"Tôi không thanh toán được qua ví điện tử, cần hỗ trợ gấp.","false"
"Không nhận được mã OTP để xác minh tài khoản app học trực tuyến.","false"
"Sao không thể tải lại danh sách phát trên ứng dụng nghe nhạc nhỉ?","false"
"Không thể xem được thông tin tài khoản ngân hàng trên app, cần giúp đỡ.","false"
"Làm sao để thêm địa chỉ giao hàng mới trên ứng dụng mua sắm?","false"
"Không nhận được thông báo từ ứng dụng nhắc lịch công việc, cần khắc phục.","false"
"Sao không thể đăng ký dịch vụ xem phim trực tuyến qua điện thoại nhỉ?","false"
"Không thể tìm thấy sản phẩm yêu thích trên app thương mại điện tử.","false"
"Làm thế nào để cập nhật thông tin tài khoản ngân hàng trên ứng dụng?","false"
"Không nhận được thông báo từ app trò chơi khi có sự kiện mới.","false"
"Sao không thể gọi video trên ứng dụng chat nhỉ?","false"
"Không thể xem được hóa đơn tiền truyền hình cáp trên ứng dụng.","false"
"Làm sao để hủy đăng ký nhận thông báo từ app nhắn tin?","false"
"Không nhận được mã xác thực từ ứng dụng học trực tuyến, cần hỗ trợ.","false"
"Sao không thể tải xuống video từ app mạng xã hội nhỉ?","false"
"Không thể xem được chi tiết hóa đơn tiền nước trên app, cần giúp đỡ.","false"
"Làm thế nào để liên kết tài khoản ví điện tử với ngân hàng?","false"
"Không nhận được thông báo từ ứng dụng quản lý công việc, cần khắc phục.","false"
"Sao không thể cài đặt ứng dụng mới trên điện thoại của tôi?","false"
"Không nhận được mã OTP để đăng nhập vào tài khoản ngân hàng của tôi","false"
"Tại sao tôi không thể xem được kênh truyền hình cáp mà mình đã đăng ký?","false"
"Giúp tôi với, tôi bị trừ tiền trong ví điện tử mà không biết lý do!","false"
"App gọi xe yêu cầu xác minh số điện thoại nhưng không gửi mã xác thực cho tôi!","false"
"Tôi quên mật khẩu tài khoản game và cần hỗ trợ lấy lại, có cần mã OTP không?","false"
"Không thể đăng nhập vào tài khoản mạng xã hội, mã OTP không về số điện thoại của tôi.","false"
"Làm thế nào để kiểm tra hóa đơn của dịch vụ truyền hình internet?","false"
"Tôi đã thanh toán nhưng vẫn không thấy tiền về ví điện tử, ai giúp tôi với?","false"
"Ứng dụng đặt đồ ăn của tôi không hoạt động, tôi đã thử đăng nhập lại nhưng không nhận được mã xác thực!","false"
"Kiểm tra giúp tôi xem tại sao tài khoản ngân hàng của tôi lại bị khóa?","false"
"Mình cần mã OTP để xác thực giao dịch trên App thanh toán mà không nhận được!","false"
"Có ai biết tại sao hóa đơn truyền hình cáp của tôi lại cao hơn mọi tháng không?","false"
"Tôi không thể truy cập vào phim đã mua trên nền tảng trực tuyến, cần hỗ trợ gấp!","false"
"Nghe nói có dịch vụ nào mới cho phép chuyển tiền qua số điện thoại, ai biết không?","false"
"Mình đã nhập đúng số điện thoại nhưng không thấy mã xác minh gửi về tài khoản game của mình.","false"
"Tôi cần hỗ trợ về việc không thể thanh toán qua ví điện tử, ai biết cách giúp không?","false"
"Sao tôi phải nhập mã OTP mỗi lần đăng nhập vào app mua sắm này vậy?","false"
"Hóa đơn tháng này của dịch vụ truyền hình internet không giống như tháng trước, có ai gặp không?","false"
"App xem phim này yêu cầu số điện thoại nhưng mã OTP không đến tay tôi.","false"
"Tôi không tải được app ngân hàng trên điện thoại, có ai biết lý do không?","false"
"Chuyển tiền qua ví điện tử thì mất bao lâu để nhận được tiền?","false"
"Làm thế nào để kiểm tra lịch sử giao dịch trên app thanh toán mà tôi chưa thấy?","false"
"Giúp tôi với, tôi không thể kết nối với dịch vụ gọi xe, có ai biết cách khắc phục không?","false"
"Wow, tôi không biết là có dịch vụ cáp quang nào mới không nhỉ?","false"
"Khi nào thì tôi nhận được hóa đơn thanh toán cho dịch vụ truyền hình cáp của mình?","false"
"Sao tôi không nhận được mã OTP để xác minh tài khoản ngân hàng nhỉ?","false"
"Giúp tôi kiểm tra xem có lỗi gì với ví điện tử của tôi không?","false"
"Tại sao app gọi xe của tôi lại yêu cầu xác minh số điện thoại mà không gửi mã xác thực?","false"
"Có ai có kinh nghiệm về dịch vụ mua sắm online không? Họ có hay yêu cầu OTP không?","false"
"Mình đã thanh toán mà sao vẫn chưa thấy tiền về tài khoản game nhỉ?","false"
"Tôi quên mật khẩu tài khoản trên app thanh toán, họ có gửi mã xác thực qua số điện thoại không?","false"
"Hóa đơn tháng này của dịch vụ truyền hình cáp sao lại cao bất thường vậy?","false"
"Không nhận được OTP trên số điện thoại để xác minh tài khoản ngân hàng, ai biết cách giúp không?","false"
"Tôi đã nhập đúng số điện thoại mà mã xác thực vẫn không gửi cho tôi, có gì sai không?","false"
"Ứng dụng xem phim yêu cầu số điện thoại để đăng nhập nhưng lại không gửi mã xác thực.","false"
"Tại sao tôi không thể xem được các kênh truyền hình mà mình đã trả phí?","false"
"Tôi muốn kiểm tra tình trạng giao dịch thanh toán nhưng không thấy mã xác thực gửi về số điện thoại.","false"
"Có ai biết cách khôi phục tài khoản ví điện tử không? Tôi cần mã OTP để xác minh!","false"
"Mình đã thanh toán dịch vụ mua sắm nhưng sao không thấy tiền về tài khoản?","false"
"App gọi xe yêu cầu số điện thoại của tôi nhưng mã OTP không được gửi đến, phải làm sao?","false"
"Truyền hình internet của tôi sao không xem được, ai biết cách xử lý không?","false"
"Có ai biết tại sao tôi không nhận được mã xác minh cho tài khoản ngân hàng không?","false"
"Tài khoản game của tôi bị khóa, có cách nào để lấy lại không?","false"
"Nhập mã OTP để đăng nhập vào ví điện tử nhưng không thấy tin nhắn đâu nữa.","false"
"Gọi điện thoại cho dịch vụ khách hàng mà không nhận được phản hồi, mình cần hỗ trợ gấp!","false"
"Sao hóa đơn tháng này lại cao hơn những tháng trước? Có ai biết không?","false"
"Tôi không thể vào tài khoản thanh toán trực tuyến của mình, có ai biết nguyên nhân không?","false"
"Ứng dụng thanh toán yêu cầu xác minh nhưng mã OTP không gửi về số điện thoại của tôi!","false"
"Mình không thể sử dụng dịch vụ xem phim, có ai biết cách cấu hình không?","false"
"Hoa don dich vu truyen hinh cap cua toi thang nay cao qua, co ai giai thich duoc khong?","false"
"App ngân hàng yêu cầu số điện thoại nhưng không gửi mã OTP về cho tôi, phải làm sao?","false"
"Tôi đã thanh toán nhưng sao không nhận được tiền về ví điện tử?","false"
"Truyền hình internet của tôi bị lỗi, không xem được kênh nào cả, ai có kinh nghiệm không?","false"
"Không nhận được mã OTP để xác minh tài khoản game, phải làm sao bây giờ?","false"
"Có ai biết cách để khắc phục lỗi không xem được kênh truyền hình cáp không?","false"
"Mọi người có biết dịch vụ nào hay để chuyển tiền dễ dàng qua số điện thoại không?","false"
"Tôi đã thử đăng nhập vào app ngân hàng nhưng không có mã xác minh gửi về số điện thoại.","false"
"Tài khoản ví điện tử của tôi bị khóa, ai biết làm sao để khôi phục không?","false"
"Chạy một số lỗi với app xem phim, không biết có ai gặp trường hợp tương tự không?","false"
"Tôi cần hỗ trợ về việc không nhận được mã xác thực từ app thanh toán, có ai giúp không?","false"
"Mình không đăng nhập vào tài khoản ngân hàng được, mã OTP không gửi về số điện thoại.","false"
"Không nhận được mã xác minh để mua hàng trực tuyến, phải làm sao bây giờ?","false"
"Tôi đã nhập đúng số điện thoại nhưng vẫn không thấy mã OTP gửi về, giúp tôi với!","false"
"Truyền hình cáp của tôi không hoạt động, có ai biết cách xử lý không?","false"
"App đặt đồ ăn không gửi được mã xác thực, giờ tôi không đặt được món nào cả!","false"
"Tại sao tôi không thể kiểm tra được hóa đơn thanh toán trên tài khoản ngân hàng của mình?","false"
"Ứng dụng xem phim yêu cầu tôi nhập số điện thoại nhưng không gửi mã xác minh, phải làm sao?","false"
"Mình đã thử lại mà vẫn không thấy mã OTP gửi cho tài khoản game, ai giúp không?","false"
"Hóa đơn truyền hình cáp của tôi sao lại không giống như tháng trước nhỉ?","false"
"Ngân hàng của tôi không gửi mã xác minh cho tôi, giờ không biết làm sao để đăng nhập!","false"
"Tôi đã thử nhiều lần mà vẫn không nhận được mã OTP để xác thực tài khoản thanh toán.","false"
"Ứng dụng tặng quà yêu cầu số điện thoại nhưng không gửi mã xác thực, giúp tôi với!","false"
"Tại sao tài khoản của tôi lại bị khóa khi đăng nhập vào app thanh toán?","false"
"Kiểm tra hóa đơn truyền hình cáp của tôi mà sao nó không giống như thông tin trước đó?","false"
"Tôi cần mã OTP để xác minh tài khoản nhưng không thấy tin nhắn đâu nữa.","false"
"Không biết tại sao mình không thể thanh toán bằng ví điện tử khi nhập số điện thoại đúng nhỉ?","false"
"Có ai đã gặp lỗi không thể xem phim trên app không? Tôi cần giúp đỡ!","false"
"Đã thử đăng nhập vào tài khoản game nhưng không nhận được mã xác thực, có ai biết không?","false"
"Tôi không thể xem được các chương trình yêu thích trên truyền hình cáp, ai biết lý do không?","false"
"Giúp tôi tìm hiểu về dịch vụ thanh toán qua số điện thoại, có phức tạp không?","false"
"App thanh toán yêu cầu mã OTP nhưng không thấy gửi đến điện thoại, có ai biết cách giải quyết không?","false"
"Không thể kiểm tra hóa đơn tháng này cho dịch vụ truyền hình của tôi, có ai biết lý do không?","false"
"Tôi cần hỗ trợ khôi phục tài khoản ví điện tử, phải làm sao để nhận mã xác thực?","false"
"Không nhận được mã xác minh cho app gọi xe, giờ tôi không thể đặt xe được!","false"
"Tại sao hóa đơn tháng này lại cao hơn tháng trước cho dịch vụ truyền hình cáp?","false"
"Nhập mã OTP để đăng nhập tài khoản ngân hàng nhưng không có tin nhắn gửi về.","false"
"Tôi đã thanh toán mà vẫn không thấy tiền về tài khoản game của mình, ai biết lý do không?","false"
"App xem phim yêu cầu mã xác thực qua số điện thoại nhưng không gửi về, phải làm sao?","false"
"Tôi chưa bao giờ nhận được mã OTP từ ngân hàng khi đăng nhập, có cách nào khắc phục không?","false"
"Mọi người có biết cách kiểm tra giao dịch trên app thanh toán không?","false"
"Truyền hình cáp của tôi không hoạt động, có ai biết cách sửa chữa không?","false"
"Làm ơn giúp tôi với, tôi không nhận được mã xác thực cho tài khoản game!","false"
"Có ai gặp vấn đề tương tự khi không nhận được mã OTP từ app ngân hàng không?","false"
"Hóa đơn của dịch vụ truyền hình cáp sao lại không giống như kỳ vọng của tôi?","false"
"Mình đã nhập đúng số điện thoại nhưng vẫn không thấy mã xác minh gửi về!","false"
"Tôi không thể thanh toán trên app ví điện tử, có ai biết cách khắc phục không?","false"
"App xem phim yêu cầu số điện thoại xác minh nhưng mã OTP không đến, ai giúp tôi với?","false"
"Tại sao tôi không thể xem các kênh yêu thích trên truyền hình cáp?","false"
"Tôi cần lấy lại mật khẩu tài khoản ngân hàng nhưng không nhận được mã xác thực qua số điện thoại!","false"
"Không nhận được mã OTP để xác minh tài khoản ví điện tử, giúp tôi với!","false"
"Tại sao tôi không thể tải lại app gọi xe trên điện thoại của mình?","false"
"Có ai biết tại sao hóa đơn tháng này lại cao hơn mọi tháng không?","false"
"Tôi đã thử lại mà vẫn không thấy mã xác thực gửi đến tài khoản game của tôi, phải làm sao?","false"
"App thanh toán yêu cầu số điện thoại nhưng mã xác minh không gửi cho tôi, làm sao giờ?","false"
"Em không nhận được mã OTP cho tài khoản ngân hàng của mình","false"
"Tại sao mình không thể đăng nhập vào ví điện tử, có cần xác minh số điện thoại không?","false"
"Chờ mã xác thực mà chưa thấy gửi về số điện thoại, giúp mình với!","false"
"Hóa đơn truyền hình cáp tháng này không đúng, mình muốn kiểm tra lại!","false"
"Mở app xem phim mà cứ yêu cầu nhập số điện thoại, sao khó quá vậy?","false"
"Thế nào để kiểm tra gói kênh truyền hình mình đang sử dụng?","false"
"Mình bị khóa tài khoản game, có thể dùng số điện thoại để khôi phục không?","false"
"Tại sao mình không xem được kênh mình đã đăng ký trên truyền hình internet?","false"
"Không nhận được thông báo từ ứng dụng gọi xe, có ai gặp lỗi này không?","false"
"Số điện thoại mình dùng để nạp tiền cho app thanh toán, bị lỗi gì vậy?","false"
"Em không nhận được mã xác minh trên số điện thoại cho app đặt đồ ăn!","false"
"Tháng này phí dịch vụ truyền hình cáp cao quá, mình cần giải thích!","false"
"Có cách nào để đổi số điện thoại trong tài khoản thương mại điện tử không?","false"
"Mình không thể đăng nhập vào ví điện tử vì mã OTP không về!","false"
"App xem phim yêu cầu xác thực số điện thoại mà không nhận được mã!","false"
"Mình đang chờ mã xác nhận cho tài khoản ngân hàng mà mã không về!","false"
"Có cách nào để kiểm tra hóa đơn khoản phí dịch vụ truyền hình không?","false"
"Tại sao tài khoản game của mình bị khóa mà không có thông báo gì?","false"
"Giúp mình kiểm tra lại lý do không nhận được mã OTP cho ví điện tử!","false"
"Không xem được kênh trên truyền hình cáp, làm ơn hỗ trợ mình!","false"
"Mình muốn đổi số điện thoại liên kết với tài khoản trên app đặt đồ ăn.","false"
"Bị trừ tiền trong tài khoản ví điện tử mà không biết lý do, hỗ trợ mình với!","false"
"Không đăng nhập được vào app gọi xe, số điện thoại có vấn đề gì không?","false"
"Đã nạp tiền vào tài khoản game nhưng không thấy cộng, kiểm tra giúp mình!","false"
"Mình không nhận được mã xác thực cho app ngân hàng, có ai gặp không?","false"
"Quá trình xác minh cho dịch vụ truyền hình cáp chậm quá, có vấn đề gì không?","false"
"Mình muốn biết cách lấy lại tài khoản ví điện tử, số điện thoại đã bị khóa!","false"
"Chờ mã xác thực gửi về số điện thoại mà chưa thấy, làm ơn giúp mình!","false"
"Phí dịch vụ tháng này cho truyền hình internet quá cao, kiểm tra giúp mình!","false"
"Tài khoản game của mình bị khóa, không biết có phải do số điện thoại không?","false"
"Em không nhận được mã OTP cho app thanh toán, hỗ trợ mình với!","false"
"Số điện thoại mình dùng để đăng ký tài khoản truyền hình cáp có vấn đề gì không?","false"
"Mình không xem được kênh trên ứng dụng truyền hình internet, đã kiểm tra mạng rồi!","false"
"Phí dịch vụ truyền hình cáp tháng này tăng cao quá, lý do là gì?","false"
"Số điện thoại để xác minh tài khoản game không nhận được mã, giúp mình với!","false"
"App ví điện tử yêu cầu xác minh số điện thoại, mã OTP không về!","false"
"Giúp mình kiểm tra tại sao không xem được kênh trên truyền hình cáp!","false"
"Tại sao tài khoản ngân hàng của mình bị khóa khi dùng số điện thoại cũ?","false"
"Em không thể đăng nhập vào app gọi xe, có phải do số điện thoại không?","false"
"Mình đang chờ mã xác thực cho tài khoản ví điện tử mà chưa thấy đâu!","false"
"Tháng này hóa đơn truyền hình cáp quá cao, có ai biết lý do không?","false"
"Mình muốn lấy lại tài khoản ngân hàng nhưng số điện thoại không nhận mã OTP!","false"
"Giúp mình với, mình đang chờ mã xác minh từ app đặt đồ ăn mà chưa nhận được!","false"
"Số điện thoại mình dùng để đặt vé xem phim không nhận được mã xác thực!","false"
"Xin cách kiểm tra phí dịch vụ truyền hình cáp mà mình đã đăng ký!","false"
"Đã nạp tiền vào tài khoản ví điện tử mà không thấy cộng, giúp mình kiểm tra!","false"
"App xem phim yêu cầu xác minh số điện thoại, nhưng mã không gửi về!","false"
"Giúp mình kiểm tra gói kênh trên truyền hình cáp, mình không xem được kênh nào cả!","false"
"Số điện thoại dùng để nhận mã OTP cho app ngân hàng không thấy gì!","false"
"Tại sao đăng nhập vào ví điện tử không gửi mã xác thực lên số điện thoại?","false"
"Mình đang đợi mã xác nhận cho app gọi xe mà sao lâu quá vậy?","false"
"Phí tháng này cho dịch vụ truyền hình cáp không giống như hợp đồng, lý do là gì?","false"
"Không nhận được mã OTP cho tài khoản game, hỗ trợ mình với!","false"
"Em không xem được kênh trên truyền hình internet, đã kiểm tra đủ thứ rồi!","false"
"Mình không nhận được mã xác thực cho ví điện tử, sao lâu quá vậy?","false"
"Tại sao không thể đăng nhập vào tài khoản ngân hàng với số điện thoại này?","false"
"Bị trừ tiền trong tài khoản app thanh toán mà không biết lý do, ai giúp mình với!","false"
"Giúp mình lấy lại tài khoản ví điện tử, mà số điện thoại không nhận được mã xác thực!","false"
"Em chờ mã xác thực cho app xem phim mà chưa thấy, có vấn đề gì không?","false"
"Phí dịch vụ truyền hình cáp tháng này không giống như lần trước, kiểm tra giúp mình!","false"
"Tại sao tài khoản game của mình bị khóa khi dùng số điện thoại này vậy?","false"
"Mình đã chờ mã OTP cho app đặt đồ ăn nhưng chưa thấy gửi về!","false"
"Giúp mình với, mình không nhận được mã xác thực cho tài khoản ngân hàng của mình!","false"
"Đã nạp tiền vào ví điện tử mà không thấy trong tài khoản, ai giúp mình với!","false"
"Số điện thoại dùng để xác minh tài khoản truyền hình cáp không nhận được mã!","false"
"Tại sao tài khoản ngân hàng của mình không đăng nhập được với số điện thoại này?","false"
"Số điện thoại mình đăng ký không nhận được mã xác minh cho app gọi xe, hỗ trợ mình với!","false"
"Chờ mã xác thực cho app xem phim mà sao mã không gửi về vậy?","false"
"Mình không thể kiểm tra lại tài khoản ví điện tử bị khóa, có cần số điện thoại không?","false"
"Phí dịch vụ tháng này cho truyền hình cáp quá cao, không biết lý do là gì?","false"
"Mình chờ mã OTP cho tài khoản game mà chưa thấy gửi về số điện thoại này!","false"
"Giúp mình với, mình không nhận được mã xác minh cho app thanh toán!","false"
"Số điện thoại mình dùng để đăng ký tài khoản truyền hình cáp không nhận được mã xác thực!","false"
"Em không nhận được mã OTP cho tài khoản ngân hàng, sao lại như vậy?","false"
"Tại sao không thể đăng nhập tài khoản ví điện tử, có phải do số điện thoại không?","false"
"Số điện thoại của mình để xác minh tài khoản đặt đồ ăn không nhận được mã!","false"
"Mình không xem được kênh nào trên truyền hình internet, đã kiểm tra đủ thứ rồi!","false"
"Phí tháng này cho dịch vụ truyền hình cáp không giống như lần trước, lý do là gì?","false"
"Giúp mình với, mình đang chờ mã xác thực cho app đặt đồ ăn mà chưa nhận được!","false"
"Số điện thoại dùng để nhận mã OTP cho tài khoản ngân hàng không thấy gì!","false"
"Tại sao không thể đăng nhập vào ví điện tử với số điện thoại này?","false"
"Chờ mã xác thực cho app gọi xe mà sao lâu quá vậy?","false"
"Phí dịch vụ tháng này cho truyền hình cáp không giống như hợp đồng, lý do là gì?","false"
"Tại sao tài khoản game của mình bị khóa khi dùng số điện thoại này vậy?","false"
"Mình đã chờ mã OTP cho app thanh toán nhưng chưa thấy gửi về!","false"
"Giúp mình lấy lại tài khoản ví điện tử, mà số điện thoại không nhận được mã xác thực!","false"
"Em chờ mã xác thực cho app xem phim mà chưa thấy, có vấn đề gì không?","false"
"Số điện thoại dùng để xác minh tài khoản truyền hình cáp không nhận được mã!","false"
"Tại sao tài khoản ngân hàng của mình không đăng nhập được với số điện thoại này?","false"
"Số điện thoại mình đăng ký không nhận được mã xác minh cho app gọi xe, hỗ trợ mình với!","false"
"Chờ mã xác thực cho app xem phim mà sao mã không gửi về vậy?","false"
"Mình không thể kiểm tra lại tài khoản ví điện tử bị khóa, có cần số điện thoại không?","false"
"Phí dịch vụ tháng này cho truyền hình cáp quá cao, không biết lý do là gì?","false"
"Mình chờ mã OTP cho tài khoản game mà chưa thấy gửi về số điện thoại này!","false"
"Giúp mình với, mình không nhận được mã xác minh cho app thanh toán!","false"
"Số điện thoại mình dùng để đăng ký tài khoản truyền hình cáp không nhận được mã xác thực!","false"
"Cho tôi hỏi sao tôi không nhận được mã OTP để xác minh tài khoản ngân hàng?","false"
"Tôi đã bị trừ tiền trong ví điện tử nhưng không thấy giao dịch nào. Ai có thể giúp tôi?","false"
"Làm ơn cho tôi biết tại sao tôi không xem được kênh yêu thích trên truyền hình cáp?","false"
"Tôi không thể đăng nhập vào ứng dụng gọi xe, có cần xác nhận số điện thoại không?","false"
"Chẳng nhẽ tôi phải nạp tiền vào tài khoản xem phim mới có thể xem được?","false"
"Mã xác minh gửi về số điện thoại không nhận được, bây giờ tôi phải làm sao?","false"
"Tại sao tài khoản game của tôi bị khóa, tôi không nhận được thông báo gì?","false"
"Tôi cần hỗ trợ vì không vào được tài khoản ngân hàng qua điện thoại, có ai biết không?","false"
"Đã hơn 10 phút rồi mà không thấy tiền về ví điện tử, sao vậy nhỉ?","false"
"Tôi muốn hỏi về phí sử dụng app đặt đồ ăn, có ai biết không?","false"
"Trời ơi, sao mà khó đăng nhập vào tài khoản thương mại điện tử quá vậy!","false"
"Đã gửi mã OTP nhưng không thấy gì, làm ơn giúp tôi với!","false"
"Tôi không xem được video trên app xem phim, có phải do không nhận mã xác thực không?","false"
"Tại sao tôi không nhận được thông báo khi có giao dịch mới trong ví điện tử?","false"
"Chắc phải kiểm tra số điện thoại đăng ký tài khoản ngân hàng thôi.","false"
"Sao tôi không thể truy cập vào tài khoản thanh toán của mình?","false"
"Hôm nay tôi bị mất kết nối với app gọi xe, có ai gặp chuyện như vậy không?","false"
"Tôi muốn hủy gói kênh truyền hình cáp nhưng không biết phải làm thế nào?","false"
"Giờ tôi không thể xem được bất kỳ kênh nào trên truyền hình cáp cả!","false"
"Phí dịch vụ app mua sắm trên điện thoại sao mà cao thế không biết?","false"
"Vì sao tôi không nhận được mã xác nhận cho ứng dụng thanh toán?","false"
"Không nhận được thông báo nào từ ứng dụng game, tôi phải làm gì đây?","false"
"Tôi đã chờ mã OTP từ sáng mà vẫn chưa thấy, có ai biết vấn đề gì không?","false"
"Sao tôi không xem được những bộ phim yêu thích trên app?","false"
"Tôi cần mã xác minh để đăng nhập vào tài khoản ví điện tử, ai giúp tôi với?","false"
"Tôi có thể lấy lại mật khẩu tài khoản ngân hàng qua số điện thoại không?","false"
"Số điện thoại của tôi có bị khóa tài khoản game không nhỉ?","false"
"Có ai biết lỗi gì với tài khoản thanh toán không? Tôi không đăng nhập được!","false"
"Mã OTP không đến, tôi không thể chuyển tiền qua ví điện tử!","false"
"Bị lỗi không đăng nhập vào app mua sắm, có cần mã xác thực không?","false"
"Trời ơi, sao tôi không nhận được tin nhắn từ app đặt đồ ăn vậy?","false"
"Tôi đã kiểm tra số điên thoại mà vẫn không vào được ngân hàng trực tuyến!","false"
"Có cách nào khôi phục tài khoản game bị khóa không vậy?","false"
"Sao mà không vào được ứng dụng truyền hình cáp nhỉ?","false"
"Tôi không thấy sao mình bị trừ tiền cho dịch vụ mà mình không dùng!","false"
"App gọi xe của tôi không nhận mã xác thực, ai giúp tôi với?","false"
"Tôi cần hỗ trợ vì không thể đăng nhập vào tài khoản thương mại điện tử!","false"
"Tôi đã thử nhiều lần mà vẫn không nhận được mã OTP cho app ngân hàng!","false"
"Không hiểu sao tài khoản ví điện tử của tôi bị khóa, làm ơn giúp tôi!","false"
"Bây giờ không xem được bất kỳ kênh nào trên truyền hình cáp của tôi cả!","false"
"Có ai biết tại sao tôi không nhận được thông báo từ app thanh toán không?","false"
"Tôi phải làm gì khi không nhận được mã xác thực cho tài khoản game?","false"
"Làm thế nào để lấy lại quyền truy cập vào tài khoản ngân hàng của tôi?","false"
"Sao hôm nay không có tiền về ví điện tử của tôi nhỉ?","false"
"Tại sao tôi không thể xem phim trên app nữa thế?","false"
"Tôi không nhận được thông báo khi có giao dịch trong ví của mình!","false"
"Chả nhẽ giờ tôi không thể xem các kênh trên truyền hình cáp nữa?","false"
"Sao mã xác minh không gửi về số điện thoại của tôi vậy?","false"
"Tôi bị lỗi không vào được app đặt đồ ăn, có ai gặp phải không?","false"
"Có cách nào để khôi phục tài khoản game bị khóa không?","false"
"App ngân hàng của tôi không gửi mã OTP, giờ phải làm sao đây?","false"
"Có ai biết cách lấy lại mật khẩu tài khoản ví điện tử không?","false"
"Sao mà không thể xem được kênh mình thích trên truyền hình cáp nhỉ?","false"
"Tôi không nhận được thông báo nào từ app gọi xe cả, sao vậy?","false"
"Tôi đã thử nhưng không vào được tài khoản ngân hàng qua điện thoại!","false"
"Bị khóa tài khoản game mà không có thông báo gì, làm ơn giúp tôi!","false"
"Không thể lấy mã xác thực cho ứng dụng thanh toán, tôi phải làm gì?","false"
"Sao hôm nay không nhận được tin nhắn từ app mua sắm nhỉ?","false"
"Tôi không vào được ứng dụng xem phim, có ai biết lý do không?","false"
"Mã OTP không đến, sao tôi không thể chuyển tiền qua ví điện tử?","false"
"Sao mà không thể xem được bất kỳ kênh nào trên truyền hình cáp cả?","false"
"Tôi không biết tại sao tài khoản thanh toán của mình lại không hoạt động!","false"
"Đã hơn 15 phút mà không thấy mã xác minh qua số điện thoại!","false"
"Tôi không vào được tài khoản ngân hàng, có ai gặp vấn đề này không?","false"
"Trời ơi, sao mà khó khăn khi xác minh tài khoản game vậy?","false"
"Gọi lên hỗ trợ mà vẫn không nhận được mã OTP cho app ngân hàng!","false"
"Không hiểu vì sao tôi không nhận được thông báo từ app thanh toán!","false"
"Phí cho dịch vụ xem phim này cao quá đi, sao vậy nhỉ?","false"
"Chả nhẽ tôi phải nạp tiền vào tài khoản game để chơi tiếp sao?","false"
"Không có mã xác minh cho app gọi xe, giờ phải làm sao đây?","false"
"Tôi cảm thấy bất tiện khi không nhận được mã OTP cho tài khoản ngân hàng!","false"
"Sao không thể kết nối vào app xem phim được nhỉ?","false"
"Phải làm gì khi tài khoản ví điện tử bị khóa mà không thể liên hệ hỗ trợ?","false"
"Không thấy hóa đơn từ dịch vụ truyền hình cáp mà tôi đã đăng ký!","false"
"Có ai biết lý do vì sao không nhận được mã xác thực cho tài khoản game không?","false"
"Tôi không vào được app đặt đồ ăn, có ai biết cách xử lý không?","false"
"Phí dịch vụ cho app thanh toán này sao mà cao thế?","false"
"Tôi đã thử nhiều lần mà vẫn không nhận được mã xác minh cho tài khoản ngân hàng!","false"
"Có cách nào khôi phục tài khoản ví điện tử khi bị khóa không?","false"
"Tôi đang gặp vấn đề không xem được video trên app xem phim. Ai biết không?","false"
"Sao mã OTP gửi về số điện thoại không đến thế nhỉ?","false"
"Tại sao không nhận được thông báo từ tài khoản game của mình vậy?","false"
"Sao mà không thể đăng nhập vào tài khoản thanh toán khi cần gấp vậy?","false"
"Chưa bao giờ tôi gặp vấn đề không xem được kênh yêu thích trên truyền hình cáp!","false"
"Không hiểu sao tài khoản ngân hàng của tôi lại bị khóa, ai giúp tôi không?","false"
"Tôi muốn biết tại sao không nhận được tin nhắn từ app gọi xe nữa.","false"
"Có ai đã từng bị lỗi không vào được tài khoản ngân hàng chưa?","false"
"Sao hôm nay tôi không nhận được mã xác thực cho ứng dụng thanh toán nhỉ?","false"
"Tôi không nhận được thông báo từ app mua sắm, lại phải chờ lâu!","false"
"Sao mà khó khăn khi xác minh tài khoản trong app game này?","false"
"Tôi không thể vào được tài khoản ví điện tử, có ai biết cách không?","false"
"Tại sao không có giao dịch nào trong tài khoản ngân hàng của tôi vậy?","false"
"Dịch vụ xem phim của tôi không hoạt động, không hiểu sao lại vậy?","false"
"Tôi đã gửi mã OTP mà không thấy phản hồi từ ngân hàng, sao vậy nhỉ?","false"
"Tôi không thể kết nối vào app gọi xe, giờ phải làm sao?","false"
"Không nhận được thông báo nào từ tài khoản game, làm ơn giúp tôi!","false"
"Tôi không tìm thấy hóa đơn từ dịch vụ truyền hình cáp đã đăng ký.","false"
"Sao mà không vào được app thanh toán này nhỉ?","false"
"Có ai đã từng không nhận được mã xác thực cho tài khoản ngân hàng không?","false"
"Không thể vào được tài khoản ví điện tử của mình, phải làm sao đây?","false"
"Tôi bị khóa tài khoản game nhưng không có lý do rõ ràng, phải làm gì?","false"
"Sao không nhận được mã xác minh cho app gọi xe?","false"
"Đã thử nhưng không vào được app xem phim, ai biết cách không?","false"
"Bị trừ tiền nhưng không thấy giao dịch nào trong ví điện tử!","false"
"Tôi cần mã xác minh để vào app thanh toán, sao mà lâu thế nhỉ?","false"
"Bị lỗi không vào được tài khoản ngân hàng, có ai biết không?","false"
"Sao không thể xem được các kênh yêu thích trên truyền hình cáp?","false"
"Tại sao không nhận được thông báo từ tài khoản game của tôi?","false"
"Không có mã xác thực gửi về số điện thoại của tôi, giờ sao đây?","false"
"Sao mà không thấy tiền về ví điện tử sau khi giao dịch?","false"
"Tôi không thể xác minh tài khoản ngân hàng qua số điện thoại, có ai giúp không?","false"
"Tôi không thể vào app đặt đồ ăn vào giờ cao điểm, sao khó vậy?","false"
"Tại sao không nhận được thông báo từ app thanh toán?","false"
"Phí dịch vụ của app xem phim này cao quá, tôi thấy không hợp lý!","false"
"Có ai biết tại sao tài khoản ví điện tử của tôi không hoạt động không?","false"
"Tôi đã chờ mã OTP từ sáng mà vẫn không thấy gì cả!","false"
"Không thấy thông báo gì từ tài khoản game của mình, làm ơn giúp tôi!","false"
"Tại sao tôi không xem được bộ phim yêu thích trên app nhỉ?","false"
"Tôi không thể đăng nhập vào tài khoản ngân hàng, sao mà khó khăn thế?","false"
"Không thấy mã xác minh gửi về số điện thoại, giờ phải làm sao đây?","false"
"Tôi cần hỗ trợ vì tài khoản thanh toán không hoạt động nữa!","false"
"Bị khóa tài khoản game mà không có lý do, giờ tôi phải làm gì?","false"
"Sao không thể gọi điện đến số hỗ trợ khi cần thông báo từ app thanh toán?","false"
"Tôi không nhận được thông báo từ dịch vụ truyền hình cáp!","false"
"Bị lỗi không vào được tài khoản ngân hàng, ai biết cách không?","false"
"Sao mà không nhận được mã xác thực cho app gọi xe vậy?","false"
"Tôi không vào được app thanh toán, có ai biết có lỗi gì không?","false"
"Trời ơi, sao mà tôi không nhận được mã OTP từ app ngân hàng?!","false"
"Bây giờ không vào được tài khoản game này, làm ơn giúp tôi!","false"
"Sao mà không thể xem được các kênh trên truyền hình cáp nhỉ?","false"
"Đã thử nhiều lần mà không nhận được mã xác thực cho tài khoản ngân hàng!","false"
"Sao không nhận được thông báo từ tài khoản ví điện tử của tôi vậy?","false"
"Có ai biết tại sao không vào được app đặt đồ ăn không?","false"
"Sao không thấy tiền về ví điện tử sau khi chuyển tiền nhỉ?","false"
"Tôi không thể kết nối vào app xem phim, không hiểu sao lại như vậy?","false"
"Sao không thấy hóa đơn từ dịch vụ truyền hình cáp mà tôi đã đăng ký?","false"
"Không hiểu sao tài khoản ngân hàng của tôi bị khóa, làm ơn giúp tôi!","false"
"Bị lỗi không vào được tài khoản game, ai giúp tôi với?","false"
"Sao mà khó khăn khi xác minh tài khoản trong app thanh toán này?","false"
"Tôi không nhận được mã OTP cho tài khoản ngân hàng, giờ phải làm sao đây?","false"
"Tôi không thể đăng nhập vào ví điện tử của mình, có ai giúp không?","false"
"Sao hôm nay không nhận được thông báo từ app mua sắm nhỉ?","false"
"Tôi không thể xem được video trên app xem phim, ai biết lý do không?","false"
"Bị khóa tài khoản game mà không có thông báo gì cả, phải làm sao?","false"
"Sao mã xác minh gửi về số điện thoại không đến vậy?","false"
"Tại sao không nhận được thông báo từ tài khoản thanh toán nhỉ?","false"
"Tôi đã thử nhiều lần nhưng vẫn không thể vào được tài khoản ngân hàng!","false"
"Bị lỗi không đăng nhập vào ứng dụng gọi xe, có ai biết không?","false"
"Tôi cần mã xác minh để vào app thanh toán, sao mà lâu thế nhỉ?","false"
"Sao mà không nhận được tin nhắn từ dịch vụ truyền hình cáp nhỉ?","false"
"Tôi cần hỗ trợ vì không thể vào tài khoản game của mình, ai giúp không?","false"
"Bị khóa tài khoản ngân hàng mà không có lý do rõ ràng, giờ phải làm gì?","false"
"Sao không nhận được mã OTP gửi về số điện thoại của tôi?","false"
"Không hiểu sao tôi không thể vào được ứng dụng thanh toán nữa?","false"
"Tôi không thể đăng nhập vào tài khoản ví điện tử, có ai biết cách không?","false"
"Sao không thấy thông báo từ tài khoản game của mình vậy?","false"
"Bị lỗi không vào được app gọi xe, giờ tôi phải làm gì?","false"
"Không nhận được mã xác minh cho ứng dụng thanh toán của tôi, làm ơn giúp!","false"
"Sao không thể xem được kênh yêu thích trên truyền hình cáp nhỉ?","false"
"Bị khóa tài khoản game mà không nhận được thông báo, làm ơn giúp tôi!","false"
"Tôi không vào được tài khoản ngân hàng qua điện thoại, có ai biết cách không?","false"
"Làm ơn cho tôi biết tại sao không nhận được mã OTP cho app ngân hàng?","false"
"Tôi không thấy hóa đơn từ dịch vụ truyền hình cáp mà tôi đã đăng ký!","false"
"Bị lỗi không vào được ứng dụng xem phim, có ai biết cách không?","false"
"Sao không thể gọi điện đến số hỗ trợ khi cần thông báo từ app thanh toán?","false"
"Tôi không nhận được mã xác minh cho tài khoản game, giờ tôi phải làm sao?","false"
"Sao mà không thấy tiền về ví điện tử sau khi giao dịch?","false"
"Chào bạn, mình không nhận được mã OTP để đăng nhập vào tài khoản ngân hàng, bạn có biết lý do không?","false"
"Mình gặp lỗi không vào được ứng dụng ví điện tử, có ai biết cách khắc phục không?","false"
"Tháng này mình thấy hóa đơn truyền hình cáp cao quá, ai biết lý do không?","false"
"Tại sao app xem phim lại yêu cầu xác minh số điện thoại vậy nhỉ?","false"
"Mình đã bị khóa tài khoản game, cần giúp đỡ để mở lại, ai có kinh nghiệm không?","false"
"Bạn ơi, sao mình không nhận được tin nhắn xác minh tài khoản mua sắm online nhỉ?","false"
"Làm ơn cho mình hỏi sao không xem được kênh truyền hình mình đăng ký nhỉ?","false"
"Mình không thể đăng nhập vào tài khoản ví điện tử, có ai giúp mình với không?","false"
"Bị trừ tiền vào tài khoản ngân hàng mà không biết lý do, mình nên làm gì?","false"
"Tại sao app gọi xe lại không nhận được thông báo trên số điện thoại của mình nhỉ?","false"
"Bạn có thấy hóa đơn thanh toán tháng này cao hơn bình thường không?","false"
"Mình không nhận được mã xác thực để kích hoạt tài khoản thương mại điện tử, ai giúp mình với?","false"
"Tại sao tài khoản ngân hàng của mình lại bị khóa vậy nhỉ?","false"
"Mình không thể vào app xem phim, có ai biết cách khắc phục không?","false"
"Làm ơn cho mình hỏi mã OTP gửi về số điện thoại có mất phí không?","false"
"Tháng này mình thấy bị trừ nhiều tiền cho dịch vụ truyền hình cáp lắm, có ai giống mình không?","false"
"App đặt đồ ăn bị lỗi, không nhận được thông báo vào số điện thoại của mình, làm sao bây giờ?","false"
"Mình không thấy tin nhắn xác minh từ tài khoản mạng xã hội, không hiểu sao luôn!","false"
"Bị giới hạn tài khoản game mà không biết lý do, có ai gặp trường hợp này không?","false"
"Sao mình không nhận được OTP cho việc thanh toán trên ví điện tử nhỉ?","false"
"Tại sao lại không nhận được thông báo thanh toán qua số điện thoại thế?","false"
"Mình không nhận được mã xác thực để mở khóa tài khoản truyền hình nhỉ?","false"
"Đã chờ mã OTP lâu quá mà vẫn chưa thấy đâu, có ai bị giống mình không?","false"
"Giúp mình với, sao mình không thể đăng nhập vào tài khoản mua sắm được nhỉ?","false"
"Vào trang web thanh toán mà không nhận được mã xác thực, ai biết cách nào không?","false"
"Tại sao mình lại không xem được các kênh trong gói truyền hình đã đăng ký nhỉ?","false"
"Mình đã bị trừ tiền mà không hiểu sao, có ai gặp chuyện này không?","false"
"Mình không thể đăng nhập vào app giao đồ ăn, có ai biết cách khắc phục không?","false"
"Tháng này mình thấy phí truyền hình cáp cao quá, ai biết lý do không?","false"
"Sao không nhận được thông báo từ app gọi xe khi đã đặt xe vậy nhỉ?","false"
"Mình không thể xác minh tài khoản ngân hàng qua số điện thoại, có ai giúp không?","false"
"Chả hiểu sao lại không xem được các kênh đã đăng ký, ai gặp không?","false"
"Tại sao không nhận được mã xác thực từ tài khoản thương mại điện tử nhỉ?","false"
"Giúp mình với, tài khoản ví điện tử của mình bị khóa rồi, không biết làm sao?","false"
"Bị trừ tiền cho dịch vụ không sử dụng, có ai biết tại sao không?","false"
"Mình đã đợi mã OTP từ app thanh toán mà không thấy gì, có ai từng như vậy không?","false"
"Không thấy tin nhắn xác nhận từ tài khoản game, có gì sai không nhỉ?","false"
"Tại sao không nhận được mã xác thực khi sử dụng ví điện tử nhỉ?","false"
"Làm ơn cho mình hỏi sao không vào được ứng dụng truyền hình nhỉ?","false"
"Bị khóa tài khoản ngân hàng, làm sao để mở lại, có ai biết không?","false"
"Mình không nhận được OTP để kích hoạt tài khoản đặt đồ ăn, ai có kinh nghiệm không?","false"
"Hóa đơn thanh toán tháng này sao lại cao hơn mọi khi vậy?","false"
"Chả hiểu sao mình không nhận được thông báo từ app giao hàng nhỉ?","false"
"Giúp mình với, sao mình không thể đăng nhập vào tài khoản truyền hình cáp được?","false"
"Bị trừ tiền vào tài khoản mà không rõ lý do, có ai gặp tình huống này không?","false"
"Mình không nhận được mã xác thực để vào ví điện tử, khá bực mình!","false"
"Tại sao tháng này mình lại thấy phí dịch vụ truyền hình cáp cao như vậy?","false"
"App xem phim yêu cầu xác minh số điện thoại, sao mình lại không nhận được mã nhỉ?","false"
"Không vào được tài khoản game vì lý do gì vậy, ai biết giúp mình không?","false"
"Mình không thể đăng nhập vào ứng dụng đặt đồ ăn, có bí quyết gì không?","false"
"Sao lại không nhận được mã OTP để xác minh tài khoản ngân hàng?","false"
"Mình không thấy thông báo từ app thanh toán, ai biết lý do không?","false"
"Tại sao mình không thể xem được kênh trong gói truyền hình đã đăng ký nhỉ?","false"
"Có ai biết làm sao để lấy lại tài khoản ngân hàng bị khóa không?","false"
"Sao mã xác minh tài khoản không gửi về số điện thoại của mình nhỉ?","false"
"Mình không thể đăng nhập vào tài khoản ví điện tử, có ai biết cách khắc phục không?","false"
"Tháng này hóa đơn truyền hình cáp của tôi tăng cao quá, ai biết tại sao không?","false"
"Bạn có thấy mình bị trừ tiền cho dịch vụ không dùng không?","false"
"Mình không nhận được mã xác minh từ tài khoản thương mại điện tử, có ai biết không?","false"
"Bị khóa tài khoản game, ai biết cách mở lại không?","false"
"Không nhận được mã OTP cho ứng dụng thanh toán, sao lại như vậy nhỉ?","false"
"Sao không vào được ứng dụng xem phim, có ai gặp phải như mình không?","false"
"Bị trừ tiền mà không biết lý do, có ai gặp tình huống này không?","false"
"Mình không nhận được thông báo từ app giao hàng, ai biết tại sao không?","false"
"Tại sao không nhận được mã xác thực từ tài khoản thanh toán nhỉ?","false"
"Giúp mình với, không thể vào tài khoản ngân hàng, có lý do gì không?","false"
"Mình không nhận được mã OTP để xác minh tài khoản, ai giúp với?","false"
"Tháng này sao hóa đơn truyền hình cáp lại cao quá vậy?","false"
"Khi nào thì mình mới nhận được đấu trường cho app game nhỉ?","false"
"Tại sao không nhận được mã xác minh cho tài khoản thương mại điện tử nhỉ?","false"
"Giúp mình với, tài khoản ví điện tử của mình bị khóa rồi, không biết làm sao?","false"
"Chả hiểu sao mình không nhận được thông báo từ dịch vụ giao hàng nhỉ?","false"
"Làm ơn cho tôi hỏi sao không xem được các kênh đã đăng ký?","false"
"Tại sao mã OTP không gửi về số điện thoại của mình nhỉ?","false"
"Bị khóa tài khoản game, ai có cách nào mở lại không?","false"
"Sao không nhận được thông báo thanh toán từ ví điện tử nhỉ?","false"
"Mình không thể đăng nhập vào app đặt đồ ăn, có ai biết cách khắc phục không?","false"
"Tháng này sao mình thấy phí dịch vụ truyền hình cáp cao như vậy?","false"
"Giúp mình với, sao mình không thể vào tài khoản ngân hàng được?","false"
"Mình không nhận được mã xác minh cho tài khoản ví điện tử, khá bực mình!","false"
"Tại sao không vào được kênh trong gói truyền hình đã đăng ký nhỉ?","false"
"Bị trừ tiền vào tài khoản mà không rõ lý do, có ai gặp tình huống này không?","false"
"Mình không nhận được mã OTP để xác minh tài khoản ngân hàng, có ai biết không?","false"
"Sao mã xác thực không gửi về số điện thoại của mình nhỉ?","false"
"Mình không thể đăng nhập vào ứng dụng thanh toán, có ai biết cách khắc phục không?","false"
"Tháng này hóa đơn truyền hình cáp của mình sao lại cao quá như vậy?","false"
"Bạn có thấy mình bị trừ tiền cho dịch vụ không sử dụng không?","false"
"Mình không nhận được mã xác minh từ tài khoản thương mại điện tử, có ai biết không?","false"
"Bị khóa tài khoản game, ai biết cách mở lại không?","false"
"Không nhận được mã OTP cho ứng dụng thanh toán, sao lại như vậy nhỉ?","false"
"Sao không vào được ứng dụng xem phim, có ai gặp phải như mình không?","false"
"Bị trừ tiền mà không biết lý do, có ai gặp tình huống này không?","false"
"Mình không nhận được thông báo từ app giao hàng, ai biết tại sao không?","false"
"Tại sao không nhận được mã xác thực từ tài khoản thanh toán nhỉ?","false"
"Giúp mình với, không thể vào tài khoản ngân hàng, có lý do gì không?","false"
"Mình không nhận được mã OTP để xác minh tài khoản, ai giúp với?","false"
"Tháng này sao hóa đơn truyền hình cáp lại cao quá vậy?","false"
"Khi nào thì mình mới nhận được đấu trường cho app game nhỉ?","false"
"Tại sao không nhận được mã xác minh cho tài khoản thương mại điện tử nhỉ?","false"
"Giúp mình với, tài khoản ví điện tử của mình bị khóa rồi, không biết làm sao?","false"
"Chả hiểu sao mình không nhận được thông báo từ dịch vụ giao hàng nhỉ?","false"
"Làm ơn cho tôi hỏi sao không xem được các kênh đã đăng ký?","false"
"Tại sao mã OTP không gửi về số điện thoại của mình nhỉ?","false"
"Bị khóa tài khoản game, ai có cách nào mở lại không?","false"
"Sao không nhận được thông báo thanh toán từ ví điện tử nhỉ?","false"
"Mình không thể đăng nhập vào app đặt đồ ăn, có ai biết cách khắc phục không?","false"
"Tháng này sao mình thấy phí dịch vụ truyền hình cáp cao như vậy?","false"
"Giúp mình với, sao mình không thể vào tài khoản ngân hàng được?","false"
"Mình không nhận được mã xác minh cho tài khoản ví điện tử, khá bực mình!","false"
"Tại sao không vào được kênh trong gói truyền hình đã đăng ký nhỉ?","false"
"Bị trừ tiền vào tài khoản mà không rõ lý do, có ai gặp tình huống này không?","false"
"Mình không nhận được mã OTP để xác minh tài khoản ngân hàng, có ai biết không?","false"
"Sao mã xác thực không gửi về số điện thoại của mình nhỉ?","false"
"Mình không thể đăng nhập vào ứng dụng thanh toán, có ai biết cách khắc phục không?","false"
"Tháng này hóa đơn truyền hình cáp của mình sao lại cao quá như vậy?","false"
"Bạn có thấy mình bị trừ tiền cho dịch vụ không sử dụng không?","false"
"Mình không nhận được mã xác minh từ tài khoản thương mại điện tử, có ai biết không?","false"
"Bị khóa tài khoản game, ai biết cách mở lại không?","false"
"Không nhận được mã OTP cho ứng dụng thanh toán, sao lại như vậy nhỉ?","false"
"Sao không vào được ứng dụng xem phim, có ai gặp phải như mình không?","false"
"Bị trừ tiền mà không biết lý do, có ai gặp tình huống này không?","false"
"Mình không nhận được thông báo từ app giao hàng, ai biết tại sao không?","false"
"Tại sao không nhận được mã xác thực từ tài khoản thanh toán nhỉ?","false"
"Giúp mình với, không thể vào tài khoản ngân hàng, có lý do gì không?","false"
"Mình không nhận được mã OTP để xác minh tài khoản, ai giúp với?","false"
"Tháng này sao hóa đơn truyền hình cáp lại cao quá vậy?","false"
"Khi nào thì mình mới nhận được đấu trường cho app game nhỉ?","false"
"Tại sao không nhận được mã xác minh cho tài khoản thương mại điện tử nhỉ?","false"
"Giúp mình với, tài khoản ví điện tử của mình bị khóa rồi, không biết làm sao?","false"
"Chả hiểu sao mình không nhận được thông báo từ dịch vụ giao hàng nhỉ?","false"
"Làm ơn cho tôi hỏi sao không xem được các kênh đã đăng ký?","false"
"Tại sao mã OTP không gửi về số điện thoại của mình nhỉ?","false"
"Bị khóa tài khoản game, ai có cách nào mở lại không?","false"
"Sao không nhận được thông báo thanh toán từ ví điện tử nhỉ?","false"
"Mình không thể đăng nhập vào app đặt đồ ăn, có ai biết cách khắc phục không?","false"
"Tháng này sao mình thấy phí dịch vụ truyền hình cáp cao như vậy?","false"
"Không nhận được mã OTP cho app ngân hàng của mình","false"
"Tại sao tôi không thể đăng nhập vào tài khoản ví điện tử?","false"
"Giúp tôi với, tài khoản game của tôi bị khóa và họ yêu cầu xác minh số điện thoại!","false"
"Tôi thấy hóa đơn truyền hình cáp tăng cao, có ai biết tại sao không?","false"
"App xem phim này gửi mã xác thực nhưng tôi không nhận được vào số điện thoại!","false"
"Có ai bị lỗi khi thanh toán qua app mua sắm không? Tôi đã bị trừ tiền nhưng không nhận được hàng!","false"
"Mình không thể xem các kênh truyền hình mình đã đăng ký, có ai gặp vấn đề giống mình không?","false"
"Tại sao tôi không thể lấy lại tài khoản ví điện tử của mình, đã gửi OTP nhưng không nhận được?","false"
"Làm thế nào để lấy lại mật khẩu tài khoản game? Họ cần xác minh qua số điện thoại!","false"
"Chả nhẽ tôi lại không xem được phim vì lỗi xác thực số điện thoại?","false"
"Đã có ai gặp lỗi khi giao dịch qua app thanh toán không?","false"
"Tháng này hóa đơn truyền hình cáp của tôi quá cao, có ai biết lý do không?","false"
"Tôi đang gặp vấn đề với app gọi xe, thanh toán không thành công nhưng tiền đã bị trừ!","false"
"Không có mã OTP gửi về số điện thoại của tôi cho tài khoản ngân hàng, làm sao đây?","false"
"Giúp tôi với, tôi không đăng nhập được vào tài khoản truyền hình internet, họ cần xác nhận số điện thoại!","false"
"Có ai gặp lỗi khi xem phim trực tuyến không? Tôi không nhận được mã xác thực!","false"
"Tại sao tôi không thể truy cập vào tài khoản của mình trên app mua sắm?","false"
"Chả nhẽ mình lại phải thay số điện thoại để xác minh tài khoản game?","false"
"Tôi đã gửi yêu cầu nhưng không nhận được phản hồi từ dịch vụ ví điện tử, ai có kinh nghiệm?","false"
"Không thấy mã xác thực gửi vào số điện thoại cho app ngân hàng, có ai biết cách xử lý không?","false"
"Tháng này tôi bị trừ tiền liên tục không rõ lý do trên app thanh toán, làm sao để khiếu nại?","false"
"Tại sao không xem được kênh mà mình đã đăng ký trên truyền hình cáp?","false"
"Giúp tôi với, tài khoản của tôi bị khóa vì lý do gì không rõ, ai biết không?","false"
"Có ai từng bị lỗi khi thanh toán qua app gọi xe không? Tôi bị trừ tiền nhưng không thấy xe đâu!","false"
"Không thể lấy lại mật khẩu cho tài khoản ngân hàng, họ yêu cầu gửi mã OTP nhưng không có!","false"
"Đã có ai gặp lỗi khi không thể truy cập vào app xem phim không?","false"
"Tôi không nhận được mã xác thực cho ví điện tử của mình, có cách nào khác không?","false"
"Tại sao hóa đơn của dịch vụ truyền hình cáp lại tăng nhanh như vậy?","false"
"Có ai biết cách khôi phục tài khoản game khi bị khóa không?","false"
"Tại sao lại có thông báo lỗi không thể thanh toán trên app mua sắm?","false"
"Tôi không nhận được OTP cho tài khoản ngân hàng của mình, phải làm sao?","false"
"Chả nhẽ tôi không thể xác minh tài khoản truyền hình internet chỉ vì mã OTP không gửi?","false"
"Đã ai gặp tình trạng không xem được phim vì lỗi xác thực số điện thoại không?","false"
"Tôi đã cố gắng thanh toán trên app gọi xe nhưng không thành công, làm sao đây?","false"
"Có ai biết tại sao hóa đơn tháng này của tôi lại cao không?","false"
"Tôi không thể đăng nhập vào tài khoản ví điện tử, đã gửi mã OTP nhưng không nhận được!","false"
"Tại sao lại không xem được các kênh truyền hình mà tôi đã đăng ký?","false"
"Giúp tôi với, tôi đang gặp khó khăn với app thanh toán, không nhận được mã xác thực!","false"
"Tháng này tôi bị trừ tiền liên tục không rõ lý do trên dịch vụ truyền hình cáp!","false"
"Có ai bị lỗi khi giao dịch qua app mua sắm không?","false"
"Tôi đã không nhận được mã OTP gửi vào số điện thoại cho tài khoản ngân hàng, làm sao khắc phục?","false"
"Không biết có ai gặp phải vấn đề không xem được kênh truyền hình cáp không?","false"
"Tại sao mình không thể truy cập vào tài khoản game của mình?","false"
"Giúp tôi với, tại sao tôi không thể thanh toán trên app gọi xe?","false"
"Tôi không nhận được mã xác thực cho ví điện tử của mình, có ai có cách nào không?","false"
"Tại sao tôi không thể xem phim trên app này, có ai cũng gặp tình trạng giống tôi không?","false"
"Đã có ai gặp lỗi khi không thanh toán được trên app mua sắm không?","false"
"Tôi không nhận được OTP gửi về số điện thoại cho tài khoản ngân hàng, có ai biết lý do không?","false"
"Giúp tôi với, tài khoản truyền hình internet của tôi bị khóa, phải làm sao?","false"
"Có ai biết tại sao không xem được các kênh truyền hình mà mình đã đăng ký không?","false"
"Tại sao hóa đơn tháng này lại tăng cao bất ngờ vậy?","false"
"Tôi không thể lấy lại mật khẩu cho tài khoản game của mình, có ai biết cách không?","false"
"Chả nhẽ tôi không thể giao dịch qua app thanh toán chỉ vì lỗi số điện thoại?","false"
"Đã có ai gặp vấn đề khi thanh toán qua app gọi xe không?","false"
"Tôi không nhận được mã xác thực cho tài khoản ngân hàng của mình, làm sao để xử lý?","false"
"Giúp tôi với, sao không xem được phim mà mình đã chọn?","false"
"Tại sao tài khoản ví điện tử của tôi lại bị khóa mà tôi không biết lý do?","false"
"Tôi không thể đăng nhập vào app xem phim, đã gửi mã xác thực nhưng không nhận được!","false"
"Có ai gặp lỗi khi không thanh toán được trên app mua sắm không?","false"
"Tôi không nhận được mã OTP cho tài khoản ngân hàng, ai có biết cách xử lý không?","false"
"Tại sao tôi không thể xem được kênh truyền hình mà mình đã trả tiền?","false"
"Giúp tôi với, tài khoản game của tôi bị khóa, họ yêu cầu xác minh số điện thoại!","false"
"Có ai bị lỗi khi sử dụng app thanh toán không? Tôi đã bị trừ tiền nhưng không nhận được hàng!","false"
"Tháng này hóa đơn truyền hình cáp của tôi quá cao, có ai biết lý do không?","false"
"Tôi đang gặp vấn đề với app gọi xe, thanh toán không thành công nhưng tiền đã bị trừ!","false"
"Không có mã OTP gửi về số điện thoại của tôi cho tài khoản ngân hàng, làm sao đây?","false"
"Giúp tôi với, tôi không đăng nhập được vào tài khoản truyền hình internet, họ cần xác nhận số điện thoại!","false"
"Có ai gặp lỗi khi xem phim trực tuyến không? Tôi không nhận được mã xác thực!","false"
"Tại sao tôi không thể truy cập vào tài khoản của mình trên app mua sắm?","false"
"Chả nhẽ mình lại phải thay số điện thoại để xác minh tài khoản game?","false"
"Tôi đã gửi yêu cầu nhưng không nhận được phản hồi từ dịch vụ ví điện tử, ai có kinh nghiệm?","false"
"Không thấy mã xác thực gửi vào số điện thoại cho app ngân hàng của tôi, có ai biết cách xử lý không?","false"
"Tháng này tôi bị trừ tiền liên tục không rõ lý do trên app thanh toán, làm sao để khiếu nại?","false"
"Tại sao không xem được kênh mà mình đã đăng ký trên truyền hình cáp?","false"
"Giúp tôi với, tài khoản của tôi bị khóa vì lý do gì không rõ, ai biết không?","false"
"Có ai từng bị lỗi khi thanh toán qua app gọi xe không? Tôi bị trừ tiền nhưng không thấy xe đâu!","false"
"Không thể lấy lại mật khẩu cho tài khoản ngân hàng, họ yêu cầu gửi mã OTP nhưng không có!","false"
"Đã có ai gặp lỗi khi không thể truy cập vào app xem phim không?","false"
"Tôi không nhận được mã xác thực cho ví điện tử của mình, có cách nào khác không?","false"
"Tại sao hóa đơn của dịch vụ truyền hình cáp lại tăng nhanh như vậy?","false"
"Có ai biết cách khôi phục tài khoản game khi bị khóa không?","false"
"Tại sao lại có thông báo lỗi không thể thanh toán trên app mua sắm?","false"
"Tôi không nhận được OTP cho tài khoản ngân hàng của mình, phải làm sao?","false"
"Chả nhẽ tôi không thể xác minh tài khoản truyền hình internet chỉ vì mã OTP không gửi?","false"
"Đã ai gặp tình trạng không xem được phim vì lỗi xác thực số điện thoại không?","false"
"Tôi đã cố gắng thanh toán trên app gọi xe nhưng không thành công, làm sao đây?","false"
"Có ai biết tại sao hóa đơn tháng này của tôi lại cao không?","false"
"Tôi không thể đăng nhập vào tài khoản ví điện tử, đã gửi mã OTP nhưng không nhận được!","false"
"Tại sao lại không xem được các kênh truyền hình mà tôi đã đăng ký?","false"
"Giúp tôi với, tôi đang gặp khó khăn với app thanh toán, không nhận được mã xác thực!","false"
"Tháng này tôi bị trừ tiền liên tục không rõ lý do trên dịch vụ truyền hình cáp!","false"
"Có ai bị lỗi khi giao dịch qua app mua sắm không?","false"
"Tôi đã không nhận được mã OTP gửi vào số điện thoại cho tài khoản ngân hàng, làm sao khắc phục?","false"
"Không biết có ai gặp phải vấn đề không xem được kênh truyền hình cáp không?","false"
"Tại sao mình không thể truy cập vào tài khoản game của mình?","false"
"Giúp tôi với, tại sao tôi không thể thanh toán trên app gọi xe?","false"
"Tôi không nhận được mã xác thực cho ví điện tử của mình, có ai có cách nào không?","false"
"Tại sao tôi không thể xem phim trên app này, có ai cũng gặp tình trạng giống tôi không?","false"
"Đã có ai gặp lỗi khi không thanh toán được trên app mua sắm không?","false"
"Tôi không nhận được OTP gửi về số điện thoại cho tài khoản ngân hàng, có ai biết lý do không?","false"
"Giúp tôi với, sao không xem được phim mà mình đã chọn?","false"
"Tại sao tài khoản ví điện tử của tôi lại bị khóa mà tôi không biết lý do?","false"
"Tôi không thể đăng nhập vào app xem phim, đã gửi mã xác thực nhưng không nhận được!","false"
"Có ai gặp lỗi khi không thanh toán được trên app mua sắm không?","false"
"Tôi không nhận được mã OTP cho tài khoản ngân hàng, ai có biết cách xử lý không?","false"
"Tại sao tôi không thể xem được kênh truyền hình mà mình đã trả tiền?","false"
"Chào bạn, tôi không nhận được mã OTP để xác minh tài khoản ngân hàng","false"
"Ôi, sao tôi không thể đăng nhập vào ví điện tử của mình, có ai giúp tôi không?","false"
"Tôi đang bị khóa tài khoản trên app xem phim, không biết phải làm sao?","false"
"Không thể thanh toán hóa đơn truyền hình cáp, có lỗi gì không?","false"
"App giao đồ ăn yêu cầu xác minh số điện thoại và tôi không nhận được mã xác thực","false"
"Tôi bị trừ tiền trong tài khoản khi đặt xe, có ai biết lý do không?","false"
"Làm ơn cho tôi biết tại sao tôi không thể xem được kênh trên truyền hình cáp","false"
"Tại sao tài khoản game của tôi bị khóa? Tôi đã sử dụng số điện thoại để đăng nhập","false"
"Tôi không thể truy cập vào tài khoản thương mại điện tử của mình, có ai biết cách xử lý không?","false"
"Trời ơi, tôi không nhận được OTP cho ví điện tử vào số điện thoại của mình","false"
"Tôi cần hỗ trợ vì tài khoản app xem phim của tôi bị lỗi","false"
"Mã xác minh gửi qua số điện thoại của tôi không đến, xin giúp tôi với!","false"
"Tại sao tôi không thể thanh toán qua app ngân hàng? Có ai gặp phải không?","false"
"Phí dịch vụ trên truyền hình cáp của tôi sao lại tăng đột biến thế này?","false"
"Không thể đăng nhập vào tài khoản giao đồ ăn, có lỗi xác minh số điện thoại","false"
"Tôi không nhận được mã xác thực cho tài khoản game của mình, thật khó chịu!","false"
"Có thể cho tôi hỏi sao tôi không thể nhận OTP cho app thanh toán không?","false"
"Tôi cần trợ giúp vì không thể vào tài khoản ví điện tử, đã thử số điện thoại khác","false"
"Sao không thể kiểm tra hóa đơn trả sau trên app ngân hàng nhỉ?","false"
"Tôi đã bị trừ tiền khi đặt hàng trên app thương mại điện tử mà không nhận được hàng","false"
"Trời ơi, không nhận được mã OTP để đăng nhập tài khoản truyền hình cáp","false"
"Tôi cần hỗ trợ khôi phục tài khoản game bị khóa, dùng số điện thoại để xác minh mà không thấy mã","false"
"Không thể thanh toán hóa đơn truyền hình internet, có ai biết tại sao không?","false"
"Tại sao app xem phim yêu cầu xác minh số điện thoại mà tôi không nhận được mã?","false"
"Chả nhẽ tôi không thể kiểm tra thông tin tài khoản ví điện tử nếu không nhận được mã xác thực?","false"
"Có ai biết tại sao không thể đăng nhập vào ứng dụng ngân hàng với số điện thoại này không?","false"
"Số điện thoại của tôi không nhận OTP cho app giao đồ ăn, rất bất tiện!","false"
"Tôi không thể xác minh tài khoản ngân hàng, mã gửi không về số điện thoại của tôi","false"
"Sao mà tài khoản của tôi không nhận được mã để khôi phục trên app thương mại điện tử?","false"
"Trời ơi, không hiểu sao tôi không thể xem truyền hình qua ứng dụng được nữa!","false"
"Không nhận được mã OTP để thanh toán qua ví điện tử, rất bực mình!","false"
"Làm ơn cho tôi biết lý do sao tôi không thể đăng nhập vào tài khoản truyền hình cáp?","false"
"Tại sao tôi không nhận được xác minh qua số điện thoại cho app gọi xe?","false"
"Mã OTP tôi cần để xác thực tài khoản ngân hàng không tới, ai biết giúp tôi?","false"
"Rất khó chịu vì tôi không thể vào tài khoản game mà phải dùng số điện thoại xác minh!","false"
"Có ai gặp lỗi khi thanh toán qua app ngân hàng không? Tôi không nhận được mã","false"
"Tôi không thể truy cập vào truyền hình internet bằng số điện thoại đã đăng ký","false"
"Không nhận được mã xác minh từ app gọi xe, vậy phải làm sao?","false"
"Tại sao không thể kiểm tra hóa đơn truyền hình cáp của tôi qua số điện thoại này?","false"
"Có ai biết lý do thông báo lỗi khi thanh toán qua app giao đồ ăn không?","false"
"Tôi cần hỗ trợ vì tài khoản ngân hàng không nhận được mã xác thực","false"
"Trời ơi, số điện thoại của tôi không nhận được mã OTP cho tài khoản game","false"
"Làm sao mà app thanh toán yêu cầu mã xác minh mà tôi không thấy đâu?","false"
"Sao không thể vào tài khoản thương mại điện tử của tôi, mã gửi qua số điện thoại không đến?","false"
"Tôi không thể xem kênh yêu thích do lỗi xác minh số điện thoại trên truyền hình cáp","false"
"Chả nhẽ tài khoản ví điện tử của tôi lại bị khóa vì không nhận được mã xác thực?","false"
"Không nhận được OTP cho số điện thoại đã đăng ký trên app ngân hàng, thật khó chịu!","false"
"Có ai biết lý do tài khoản game của tôi không thể đăng nhập với số điện thoại này không?","false"
"Tại sao app gọi xe không gửi mã xác minh vào điện thoại của tôi?","false"
"Sao tôi không thể kiểm tra hóa đơn trên app truyền hình cáp mà không nhận mã?","false"
"Tôi không thể khôi phục tài khoản ví điện tử, mã OTP gửi không tới số điện thoại","false"
"Ôi, sao tài khoản ngân hàng của tôi không nhận được mã xác minh nhỉ?","false"
"Có ai giúp tôi với, tôi không thể xem được kênh trên truyền hình cáp!","false"
"Tôi cần xác minh tài khoản game nhưng số điện thoại không nhận mã OTP!","false"
"Chả nhẽ tôi không thể thanh toán hóa đơn qua ví điện tử chỉ vì không nhận OTP?","false"
"Tôi không nhận được mã OTP để xác minh tài khoản trên app gọi xe, thật thất vọng!","false"
"Sao tôi không thể vào tài khoản thương mại điện tử của mình mà không có mã xác thực?","false"
"Tại sao không thể xem đường truyền của truyền hình internet vì lỗi xác minh số điện thoại?","false"
"Trời ơi, làm sao mà tài khoản ngân hàng của tôi không nhận mã xác minh?","false"
"Không nhận được mã OTP cho app thanh toán, có ai biết tại sao không?","false"
"Có ai gặp phải tình trạng không thể đăng nhập vào tài khoản giao đồ ăn không?","false"
"Tôi không thể thanh toán qua ứng dụng ngân hàng, mã gửi qua số điện thoại không tới!","false"
"Sao mà tài khoản game của tôi không nhận được mã xác minh nhỉ?","false"
"Tôi không thể xem được kênh mình thích do không nhận được mã OTP trên truyền hình cáp","false"
"Tôi cần hỗ trợ vì không thể kiểm tra hóa đơn truyền hình internet của mình","false"
"Làm ơn cho tôi hỏi tại sao không thể đăng nhập vào ví điện tử của tôi nhỉ?","false"
"Sao mà số điện thoại của tôi không nhận mã OTP để xác thực app thương mại điện tử?","false"
"Ôi không, tài khoản của tôi trên app xem phim không thể xác minh được!","false"
"Trời ơi, làm sao mà tôi không nhận được mã OTP cho tài khoản ngân hàng nhỉ?","false"
"Tại sao không thể thanh toán qua app giao đồ ăn khi không nhận được mã xác thực?","false"
"Tôi không thể đăng nhập vào tài khoản của mình trên app ngân hàng vì không nhận mã!","false"
"Có ai biết sao mà app gọi xe không gửi mã xác minh đến số điện thoại của tôi không?","false"
"Trời ơi, sao không thể kiểm tra hóa đơn trên truyền hình cáp của mình?","false"
"Tôi không thể xác minh tài khoản game mà số điện thoại không nhận được mã!","false"
"Chả nhẽ app thanh toán của tôi lại bị lỗi do không nhận được mã OTP?","false"
"Ôi, tôi không nhận được mã xác minh từ app thương mại điện tử, thật khó chịu!","false"
"Có ai giúp tôi với, tài khoản ngân hàng của tôi không nhận được mã xác thực!","false"
"Sao lại không thể vào tài khoản trên app giao đồ ăn khi mã OTP không gửi đến?","false"
"Tôi không thể thanh toán hóa đơn truyền hình internet, lỗi xác minh số điện thoại","false"
"Mã OTP gửi về số điện thoại của tôi không đến, thật là bực bội!","false"
"Tại sao tôi không thể kiểm tra thông tin tài khoản ví điện tử của mình nhỉ?","false"
"Sao không nhận được mã xác thực cho ứng dụng xem phim của tôi?","false"
"Tôi đang gặp khó khăn trong việc đăng nhập vào tài khoản thanh toán vì mã không tới!","false"
"Có ai gặp lỗi không thể thanh toán qua app ngân hàng không?","false"
"Tại sao app gọi xe không gửi mã xác minh qua số điện thoại của tôi nhỉ?","false"
"Sao mà tài khoản của tôi lại không nhận được mã OTP từ app thương mại điện tử?","false"
"Trời ơi, sao không thể kiểm tra hóa đơn truyền hình cáp vì lý do xác minh?","false"
"Tôi không nhận được mã xác minh cho tài khoản ngân hàng, có ai giúp tôi không?","false"
"Rất khó chịu khi không thể vào tài khoản game vì mã OTP không gửi đến!","false"
"Có ai biết tại sao không thể đăng nhập vào app giao đồ ăn không?","false"
"Sao lại không nhận được mã OTP để xác thực tài khoản trên app thanh toán?","false"
"Tôi không thể xem được kênh mình thích trên truyền hình internet, có lỗi gì không?","false"
"Sao mà tài khoản ngân hàng của tôi không nhận được mã xác minh nhỉ?","false"
"Tôi không thể truy cập vào tài khoản thương mại điện tử vì mã OTP không tới!","false"
"Ôi, sao tôi không nhận được mã xác minh cho app xem phim nhỉ?","false"
"Trời ơi, tài khoản game của tôi không thể xác minh được, mã gửi không đến!","false"
"Sao mà không thể thanh toán hóa đơn qua app ngân hàng khi không nhận mã?","false"
"Có ai biết lý do tài khoản ví điện tử của tôi không hoạt động không?","false"
"Tôi không thể xác minh tài khoản giao đồ ăn vì mã OTP không đến!","false"
"Tại sao không thể kiểm tra thông tin tài khoản truyền hình cáp của tôi?","false"
"Sao mà số điện thoại của tôi không nhận được mã OTP cho tài khoản ngân hàng?","false"
"Ôi, có ai giúp tôi không? Tôi không thể đăng nhập vào app thanh toán của mình!","false"
"Tại sao không thể vào tài khoản thanh toán của tôi mà không nhận được mã xác thực?","false"
"Có ai gặp tình trạng không thể xác minh số điện thoại cho app giao đồ ăn không?","false"
"Rất khó chịu khi tài khoản ngân hàng không nhận được mã OTP xác minh!","false"
"Sao mà không thể kiểm tra hóa đơn trả sau trên app thương mại điện tử nhỉ?","false"
"Tôi không thể nhận được mã OTP cho tài khoản game của mình, có ai biết giúp tôi không?","false"
"Trời ơi, làm sao mà tôi không thể xác minh tài khoản truyền hình internet của mình?","false"
"Tại sao tài khoản ví điện tử của tôi lại không nhận được mã xác thực?","false"
"Sao mà không nhận được mã OTP cho app xem phim nhỉ?","false"
"Ôi, tôi không thể thanh toán hóa đơn qua app giao đồ ăn vì không nhận được mã!","false"
"Tôi cần hỗ trợ vì không thể vào tài khoản ngân hàng của mình do lỗi gửi mã!","false"
"Có ai biết tại sao số điện thoại của tôi không nhận được mã xác minh cho app thanh toán không?","false"
"Tôi không thể vào tài khoản game vì mã OTP gửi không đến số điện thoại!","false"
"Sao tôi lại không nhận được mã xác minh cho tài khoản thương mại điện tử của mình nhỉ?","false"
"Trời ơi, không thể kiểm tra hóa đơn truyền hình cáp khi không nhận được mã!","false"
"Có ai biết tại sao không thể xác minh tài khoản trên app giao đồ ăn không?","false"
"Tôi không thể thanh toán qua app ngân hàng vì mã xác thực không đến!","false"
"Sao mà tài khoản của tôi không nhận được mã OTP từ app game vậy nhỉ?","false"
"Ôi, không nhận được mã xác minh cho tài khoản ngân hàng, ai biết giúp tôi không?","false"
"Tại sao không thể kiểm tra thông tin tài khoản trên app thương mại điện tử được nhỉ?","false"
"Chả nhẽ app xem phim của tôi không gửi mã xác minh qua số điện thoại?","false"
"Sao mà không thể vào tài khoản thanh toán qua app ngân hàng khi mã không tới?","false"
"Trời ơi, sao tài khoản game của tôi lại không nhận được mã OTP?","false"
"Có ai gặp lỗi không thể thanh toán qua app giao đồ ăn không?","false"
"Sao mà không nhận được mã xác thực cho tài khoản truyền hình internet của tôi?","false"
"Chả hiểu sao hôm nay không nhận được mã OTP từ ngân hàng nữa","false"
"App gọi xe của tôi không xác nhận được số điện thoại, có ai gặp lỗi này không?","false"
"Tôi vừa bị khóa tài khoản ví điện tử vì nhập sai mã, ai giúp tôi với!","false"
"Làm ơn cho tôi biết tại sao không xem được kênh yêu thích trên truyền hình cáp?","false"
"Tôi đã nạp tiền vào tài khoản game nhưng chưa thấy cộng, ai biết lỗi này không?","false"
"Tại sao tôi không thể xác minh số điện thoại trên app thanh toán?","false"
"Đã gửi yêu cầu phục hồi tài khoản trên ứng dụng nhưng không thấy hồi âm, ai giúp tôi với!","false"
"Tháng này hóa đơn truyền hình cáp cao quá, không biết có nhầm lẫn gì không?","false"
"Ứng dụng đặt đồ ăn không cho tôi đặt vì lỗi số điện thoại, làm ơn giúp tôi!","false"
"Mỗi lần mở app xem phim là nó yêu cầu xác thực số điện thoại, sao khó vậy?","false"
"Tôi không nhận được thông báo thanh toán từ ví điện tử mặc dù đã thực hiện giao dịch","false"
"Có ai bị khóa tài khoản trên mạng xã hội không? Mình không vào được!","false"
"Nhờ mọi người hướng dẫn mở khóa tài khoản game giúp tôi, đã thử nhiều lần mà không được","false"
"App thanh toán của tôi tự dưng không hoạt động, không biết có phải lỗi không?","false"
"Mấy ngày nay không xem được kênh nào trên truyền hình cáp, có bị hỏng không?","false"
"Tôi đang chờ mã xác thực để vào ví điện tử mà mã không về, sao vậy nhỉ?","false"
"Làm ơn cho tôi biết tại sao không nhận được thông báo từ app gọi xe?","false"
"Tôi đã gửi phản hồi về vấn đề không xem được trên app truyền hình, sao chưa thấy ai trả lời?","false"
"Sao tôi không thể đăng nhập vào tài khoản ngân hàng qua app, có ai biết cách sửa không?","false"
"Tôi có nhận được thông báo từ app mà thấy không đúng, có ai gặp giống tôi không?","false"
"Làm ơn giúp tôi với, tôi không vào được tài khoản game do số điện thoại không xác nhận!","false"
"Không hiểu sao hôm nay hóa đơn ví điện tử lại cao bất thường, ai gặp phải không?","false"
"Tôi không xem được kênh yêu thích trên truyền hình cáp, có cách nào khắc phục không?","false"
"Đã thử nhiều lần nhưng không nhận được mã OTP từ ngân hàng, ai biết lý do không?","false"
"Sao app xem phim của tôi tự dưng không dùng được số điện thoại để xác minh?","false"
"Mọi người có biết tại sao không nhận được xác nhận từ app giao hàng không?","false"
"Đã thử mọi cách nhưng không lấy lại được tài khoản mạng xã hội, có ai giúp không?","false"
"Tôi bị khóa tài khoản thanh toán điện tử vì quên mật khẩu, làm thế nào để lấy lại?","false"
"Mọi người có thấy lỗi khi xem truyền hình cáp không? Tôi không mở được kênh nào cả!","false"
"App gọi xe báo lỗi số điện thoại, có ai từng gặp vấn đề tương tự không?","false"
"Tôi không thành công trong việc đăng nhập vào ví điện tử, ai biết cách xử lý không?","false"
"Không hiểu sao hóa đơn tháng này lại có thêm phí không rõ từ app thanh toán?","false"
"Mình không thể xác nhận tài khoản trên app đặt đồ ăn, ai hỗ trợ được không?","false"
"Tôi đã cố gắng nhập mã OTP cho tài khoản ngân hàng mà mã không về, giúp tôi với!","false"
"Bị khóa tài khoản trên nền tảng xem phim, không biết phải làm sao?","false"
"App thanh toán không cho tôi vào vì lý do số điện thoại, phải làm sao?","false"
"Chả hiểu sao hôm nay không nhận được thông báo từ app xem phim nữa!","false"
"Tôi không thể sử dụng số điện thoại để xác minh tài khoản game, ai biết không?","false"
"Không biết tại sao hóa đơn truyền hình cáp lại cao hơn tháng trước, có ai giống tôi không?","false"
"Tôi đã nhận được thông báo từ ví điện tử nhưng không rõ lý do, ai biết không?","false"
"Sao app gọi xe của tôi lại không xác nhận được số điện thoại?","false"
"Có ai biết tại sao không nhận được mã OTP cho ứng dụng thanh toán không?","false"
"Tôi đã nhập đúng số điện thoại mà vẫn không được xác nhận tài khoản game, giúp tôi với!","false"
"Chả hiểu sao không xem được kênh trên truyền hình cáp, có ai gặp lỗi này không?","false"
"Tôi không đăng nhập vào app ngân hàng được, có ai gặp vấn đề tương tự không?","false"
"Phí tháng này từ app thanh toán cao quá, không biết có nhầm không?","false"
"Mình không trực tiếp nhận được mã xác thực từ app gọi xe, có lỗi gì không nhỉ?","false"
"Tôi đã thử qua nhiều lần với số điện thoại mà không nhận được mã từ ví điện tử!","false"
"Tôi không mở được tài khoản trên ứng dụng xem phim, có ai biết cách khắc phục không?","false"
"App thanh toán không cho tôi sử dụng số điện thoại cũ, có lý do gì không?","false"
"Sao tôi không nhận được thông báo từ app giao hàng, bực ghê!","false"
"Tôi bị khóa tài khoản trên app thanh toán, không biết phải làm sao để lấy lại?","false"
"Không hiểu sao hôm nay không xem được kênh nào trên truyền hình cáp cả!","false"
"Sao app gọi xe lại không nhận được mã OTP mà tôi đã yêu cầu?","false"
"Tôi không vào được tài khoản game, có ai biết tại sao không?","false"
"Ngân hàng không gửi mã OTP về số điện thoại của tôi, sao lại như vậy nhỉ?","false"
"Tháng này sao hóa đơn từ app thanh toán lại cao hơn bình thường?","false"
"Tôi không thể xác minh tài khoản trên app đặt đồ ăn, có ai biết cách không?","false"
"Làm ơn cho tôi biết tại sao không nhận được thông báo thanh toán từ ví điện tử!","false"
"Tôi đang chờ mã xác thực từ app nhưng không thấy gửi, sao vậy?","false"
"Có ai gặp lỗi khi không xem được kênh trên truyền hình cáp không?","false"
"Tôi không đăng nhập vào app ngân hàng được, ai hỗ trợ không?","false"
"App xem phim yêu cầu xác minh số điện thoại mà tôi không nhận được mã, có cách nào không?","false"
"Sao hôm nay không nhận được thông báo từ app giao hàng, có lỗi gì không?","false"
"Tôi đã cố gắng gửi yêu cầu khôi phục tài khoản game nhưng vẫn không thành công!","false"
"Không thể xem được kênh yêu thích trên truyền hình cáp, ai biết cách làm không?","false"
"Chả hiểu tại sao hóa đơn ví điện tử lại cao hơn tháng trước, có ai biết lý do không?","false"
"Tôi không thấy mã OTP gửi về cho tài khoản ngân hàng, có ai gặp vấn đề này không?","false"
"Sao app gọi xe lại báo lỗi số điện thoại? Ai biết cách khắc phục không?","false"
"Tôi đã thử login vào tài khoản trên app thanh toán mà không thấy phản hồi gì!","false"
"Không hiểu sao không thể xác minh vào tài khoản trên app đặt đồ ăn, ai giúp không?","false"
"Tôi không thể xem được kênh trên truyền hình cáp, có ai từng gặp phải không?","false"
"Không nhận được thông báo từ ví điện tử dù đã nạp tiền, sao lại thế nhỉ?","false"
"Tôi không vào được tài khoản game vì lý do số điện thoại không xác nhận, làm sao để được đây?","false"
"Sao app thanh toán yêu cầu số điện thoại mà tôi không nhận được mã xác thực?","false"
"Đã đăng ký tài khoản nhưng không vào được app ngân hàng, có ai biết không?","false"
"Không hiểu sao hóa đơn truyền hình cáp lại có thêm phí không rõ ràng!","false"
"Tại sao không thể nhận mã OTP cho app gọi xe, có ai biết không?","false"
"Tôi đã thử mọi cách mà không nhận được mã xác thực cho ví điện tử, giúp tôi với!","false"
"Sao tôi không thể xác minh tài khoản trên nền tảng xem phim, ai biết không?","false"
"Không hiểu sao không mở được kênh trên truyền hình cáp, có ai gặp vấn đề này không?","false"
"App thanh toán báo lỗi số điện thoại, làm ơn giúp tôi với!","false"
"Tôi không thể đăng nhập vào tài khoản game do số điện thoại không xác nhận, ai giúp không?","false"
"Mọi người có biết tại sao không nhận được mã OTP từ ngân hàng không?","false"
"Đã thử nhiều lần nhưng không vào được app đặt đồ ăn, ai biết cách khắc phục?","false"
"Tôi không xem được kênh nào trên truyền hình cáp, có ai biết phải làm sao không?","false"
"Sao hôm nay không nhận được thông báo từ ví điện tử, có lỗi gì không?","false"
"Chả hiểu sao không xác minh được tài khoản trên app gọi xe, ai biết cách không?","false"
"Tôi không vào được tài khoản ngân hàng qua app, có cách nào không?","false"
"Tại sao không nhận được mã xác thực từ app thanh toán?","false"
"Sao tôi không thể xác minh số điện thoại trên nền tảng xem phim, có ai giúp không?","false"
"Tôi đã gửi yêu cầu khôi phục tài khoản game nhưng không thấy phản hồi nào!","false"
"Có ai gặp lỗi không xem được kênh trên truyền hình cáp không?","false"
"Tôi không nhận được thông báo từ app giao hàng dù đã đặt hàng, sao vậy nhỉ?","false"
"Tôi đã thử nhiều lần để đăng nhập tài khoản trên app ngân hàng mà không thành công!","false"
"Sao hôm nay không nhận được mã từ ví điện tử?","false"
"Tôi không thể sử dụng số điện thoại để xác minh tài khoản trên app đặt đồ ăn, làm sao?","false"
"Có ai biết tại sao không xem được kênh yêu thích trên truyền hình cáp không?","false"
"Tôi không nhận được mã OTP từ ngân hàng, có ai gặp phải không?","false"
"App gọi xe báo lỗi không xác nhận được số điện thoại, ai biết cách khắc phục không?","false"
"Tôi không thể vào được tài khoản trên ví điện tử, phải làm sao?","false"
"Không hiểu sao hóa đơn từ app thanh toán lại cao hơn bình thường, có ai biết không?","false"
"Tại sao app xem phim yêu cầu xác minh số điện thoại mà mã không về?","false"
"Tôi không nhận được thông báo từ ứng dụng giao hàng, sao vậy nhỉ?","false"
"Có ai biết cách để lấy lại tài khoản game bị khóa không?","false"
"Đã cố gắng nhiều lần nhưng vẫn không xem được kênh trên truyền hình cáp, có ai biết không?","false"
"Sao hôm nay không nhận được mã xác thực từ ví điện tử?","false"
"App thanh toán không cho tôi đăng nhập vì lỗi số điện thoại, có ai giúp không?","false"
"Tôi đã thử nhiều lần để xác minh tài khoản trên nền tảng xem phim mà không thành công!","false"
"Không hiểu sao không xem được kênh nào trên truyền hình cáp, có ai gặp lỗi này không?","false"
"Tôi không nhận được thông báo từ app đặt đồ ăn, sao lại như vậy nhỉ?","false"
"Tôi đã cố gắng đăng nhập vào tài khoản ngân hàng nhưng không thành công, giúp tôi với!","false"
"Không nhận được mã OTP cho ví điện tử của tôi","false"
"Điện thoại của tôi không nhận được tin nhắn xác thực từ app gọi xe","false"
"Tại sao tôi không xem được kênh trên truyền hình cáp?","false"
"Nhờ bạn kiểm tra giúp tôi hóa đơn tháng này của tài khoản Netflix","false"
"Làm ơn cho tôi biết cách khắc phục lỗi không đăng nhập được vào app thanh toán","false"
"Tôi quên mật khẩu tài khoản game, nhận mã OTP nhưng không thấy gì","false"
"Không thể xác minh tài khoản mua sắm trực tuyến, mã gửi về điện thoại không đến","false"
"Tôi đã bị trừ tiền trong app đặt đồ ăn nhưng không nhận được thức ăn","false"
"Tại sao mình không nhận được mã xác thực cho app ngân hàng?","false"
"Nhờ bạn hỗ trợ tôi lấy lại tài khoản đã bị khóa trên mạng xã hội","false"
"Chịu không nổi, hóa đơn truyền hình cáp tháng này cao quá!","false"
"Tôi cần giúp đỡ vì không lấy lại được tài khoản ví điện tử","false"
"Sao điện thoại không nhận mã OTP từ app xem phim nhỉ?","false"
"Có cách nào kiểm tra hóa đơn phí thuê bao truyền hình internet không?","false"
"Tôi không vào được tài khoản giao hàng, có phải do mã OTP không gửi không?","false"
"Làm ơn cho tôi biết số điện thoại liên hệ của dịch vụ khách hàng app đặt đồ ăn","false"
"Tôi cần hỗ trợ vì không xác minh được số điện thoại trên ứng dụng ngân hàng","false"
"Tôi đã bị khóa tài khoản trên app thương mại điện tử và không nhận được mã xác thực","false"
"Không thấy mã OTP vào điện thoại để kích hoạt tài khoản game","false"
"Mọi người ơi, sao hóa đơn truyền hình cáp tháng này lại tăng vậy?","false"
"Tại sao app mua sắm không gửi mã xác nhận vào số điện thoại của tôi?","false"
"Hóa đơn thanh toán của tôi có lỗi, nhờ bạn kiểm tra giúp","false"
"Không rút được tiền từ ví điện tử, mã xác thực không đến","false"
"Tôi không xem được kênh trên app truyền hình internet, có lỗi gì không?","false"
"Kiểm tra giúp tôi với, sao không nhận được OTP cho tài khoản ngân hàng","false"
"Chả hiểu sao không đăng nhập được vào app gọi xe, mã OTP không gửi","false"
"Có ai biết cách khắc phục lỗi không nhận mã xác thực của app thanh toán không?","false"
"Nhờ hỗ trợ, không xem được phim do không nhận mã xác thực","false"
"Truyền hình cáp của tôi bị lỗi, không thấy kênh nào cả","false"
"Không thể xác minh tài khoản vì mã OTP không gửi về điện thoại","false"
"Giúp tôi với, sao hóa đơn của ví điện tử lại cao thế này?","false"
"Điện thoại không nhận được tin nhắn xác minh cho tài khoản mua sắm","false"
"Tôi cần lấy lại tài khoản trên app giao hàng, mã OTP không tới","false"
"Có ai biết lý do sao không nhận mã OTP cho ví điện tử không?","false"
"Không đăng nhập được vào tài khoản game, có mã OTP nhưng không thấy","false"
"Sao tôi lại bị trừ tiền khi không đặt hàng trên app?","false"
"Tôi không thể xem kênh trên truyền hình cáp, có vấn đề gì không?","false"
"Tháng này hóa đơn truyền hình cáp của tôi lại cao hơn bình thường","false"
"Hỗ trợ tôi với, không nhận được mã xác thực cho app giao hàng","false"
"Điện thoại tôi không nhận được mã OTP cho ví điện tử, sao vậy?","false"
"Kiểm tra giúp tôi hóa đơn app gọi đồ ăn, thấy bị trừ tiền","false"
"Sao không gửi mã xác thực vào số điện thoại để xác minh tài khoản ngân hàng?","false"
"Không nhận được tin nhắn xác thực cho tài khoản mua sắm trực tuyến","false"
"Tôi đã nhấn gửi mã OTP nhưng không thấy gì từ app truyền hình","false"
"Hóa đơn tháng này của tôi trên app mua sắm bị lỗi, giúp tôi kiểm tra","false"
"Nhờ bạn kiểm tra hóa đơn tháng này trên Netflix, có sai sót gì không?","false"
"Không thể truy cập tài khoản vì không nhận được mã xác thực","false"
"Sao không nhận được mã xác thực từ app thanh toán nhỉ?","false"
"Tôi cần hỗ trợ vì không đăng nhập được vào tài khoản game","false"
"Hóa đơn dịch vụ truyền hình cáp này có lỗi, giúp tôi kiểm tra với","false"
"Tôi bị trừ tiền trong app giao hàng nhưng không nhận được đơn hàng","false"
"Không nhận được mã OTP để kích hoạt tài khoản ngân hàng, giùm tôi với","false"
"Sao tài khoản của tôi bị khóa trên app thương mại điện tử?","false"
"Tôi không thể xem kênh trên truyền hình cáp, có gì không ổn?","false"
"Chắc chắn có lỗi trong hóa đơn ví điện tử này, nhờ check giúp tôi","false"
"Điện thoại của tôi không nhận mã xác thực cho tài khoản mua sắm","false"
"Làm ơn chỉ cho tôi cách khắc phục lỗi không nhận OTP trên app ngân hàng","false"
"Không nhận được mã xác thực khi đăng nhập vào app gọi xe","false"
"Tại sao tôi không thể xác minh tài khoản vì không có mã OTP?","false"
"Sao không nhận được mã xác minh cho tài khoản ví điện tử nhỉ?","false"
"Có ai biết lý do sao hóa đơn truyền hình cáp lại tăng không?","false"
"Điện thoại không nhận OTP cho tài khoản game, làm sao giờ?","false"
"Tôi không vào được tài khoản giao hàng, mã OTP không đến","false"
"Nhờ bạn hỗ trợ tôi tìm hiểu vì sao không nhận được mã xác thực cho app","false"
"Tôi không thể xem phim vì không nhận được mã xác thực trên điện thoại","false"
"Giúp tôi với, tôi không nhận được mã OTP để kích hoạt tài khoản ngân hàng","false"
"Không thể xác minh tài khoản vì mã OTP không gửi về số điện thoại","false"
"Điện thoại của tôi không nhận mã OTP cho app thanh toán, phải làm sao?","false"
"Sao không thấy mã OTP gửi về điện thoại để xác minh tài khoản?","false"
"Không nhận được tin nhắn xác thực cho tài khoản trên app gọi đồ ăn","false"
"Nhờ bạn kiểm tra hóa đơn trên ứng dụng truyền hình, có sai sót gì không?","false"
"Sao hóa đơn ví điện tử của tôi lại cao thế này, kiểm tra giúp tôi với","false"
"Không nhận được mã OTP để xác minh tài khoản game, làm ơn giúp","false"
"Kiểm tra giúp tôi với, sao không nhận mã xác thực từ app giao hàng?","false"
"Tôi không thể vào tài khoản vì không thấy mã xác thực gửi về","false"
"Không nhận được mã OTP khi đăng nhập vào app thanh toán, giúp tôi nhé","false"
"Có cách nào lấy lại mã xác thực cho tài khoản giao hàng không?","false"
"Sao không gửi mã xác thực vào điện thoại cho tôi xác minh tài khoản ngân hàng?","false"
"Điện thoại của tôi không nhận được mã OTP để kích hoạt tài khoản game","false"
"Tại sao tôi không nhận được mã xác thực cho app mua sắm nhỉ?","false"
"Tôi không xem được kênh trên truyền hình cáp, có vấn đề gì không?","false"
"Hóa đơn tháng này có vẻ cao quá, có sai sót gì không?","false"
"Nhờ kiểm tra hóa đơn của tài khoản ngân hàng giúp tôi với","false"
"Không nhận được mã xác thực khi đăng nhập vào tài khoản game","false"
"Có ai biết cách khắc phục lỗi không nhận mã OTP từ app ngân hàng không?","false"
"Tại sao tôi không thể xác minh tài khoản vì không nhận mã OTP nhỉ?","false"
"Kiểm tra giúp tôi vì sao không nhận mã xác nhận cho app gọi xe","false"
"Không nhận được mã OTP gửi về điện thoại cho tài khoản ngân hàng","false"
"Có ai biết tại sao hóa đơn tháng này lại cao không?","false"
"Điện thoại của tôi không nhận mã OTP cho app thanh toán, giùm tôi với","false"
"Nhờ bạn hỗ trợ tôi xem hóa đơn tháng này trên app truyền hình","false"
"Sao không nhận mã xác thực từ app mua sắm nhỉ?","false"
"Tôi không thể vào tài khoản vì mã xác thực không gửi về","false"
"Giúp tôi với, tôi không nhận được mã OTP để xác minh tài khoản game","false"
"Điện thoại không nhận mã xác thực cho tài khoản ví điện tử, phải làm sao?","false"
"Nhờ bạn kiểm tra hóa đơn tháng này trên ứng dụng gọi đồ ăn","false"
"Sao không nhận được mã xác thực cho tài khoản ngân hàng nhỉ?","false"
"Tôi không thể xác minh tài khoản vì không thấy mã OTP","false"
"Điện thoại của tôi không nhận mã OTP cho app thương mại điện tử","false"
"Sao không nhận được mã xác thực từ app thanh toán nhỉ?","false"
"Tại sao tôi không nhận được mã OTP để kích hoạt tài khoản game?","false"
"Giúp tôi với, không nhận được mã xác thực cho tài khoản giao hàng","false"
"Tôi không xem được kênh trên truyền hình cáp vì không nhận mã xác thực","false"
"Nhờ bạn kiểm tra hóa đơn ví điện tử giúp tôi, có vấn đề gì không?","false"
"Không nhận được mã OTP để xác minh tài khoản trên app gọi xe","false"
"Sao không nhận được mã xác thực từ app truyền hình cáp nhỉ?","false"
"Tôi không thể vào tài khoản vì không nhận được mã xác thực gửi về","false"
"Tại sao không nhận được mã OTP cho tài khoản game?","false"
"Giúp tôi với, sao không nhận được mã xác thực cho tài khoản ngân hàng?","false"
"Điện thoại không nhận mã xác thực từ app thanh toán, có cách nào không?","false"
"Sao không nhận được mã xác thực gửi về cho tôi?","false"
"Tôi cần giúp đỡ vì không nhận được mã OTP cho tài khoản mua sắm","false"
"Nhờ bạn kiểm tra giúp tôi vì sao không nhận được mã xác thực cho app","false"
"Điện thoại của tôi không nhận mã OTP cho tài khoản game, sao giờ?","false"
"Sao không nhận được mã xác thực gửi về điện thoại cho tài khoản ngân hàng nhỉ?","false"
"Không nhận được mã OTP để xác minh tài khoản trên app thanh toán","false"
"Tôi đã bị khóa tài khoản trong app gọi xe vì không nhận được mã xác thực","false"
"Điện thoại của tôi không nhận mã OTP cho app truyền hình cáp, giúp tôi với","false"
"Không nhận được mã OTP để xác minh tài khoản ngân hàng của tôi","false"
"Tại sao tôi không thể đăng nhập vào ví điện tử bằng số điện thoại của mình?","false"
"Giúp tôi với, tôi không thể xem được kênh yêu thích trên truyền hình cáp!","false"
"Đã bị khóa tài khoản game, tôi cần hỗ trợ khôi phục ngay!","false"
"Tôi không nhận được thông báo thanh toán qua app đặt đồ ăn, có vấn đề gì không?","false"
"Chả nhẽ lại phải thay đổi số điện thoại để xem phim trên ứng dụng?","false"
"Thế nào là gói cước tốt nhất cho việc xem truyền hình trực tuyến?","false"
"Mình đã nạp tiền vào tài khoản nhưng vẫn không thể thanh toán qua ví điện tử.","false"
"Không hiểu sao không thể xác minh số điện thoại trên app giao hàng này?","false"
"Chạy mãi mà không thấy OTP gửi về số điện thoại của mình để đăng nhập!","false"
"Tại sao tôi không thể vào tài khoản ngân hàng trực tuyến của mình?","false"
"Chán ghê, không xem được phim trên app, chỉ toàn thông báo lỗi!","false"
"Giúp mình với, mình không biết cách lấy lại mật khẩu tài khoản game.","false"
"App xem phim yêu cầu gửi mã xác thực nhưng mình đã không nhận được gì cả!","false"
"Tại sao bị khóa tài khoản ví điện tử mà không có thông báo gì?","false"
"Mình đang gặp khó khăn khi thanh toán qua app, không thể dùng số điện thoại của mình.","false"
"Tôi cần mở lại tài khoản ngân hàng, đã gửi mã yêu cầu mà mã OTP không về!","false"
"Nhờ bạn kiểm tra giúp tôi về lỗi không nhận thông báo từ app gọi xe.","false"
"Tôi đã thử nhiều lần nhưng không thể xác nhận tài khoản truyền hình trực tuyến của mình!","false"
"Đã đặt đồ ăn nhưng không thấy thông báo gì về đơn hàng cả, có lỗi gì không?","false"
"Không thể xem kênh yêu thích trên truyền hình cáp, lỗi gì vậy nhỉ?","false"
"Giúp tôi với, không nhận được mã OTP cho tài khoản ngân hàng!","false"
"Vừa nạp tiền vào ví điện tử mà sao không thấy số dư cập nhật?","false"
"Tại sao tôi không thể đăng nhập vào nền tảng xem phim bằng số điện thoại này?","false"
"Mình đã thử hỏi nhưng không ai giúp được về tài khoản game đã bị khóa.","false"
"Không nhận được thông báo từ app thanh toán, làm ơn giúp tôi!","false"
"Chỉ muốn xem phim thôi mà sao mã xác thực cứ gửi mãi không về?","false"
"Không hiểu tại sao tài khoản ngân hàng lại bị khóa, có ai biết không?","false"
"Tại sao không thể xác minh số điện thoại trên app giao hàng?","false"
"Đã mất tài khoản ví điện tử, không nhận được mã OTP nào cả!","false"
"Tôi đang gặp khó khăn trong việc đăng nhập vào tài khoản game của mình.","false"
"Hóa đơn truyền hình cáp không đúng với số tiền tôi đã thanh toán!","false"
"App xem phim yêu cầu mã OTP mà không thấy gửi về số điện thoại của tôi.","false"
"Chẳng lẽ mình phải đổi số điện thoại mới vào được tài khoản ngân hàng?","false"
"Tại sao không nhận được thông báo từ app giao hàng, rất khó chịu!","false"
"Đã gửi yêu cầu khôi phục nhưng không thấy mã OTP đâu cả.","false"
"Giúp tôi kiểm tra tình trạng tài khoản ví điện tử, không thể đăng nhập!","false"
"Tôi đã hết hạn sử dụng tài khoản xem phim nhưng không nhận được thông báo gì cả!","false"
"Không hiểu sao lại không nhận được thông báo thanh toán qua app gọi xe!","false"
"Tôi đã thử nhiều lần nhưng vẫn không thể xác minh số điện thoại trên app đặt đồ ăn!","false"
"Bị khóa tài khoản ngân hàng mà không có lý do rõ ràng, rất khó chịu!","false"
"Không nhận được mã xác thực khi đăng nhập vào tài khoản game, giúp tôi với!","false"
"Giúp tôi với, tài khoản truyền hình cáp của tôi đang bị sự cố!","false"
"App ngân hàng yêu cầu xác minh số điện thoại mà tôi không nhận được mã!","false"
"Tôi cần hỗ trợ về tài khoản ví điện tử bị khóa, không sao vào được!","false"
"Tại sao tôi không thể xem kênh yêu thích trên app truyền hình?","false"
"Không nhận được thông báo từ ví điện tử, có lỗi gì không?","false"
"Ví điện tử của tôi không nhận được mã xác thực, cần giúp đỡ!","false"
"Không thể hiểu vì sao tài khoản xem phim của mình lại bị khóa!","false"
"Gọi điện thoại cho dịch vụ khách hàng mà không ai trả lời, rất thất vọng!","false"
"Để mất tài khoản game mà không nhận được thông báo gì!","false"
"Chả nhẽ phải đổi số điện thoại mới được xem phim trực tuyến?","false"
"Giúp tôi với, tài khoản ngân hàng không thể đăng nhập vào!","false"
"Không nhận được mã OTP để xác minh tài khoản ngân hàng, rất phiền phức!","false"
"Tôi không thể xem được kênh mình thích trên truyền hình cáp, có ai biết tại sao?","false"
"Hệ thống ví điện tử tự dưng bị lỗi, không thể giao dịch được!","false"
"Tại sao mình không thể xác minh số điện thoại trên app gọi đồ ăn?","false"
"Không nhận được mã số khi đăng nhập vào tài khoản game, thật khó chịu!","false"
"Tại sao không thấy thông báo từ app thanh toán mà tôi đã sử dụng?","false"
"Giúp tôi với, cần khôi phục tài khoản ngân hàng bị khóa!","false"
"Chả nhẽ lại phải thay đổi số điện thoại mới được xem kênh trong truyền hình cáp?","false"
"Nhờ kiểm tra giúp tôi tài khoản ví điện tử, không vào được!","false"
"Không rõ sao lại không nhận được mã OTP từ app ngân hàng, giúp đỡ!","false"
"Tôi đã thử nhiều lần mà vẫn không thấy mã xác thực cho tài khoản game.","false"
"App đặt đồ ăn của tôi không gửi thông báo đơn hàng, có vấn đề gì không?","false"
"Chán nản, không xem được kênh yêu thích trên truyền hình cáp!","false"
"Tại sao không nhận được mã xác nhận từ ví điện tử này?","false"
"Không thể đăng nhập vào tài khoản ngân hàng, rất bực mình!","false"
"Nhờ bạn kiểm tra giúp lỗi không nhận OTP cho tài khoản game của tôi!","false"
"Đã khóa tài khoản ví điện tử mà không thấy thông báo gì, thật kỳ lạ!","false"
"Tôi không nhận được thông báo từ app xem phim, rất khó chịu!","false"
"Tại sao không thể xác minh số điện thoại trên app giao hàng được nhỉ?","false"
"Bị khóa tài khoản ngân hàng mà không có lý do rõ ràng, rất khó chịu!","false"
"Không nhận được mã OTP từ hệ thống xác minh cho tài khoản ngân hàng!","false"
"Khó chịu quá, không xem được phim trên app, toàn lỗi không có mã xác thực!","false"
"Tôi cần hỗ trợ vì tài khoản game bị khóa, không vào được rồi!","false"
"Giúp tôi với, không hiểu sao không nhận được thông báo từ app thanh toán.","false"
"Đã đăng ký nhưng không thể đăng nhập vào tài khoản ngân hàng của tôi!","false"
"Tôi không nhận được mã xác thực cho việc đặt đồ ăn, có ai biết không?","false"
"Không hiểu sao tài khoản ngân hàng của tôi bị khóa, nhờ hỗ trợ!","false"
"Chả nhẽ lại phải tạo số điện thoại mới để xem phim trên ứng dụng?","false"
"Tôi cần giúp đỡ khôi phục tài khoản ví điện tử đã bị khóa!","false"
"Không nhận được mã OTP khi đăng nhập vào app xem phim, rất phiền!","false"
"Bị khóa tài khoản game mà không nhận được thông báo gì cả!","false"
"App gọi xe không gửi thông báo cho tôi, thật khó chịu!","false"
"Giúp tôi với, không vào được tài khoản ngân hàng bằng số điện thoại này!","false"
"Tôi không nhận được mã xác minh cho tài khoản trên truyền hình cáp!","false"
"Nhờ kiểm tra giúp tình trạng tài khoản ví điện tử, không đăng nhập được!","false"
"Không hiểu tại sao lại không nhận được thông báo từ app gọi đồ ăn!","false"
"Đã khóa tài khoản ngân hàng mà không biết lý do, ai giúp với!","false"
"Có ai biết tại sao không thể xác minh số điện thoại trên app thanh toán không?","false"
"Không nhận được mã OTP từ hệ thống khi đăng nhập tài khoản game!","false"
"Tôi không thể đăng nhập vào tài khoản ví điện tử, thật bực bội!","false"
"Giúp tôi với, không thấy thông báo từ app xem phim này!","false"
"Bị khóa tài khoản game mà không nhận được thông báo từ nhà phát hành nào!","false"
"Tại sao lại không nhận được mã xác thực từ app đặt đồ ăn nhỉ?","false"
"Chán ghê, không xem được kênh trên truyền hình cáp, có phải lỗi gì không?","false"
"Tôi đã thử nhiều lần mà không nhận được mã OTP cho tài khoản ngân hàng.","false"
"Nhờ bạn hỗ trợ kiểm tra tài khoản ví điện tử không đăng nhập được!","false"
"Không nhận được thông báo từ app thanh toán, có vấn đề gì không?","false"
"Tại sao mình không thể xác minh số điện thoại trên app gọi xe này?","false"
"Bị khóa tài khoản ngân hàng mà không có thông báo nào, rất thất vọng!","false"
"Không nhận được mã OTP cho đăng nhập tài khoản trên app xem phim!","false"
"Chả nhẽ lại phải đổi số điện thoại mới vào được tài khoản game?","false"
"Giúp tôi với, không thể xem được kênh yêu thích trên truyền hình cáp!","false"
"Tại sao không thể xác minh số điện thoại cho tài khoản ngân hàng được?","false"
"Tôi không thể vào tài khoản ví điện tử, rất khó khăn!","false"
"Giúp tôi với, không nhận được mã xác thực từ app gọi đồ ăn!","false"
"Bị khóa tài khoản game mà không thấy ai phản hồi, rất khó chịu!","false"
"Chả nhẽ lại không thể xem phim trên ứng dụng vì bị lỗi xác minh số điện thoại?","false"
"Tôi không nhận được mã OTP cho tài khoản ngân hàng, nhờ giúp đỡ!","false"
"Bị khóa tài khoản ví điện tử mà không thông báo gì, rất bực bội!","false"
"Không hiểu tại sao lại không nhận được thông báo từ app thanh toán này!","false"
"Giúp tôi với, không xác minh được số điện thoại trên app giao hàng!","false"
"Tôi cần hỗ trợ khôi phục tài khoản truyền hình cáp bị khóa!","false"
"Không thể đăng nhập vào tài khoản game, rất khó chịu!","false"
"Tại sao lại không nhận được mã xác thực từ app xem phim nhỉ?","false"
"Bị khóa tài khoản ngân hàng mà không thấy thông báo gì cả!","false"
"Không nhận được mã OTP cho việc xác minh tài khoản ví điện tử, có ai biết không?","false"
"Tôi đã thử nhiều lần mà vẫn không vào được tài khoản truyền hình cáp của mình.","false"
"Giúp tôi với, cần hỗ trợ về lỗi không nhận mã xác thực từ app thanh toán!","false"
"Tại sao không thể xác minh số điện thoại cho tài khoản game này?","false"
"Bị khóa tài khoản ví điện tử mà không có thông báo, rất khó chịu!","false"
"Không nhận được mã OTP từ hệ thống cho tài khoản ngân hàng của tôi!","false"
"Chả nhẽ lại không thể xem phim trên app này vì không xác minh được số điện thoại sao?","false"
"Tôi không thể vào tài khoản ngân hàng của mình, cần sự giúp đỡ!","false"
"Giúp tôi với, không nhận được thông báo từ app đặt đồ ăn này!","false"
"Bị khóa tài khoản game mà không có thông báo nào, rất khó chịu!","false"
"Tại sao không thể xác minh số điện thoại trên app thanh toán này nhỉ?","false"
"Không nhận được mã OTP cho tài khoản ví điện tử, rất bực bội!","false"
"Tôi cần hỗ trợ khôi phục tài khoản truyền hình cáp bị khóa, nhờ giúp đỡ!","false"
"Giúp tôi với, không xem được kênh trên truyền hình cáp này!","false"
"Nhờ kiểm tra giúp tôi tài khoản ngân hàng không đăng nhập được!","false"
"Bị khóa tài khoản ví điện tử mà không thấy thông báo, thật kỳ lạ!","false"
"Không hiểu sao không nhận được thông báo từ app giao hàng này!","false"
"Chào bạn, mình không nhận được mã OTP để xác minh tài khoản ngân hàng.","false"
"Giúp mình với, mình không thể đăng nhập vào ví điện tử do bị khóa tài khoản.","false"
"Tại sao mình không nhận được tin nhắn xác nhận cho việc đặt món ăn trên app giao hàng?","false"
"Làm ơn giúp mình với, mình bị trừ tiền trong tài khoản nhưng không biết lý do.","false"
"Mình muốn hỏi về hóa đơn tháng này cho dịch vụ truyền hình cáp, sao lại cao vậy?","false"
"App xem phim yêu cầu mình xác minh số điện thoại nhưng mình không nhận được mã.","false"
"Mình bị lỗi không xem được kênh trên truyền hình internet, bạn có biết cách sửa không?","false"
"Tháng này mình nhận được thông báo phí duy trì tài khoản ngân hàng, có ai bị giống mình không?","false"
"Tại sao tài khoản game của mình lại bị khóa, mình không làm gì sai cả?","false"
"Mình cần hỗ trợ vì không thể nạp tiền vào ví điện tử, nhiều lần thử nhưng không được.","false"
"Đặt xe không thành công, nhưng lại bị trừ tiền trong tài khoản ngân hàng.","false"
"Ứng dụng thanh toán yêu cầu mã OTP nhưng mình không thấy tin nhắn đến số điện thoại.","false"
"Chi phí tháng này cho dịch vụ truyền hình cáp sao lại tăng cao như vậy?","false"
"Mình không nhận được thông báo nào từ app giao hàng về đơn hàng của mình.","false"
"Tại sao mình không thể truy cập vào tài khoản ngân hàng trực tuyến của mình?","false"
"Có ai gặp lỗi khi xem phim trên app không? Mình không vào được.","false"
"Mình đã thử đổi mật khẩu nhưng tài khoản vẫn không truy cập được.","false"
"Sao app ví điện tử của mình lại bị lỗi không thể thực hiện giao dịch nhỉ?","false"
"Mình không nhận được thông báo xác thực cho tài khoản game, phải làm sao?","false"
"Giúp mình với, mình quên mật khẩu tài khoản ngân hàng và không biết lấy lại thế nào.","false"
"Tại sao hôm nay không nhận được mã OTP để thanh toán qua app?","false"
"Tháng này mình bị trừ phí duy trì tài khoản nhưng không rõ lý do, có ai giống mình không?","false"
"Mình không thể đăng nhập vào dịch vụ truyền hình internet vì quên mật khẩu.","false"
"Tại sao mình không xem được kênh yêu thích trên truyền hình cáp nữa?","false"
"Mình đang gặp vấn đề khi đặt hàng trên trang thương mại điện tử, không thành công.","false"
"Ứng dụng gọi xe đã trừ tiền nhưng không có chuyến đi nào được thực hiện.","false"
"Không hiểu sao mình vẫn chưa nhận được mã xác thực từ ví điện tử.","false"
"Mình đang gặp khó khăn trong việc tạo tài khoản trên app thanh toán, nhờ giúp đỡ.","false"
"Bị mất điện thoại, mình không thể nhận được mã xác thực từ ứng dụng ngân hàng.","false"
"Mình cần hỗ trợ vì tài khoản game của mình bị khóa không rõ nguyên nhân.","false"
"Chi phí dịch vụ truyền hình cáp của mình lại tăng mà không ai thông báo trước.","false"
"App xem phim yêu cầu xác minh số điện thoại nhưng mình chưa nhận được mã xác thực.","false"
"Tôi không thể đăng nhập vào ví điện tử, có ai có cách nào giúp không?","false"
"Nhờ bạn hỗ trợ, tài khoản ngân hàng của mình không nhận được thông báo gì cả.","false"
"Mình không nhận được email xác nhận cho đơn hàng trên trang thương mại điện tử.","false"
"Tại sao mình không thể thực hiện giao dịch trên app giao hàng?","false"
"Giúp mình tìm hiểu về lý do sao tài khoản ví điện tử lại bị khóa, mình không biết làm thế nào.","false"
"Mình không thể xem các kênh truyền hình yêu thích trên app, bạn có biết không?","false"
"Mình đã thử nhiều lần nhưng vẫn không nhận được mã OTP cho ví điện tử.","false"
"Chi phí tháng này cho dịch vụ truyền hình cáp sao lại khác với tháng trước vậy?","false"
"Ứng dụng gọi xe nói rằng không thể xác minh tài khoản của mình, phải làm sao?","false"
"Nhờ bạn chỉ giúp, mã OTP cho app ngân hàng vẫn chưa thấy đâu.","false"
"Tại sao mình không thể thanh toán qua app mà không thấy lỗi nào thông báo?","false"
"Giúp mình, mình không thể truy cập vào tài khoản game của mình được.","false"
"Tháng này mình thấy phí tài khoản ngân hàng tăng lên mà không thông báo trước.","false"
"Tại sao mình không nhận được mã xác thực cho việc đăng nhập vào ví điện tử?","false"
"Tôi không thể xem phim trên app, có ai có cách sửa không?","false"
"Chi phí duy trì tài khoản ngân hàng cao quá, có ai bị giống tôi không?","false"
"Tôi không nhận được mã OTP để thực hiện thanh toán qua ví điện tử, bạn có biết tại sao không?","false"
"Đặt hàng trên trang thương mại điện tử nhưng mã giảm giá không được áp dụng, có ai biết không?","false"
"Ứng dụng gọi xe báo lỗi nhưng tài khoản vẫn bị trừ tiền, phải làm sao?","false"
"Bị khóa tài khoản ví điện tử, mình không biết làm thế nào để mở lại.","false"
"Mình không nhận được thông báo về đơn hàng từ trang thương mại điện tử, bạn có biết không?","false"
"Tháng này sao mình lại không thấy hóa đơn của dịch vụ truyền hình cáp nhỉ?","false"
"Mình không thể tạo tài khoản trên app ngân hàng, nhờ giúp đỡ.","false"
"Bị trừ tiền nhưng không thấy giao dịch nào trên app, ai có ý kiến không?","false"
"Không nhận được mã OTP cho app thanh toán, phải làm sao bây giờ?","false"
"Có cách nào lấy lại mật khẩu cho tài khoản game không, mình quên mất rồi?","false"
"Tại sao hóa đơn tháng này cho dịch vụ truyền hình cáp lại cao hơn bình thường?","false"
"Mình không thể xem được phim trên app yêu thích, bạn có biết lý do không?","false"
"App giao hàng báo không tìm thấy thông tin đơn hàng, có ai gặp lỗi giống mình không?","false"
"Tôi cần hỗ trợ vì không thể thực hiện giao dịch qua app ngân hàng được.","false"
"Giúp mình, mình không thể đăng nhập vào tài khoản ví điện tử của mình, có ai biết không?","false"
"Tại sao tài khoản game của mình lại bị khóa mà không có lý do nào được thông báo?","false"
"Nhờ bạn giúp tôi về vấn đề không nhận được mã OTP cho dịch vụ thanh toán.","false"
"Mình không biết tại sao tháng này chi phí cho dịch vụ truyền hình cáp lại tăng lên như vậy.","false"
"Sao mình không thể xác minh tài khoản trên app giao hàng, đã thử nhiều lần nhưng không được?","false"
"Có ai thấy lỗi trong app xem phim không? Mình không vào được.","false"
"Tại sao không nhận được thông báo từ ví điện tử khi mình thực hiện giao dịch?","false"
"Giúp tôi với, tôi không thể đăng nhập vào tài khoản ngân hàng, có cách nào không?","false"
"Bị trừ tiền mà không thấy giao dịch nào, phải làm sao bây giờ?","false"
"Mình không thể xem được các kênh trên truyền hình internet, bạn có biết giúp không?","false"
"Chào bạn, tôi không nhận được mã OTP từ ví điện tử, nhờ bạn chỉ cách.","false"
"Sao app gọi xe lại báo lỗi không xác minh được tài khoản, mình không làm gì sai cả.","false"
"Tại sao tài khoản ngân hàng của mình lại không nhận được thông báo gì nhỉ?","false"
"Mình không nhận được mã xác thực cho tài khoản game, nhờ bạn chỉ giúp.","false"
"Chi phí tháng này cho dịch vụ truyền hình cáp sao lại cao quá, có ai biết không?","false"
"Đặt hàng trên trang thương mại điện tử nhưng không nhận được xác nhận đơn hàng.","false"
"Tôi không thể đăng nhập vào tài khoản ví điện tử, có ai giúp không?","false"
"Tại sao không có mã OTP cho việc thanh toán qua app ngân hàng nhỉ?","false"
"Sao mình không nhận được thông báo cho việc đặt hàng trên app giao hàng?","false"
"Mình đang gặp khó khăn trong việc khôi phục tài khoản game, nhờ hỗ trợ nhé!","false"
"Giúp mình với, tài khoản ngân hàng không nhận được xác nhận gì cả.","false"
"Tại sao mình không thể xem kênh truyền hình yêu thích trên app?","false"
"App thanh toán yêu cầu mã OTP nhưng mình không nhận được mã nào cả.","false"
"Bị khóa tài khoản ví điện tử, không biết làm thế nào để mở lại?","false"
"Tại sao tháng này lại không thấy hóa đơn cho dịch vụ truyền hình cáp?","false"
"Mấy ngày nay mình không thể vào app xem phim, có ai biết nguyên nhân không?","false"
"Tôi không nhận được mã xác thực cho tài khoản game, phải làm sao bây giờ?","false"
"Chi phí cho dịch vụ truyền hình cáp sao lại cao hơn tháng trước?","false"
"Giúp tôi với, tài khoản ngân hàng không phản hồi gì cả, không thể làm giao dịch.","false"
"Tại sao tôi không thể xác minh tài khoản trên app giao hàng, đã thử nhiều lần?","false"
"Mình không nhận được thông báo cho đơn hàng từ trang thương mại điện tử, nhờ hỗ trợ.","false"
"Chào bạn, mình không thể đăng nhập vào ví điện tử, có ai có cách nào không?","false"
"Sao không nhận được mã OTP cho việc thanh toán qua app?","false"
"Mình bị trừ tiền trong tài khoản nhưng không có giao dịch nào, có ai biết lý do không?","false"
"Mình không thể xem được phim trên app yêu thích, phải làm sao?","false"
"Giúp mình với, tài khoản game của mình không đăng nhập được, nhờ trợ giúp.","false"
"Chi phí dịch vụ tháng này sao lại cao hơn bình thường, có ai biết không?","false"
"Tại sao không thấy mã OTP cho việc xác minh tài khoản ngân hàng nhỉ?","false"
"Mình gặp vấn đề với app giao hàng, không nhận được thông báo đơn hàng.","false"
"Ứng dụng thanh toán bị lỗi không thể thực hiện giao dịch, có ai giúp không?","false"
"Tại sao tài khoản ngân hàng của mình không nhận được thông báo gì cả?","false"
"Sao tài khoản game của mình lại bị khóa, không biết phải làm sao?","false"
"Giúp mình với, hôm nay mình không nhận được mã OTP cho ví điện tử.","false"
"Chi phí tháng này cho dịch vụ truyền hình cáp của mình cao quá, không biết lý do.","false"
"Nhờ bạn chỉ giúp, tại sao mình lại không được xác minh tài khoản trên app gọi xe?","false"
"Bị trừ tiền nhưng mình không thấy giao dịch nào trong ví điện tử.","false"
"Tại sao mình không thể đăng nhập vào tài khoản game của mình nhỉ?","false"
"Sao không nhận được mã xác thực cho tài khoản ngân hàng, phải làm sao?","false"
"Mình không thể vào app xem phim yêu thích, có ai biết cách khắc phục không?","false"
"Tháng này mình thấy hóa đơn cho dịch vụ truyền hình cáp tăng mà không có thông báo.","false"
"Tại sao mình không nhận được mã OTP để xác minh tài khoản ví điện tử?","false"
"Mình không thể truy cập vào tài khoản ngân hàng được, nhờ sự giúp đỡ.","false"
"Tại sao app thanh toán yêu cầu mình xác minh số điện thoại mà không thấy mã?","false"
"Chào bạn, mình không nhận được thông báo cho đơn hàng của mình từ trang thương mại điện tử.","false"
"Sao app giao hàng lại báo lỗi khi xác minh tài khoản, đã thử nhiều lần nhưng không được?","false"
"Mình không thể xem được các kênh trên truyền hình cáp, có ai biết không?","false"
"Bị khóa tài khoản ví điện tử, không biết phải làm sao bây giờ?","false"
"Tại sao mình không nhận được mã xác thực cho tài khoản game của mình?","false"
"Chi phí tháng này cho dịch vụ truyền hình cáp sao lại tăng cao không báo trước?","false"
"Tại sao mình không thể thanh toán qua app ngân hàng mà không thấy thông báo lỗi?","false"
"Mình không nhận được thông báo về đơn hàng từ trang thương mại điện tử, có ai biết lý do không?","false"
"Có ai gặp lỗi trong app xem phim không? Mình không thể vào được.","false"
"Giúp mình với, không thể đăng nhập vào tài khoản ví điện tử của mình, có ai biết không?","false"
"Tháng này mình không nhận được hóa đơn cho dịch vụ truyền hình cáp, có ai giống mình không?","false"
"Tại sao không nhận được mã OTP để thực hiện thanh toán qua ví điện tử nhỉ?","false"
"Sao mình không thấy thông báo cho việc đặt hàng trên app giao hàng?","false"
"Tôi cần hỗ trợ vì không thể thực hiện giao dịch qua app ngân hàng được.","false"
"Giúp mình, mình không thể đăng nhập vào tài khoản ví điện tử của mình, có ai biết không?","false"
"Tại sao tài khoản ngân hàng của mình lại không nhận được thông báo gì nhỉ?","false"
"Mình không nhận được mã xác thực cho tài khoản game, nhờ bạn chỉ giúp.","false"
"Chi phí tháng này cho dịch vụ truyền hình cáp sao lại cao quá, có ai biết không?","false"
"Đặt hàng trên trang thương mại điện tử nhưng không nhận được xác nhận đơn hàng.","false"
"Tôi không thể đăng nhập vào tài khoản ví điện tử, có ai giúp không?","false"
"Tại sao không có mã OTP cho việc thanh toán qua app ngân hàng nhỉ?","false"
"Sao mình không nhận được thông báo cho việc đặt hàng trên app giao hàng?","false"
"Mình đang gặp khó khăn trong việc khôi phục tài khoản game, nhờ hỗ trợ nhé!","false"
"Giúp mình với, tài khoản ngân hàng không nhận được xác nhận gì cả.","false"
"Tại sao mình không thể xem kênh truyền hình yêu thích trên app?","false"
"App thanh toán yêu cầu mã OTP nhưng mình không nhận được mã nào cả.","false"
"Bị khóa tài khoản ví điện tử, không biết làm thế nào để mở lại?","false"
"Tại sao tháng này lại không thấy hóa đơn cho dịch vụ truyền hình cáp?","false"
"Mấy ngày nay mình không thể vào app xem phim, có ai biết nguyên nhân không?","false"
"Tôi không nhận được mã xác thực cho tài khoản game, phải làm sao bây giờ?","false"
"Chi phí cho dịch vụ truyền hình cáp sao lại cao hơn tháng trước?","false"
"Giúp tôi với, tài khoản ngân hàng không phản hồi gì cả, không thể làm giao dịch.","false"
"Tại sao tôi không thể xác minh tài khoản trên app giao hàng, đã thử nhiều lần?","false"
"Mình không nhận được thông báo cho đơn hàng từ trang thương mại điện tử, nhờ hỗ trợ.","false"
"Chào bạn, mình không thể đăng nhập vào ví điện tử, có ai có cách nào không?","false"
"Sao không nhận được mã OTP cho việc thanh toán qua app?","false"
"Mình bị trừ tiền trong tài khoản nhưng không có giao dịch nào, có ai biết lý do không?","false"
"Mình không thể xem được phim trên app yêu thích, phải làm sao?","false"
"Giúp mình với, tài khoản game của mình không đăng nhập được, nhờ trợ giúp.","false"
"Chi phí dịch vụ tháng này sao lại cao hơn bình thường, có ai biết không?","false"
"Tại sao không thấy mã OTP cho việc xác minh tài khoản ngân hàng nhỉ?","false"
"Mình gặp vấn đề với app giao hàng, không nhận được thông báo đơn hàng.","false"
"Ứng dụng thanh toán bị lỗi không thể thực hiện giao dịch, có ai giúp không?","false"
"Tại sao tài khoản ngân hàng của mình không nhận được thông báo gì cả?","false"
"Sao tài khoản game của mình lại bị khóa, không biết phải làm sao?","false"
"Giúp mình với, hôm nay mình không nhận được mã OTP cho ví điện tử.","false"
"Chi phí tháng này cho dịch vụ truyền hình cáp của mình cao quá, không biết lý do.","false"
"Nhờ bạn chỉ giúp, tại sao mình lại không được xác minh tài khoản trên app gọi xe?","false"
"Bị trừ tiền nhưng mình không thấy giao dịch nào trong ví điện tử.","false"
"Tại sao mình không thể đăng nhập vào tài khoản game của mình nhỉ?","false"
"Sao không nhận được mã xác thực cho tài khoản ngân hàng, phải làm sao?","false"
"Mình không thể vào app xem phim yêu thích, có ai biết cách khắc phục không?","false"
"Tháng này mình thấy hóa đơn cho dịch vụ truyền hình cáp tăng mà không có thông báo.","false"
"Tại sao mình không nhận được mã OTP để xác minh tài khoản ví điện tử?","false"
"Mình không thể truy cập vào tài khoản ngân hàng được, nhờ sự giúp đỡ.","false"
"Tại sao app thanh toán yêu cầu mình xác minh số điện thoại mà không thấy mã?","false"
"Chào bạn, mình không nhận được thông báo cho đơn hàng của mình từ trang thương mại điện tử.","false"
"Sao app giao hàng lại báo lỗi khi xác minh tài khoản, đã thử nhiều lần nhưng không được?","false"
"Mình không thể xem được các kênh trên truyền hình cáp, có ai biết không?","false"
"Bị khóa tài khoản ví điện tử, không biết phải làm sao bây giờ?","false"
"Tại sao mình không nhận được mã xác thực cho tài khoản game của mình?","false"
"Chi phí tháng này cho dịch vụ truyền hình cáp sao lại tăng cao không báo trước?","false"
"Tại sao mình không thể thanh toán qua app ngân hàng mà không thấy thông báo lỗi?","false"
"Mình không nhận được thông báo về đơn hàng từ trang thương mại điện tử, có ai biết lý do không?","false"
"Chào bạn, mình không nhận được mã OTP để xác nhận tài khoản ngân hàng.","false"
"Không thể đăng nhập vào ứng dụng thanh toán vì tài khoản bị khóa.","false"
"Tại sao mình bị trừ tiền từ tài khoản ví điện tử mà không biết lý do?","false"
"App gọi xe yêu cầu xác minh số điện thoại nhưng không nhận được mã xác thực.","false"
"Mình không xem được kênh trên truyền hình cáp, có ai biết lỗi này không?","false"
"Chả nhẽ mình phải liên hệ với ngân hàng để giải quyết chuyện không nhận được mã OTP?","false"
"Không vào được tài khoản game, có cần dùng số điện thoại để lấy lại không?","false"
"Nhờ bạn xem giúp mình hóa đơn của dịch vụ truyền hình internet bị sai nhé.","false"
"Mình không nhận được tin nhắn xác thực từ app đặt đồ ăn, có ai gặp trường hợp này không?","false"
"Tài khoản của mình bị khóa khi đăng nhập vào ví điện tử là do đâu nhỉ?","false"
"Đã thử nhấn gửi mã xác thực cho app ngân hàng nhưng không thấy gì hết.","false"
"App xem phim yêu cầu xác minh qua số điện thoại nhưng mình không nhận được tin nhắn.","false"
"Cho mình hỏi làm thế nào để khôi phục tài khoản game khi không nhận được OTP?","false"
"Mình không thể thanh toán hóa đơn qua app vì không nhận được mã xác nhận.","false"
"Có ai biết tại sao app gọi xe không gửi mã OTP xác thực không?","false"
"Nhà mình có lắp truyền hình cáp mà sao không xem được kênh nào cả?","false"
"Tại sao mình không nhận được thông báo từ app thương mại điện tử khi đơn hàng giao?","false"
"App ngân hàng lại không gửi mã xác thực vào số điện thoại của mình nữa rồi.","false"
"Mình cần xem hóa đơn truyền hình cáp nhưng không hiểu sao lại không truy cập được.","false"
"Biết đâu lại cần mã xác thực từ số điện thoại khi đăng nhập vào ví điện tử.","false"
"Chẳng nhẽ giờ mình phải gọi điện cho support của app đặt đồ ăn để lấy mã xác minh?","false"
"Mình không nhận được OTP cho tài khoản ngân hàng, bạn có biết làm sao không?","false"
"Truyền hình cáp tự dưng bị mất kênh mà không biết hỏi ai?","false"
"Không xem được gì trên app phim, có ai có cách nào để khắc phục không?","false"
"Bị trừ tiền trong tài khoản ví nhưng không rõ nguyên nhân, ai đã gặp vấn đề này chưa?","false"
"App gọi xe yêu cầu mã xác minh nhưng không thấy gửi gì cả, làm sao giờ?","false"
"Mình không đăng nhập được vào tài khoản game vì không nhận được OTP xác thực.","false"
"Thời gian gần đây, mình không nhận được thông báo giao hàng từ app mua sắm nữa.","false"
"Không biết cách nào để xem lại hóa đơn truyền hình cáp bị mất không nhỉ?","false"
"Đã thử reset nhưng ứng dụng thanh toán vẫn yêu cầu mã xác thực mà không có tin nhắn.","false"
"Số điện thoại đã đăng ký nhưng không nhận được mã xác minh khi dùng app ngân hàng.","false"
"Mình không thể thanh toán hóa đơn qua ứng dụng vì không nhận được OTP.","false"
"Tài khoản của mình bị khóa trên ví điện tử, không biết phải làm gì đây?","false"
"Chả nhẽ phải liên hệ với bên cung cấp truyền hình cáp để hỏi về gói kênh không sử dụng được?","false"
"Mọi lần nhận OTP nhanh mà giờ không thấy gì cho tài khoản game cả.","false"
"Khó chịu quá, app xem phim cứ yêu cầu mã xác minh mà không thấy gửi tin nhắn gì.","false"
"Người bạn của mình nói rằng không nhận được mã OTP khi xác nhận tài khoản ví điện tử.","false"
"Đến bao giờ thì mình mới có thể xem lại kênh truyền hình này?","false"
"App gọi món mà không gửi mã xác thực qua số điện thoại, đã thử nhiều lần rồi.","false"
"Không vào được tài khoản ngân hàng, mã OTP không về số điện thoại, có cách nào không?","false"
"Mình không thể xem phim qua ứng dụng vì nó yêu cầu gửi mã xác minh mà không có tin nhắn.","false"
"Chả nhẽ giờ phải gọi điện cho app thanh toán vì không thấy mã xác thực?","false"
"Tại sao lại không nhận được xác nhận qua số điện thoại khi dùng app ngân hàng?","false"
"Mình không thể thanh toán hóa đơn truyền hình cáp, lỗi gì vậy?","false"
"Không hiểu sao tài khoản game của mình bị khóa, có cần mã xác thực không?","false"
"Mình đã thử khôi phục tài khoản nhưng không thấy mã OTP gửi về.","false"
"App gọi xe lại yêu cầu mã xác minh, mà sao không nhận được tin nhắn gì nhỉ?","false"
"Bị trừ tiền trong tài khoản nhưng lại không biết lý do, ai giúp mình không?","false"
"Tại sao không thể xem được kênh mong muốn trên truyền hình cáp?","false"
"App thanh toán không gửi mã OTP để xác nhận tài khoản, phải làm sao bây giờ?","false"
"Mình không nhận được mã xác thực khi đăng nhập vào ví điện tử, có ai giúp không?","false"
"Đã thử gửi lại mã xác minh nhưng không được gì cho tài khoản ngân hàng cả.","false"
"Không vào được tài khoản game vì yêu cầu mã xác thực nhưng không nhận được tin nhắn.","false"
"Mình không xem được kênh trên truyền hình cáp, có ai biết cách khắc phục không?","false"
"App gọi xe yêu cầu mã xác thực mà mã không về, có cách nào để khắc phục không?","false"
"Tại sao lại không nhận được mã OTP từ app ngân hàng khi cần xác minh tài khoản?","false"
"Biết đâu lại cần gửi tin nhắn xác minh cho app thương mại điện tử khi không nhận được mã.","false"
"Chả nhẽ giờ phải gọi điện cho bên cung cấp truyền hình để hỏi về kênh không xem được?","false"
"Tài khoản ví điện tử không vào được, mã xác minh không gửi về số điện thoại.","false"
"Tại sao có ai gọi điện cho app xem phim mà không nhận được mã xác minh?","false"
"Mình không nhận được mã OTP để truy cập vào tài khoản game, làm sao giờ?","false"
"Không biết có cách nào để khôi phục tài khoản ngân hàng khi không có mã xác thực không?","false"
"Có ai đã gặp trường hợp không nhận được tin nhắn xác minh từ app gọi xe không?","false"
"App thanh toán yêu cầu mã xác thực nhưng chẳng thấy gửi gì cả.","false"
"Không xem được kênh trên truyền hình cáp, có ai biết cách khắc phục không?","false"
"Mình cần hỗ trợ vì không nhận được mã OTP trong ứng dụng thanh toán.","false"
"App gọi xe không gửi mã xác thực vào số điện thoại, ai giúp với?","false"
"Chả nhẽ mình phải liên hệ với khách hàng để hỏi về tài khoản game bị khóa?","false"
"Mình không vào được tài khoản ngân hàng vì không nhận được mã xác minh.","false"
"Nhờ bạn xem giúp mình hóa đơn của dịch vụ truyền hình cáp bị sai nhé.","false"
"App xem phim yêu cầu mã xác minh qua số điện thoại nhưng không nhận được gì.","false"
"Tại sao lại không nhận được thông báo từ app thương mại điện tử khi đơn hàng giao?","false"
"Mình không thể thanh toán bằng ví điện tử vì không nhận được mã xác thực.","false"
"Đã thử nhấn gửi mã xác thực cho app ngân hàng nhưng không thấy gì hết.","false"
"App gọi món không gửi mã xác thực qua số điện thoại, đã thử nhiều lần rồi.","false"
"Tài khoản của mình bị khóa trên ví điện tử, không biết phải làm gì đây?","false"
"Chả nhẽ giờ phải gọi điện cho support của app đặt đồ ăn để lấy mã xác minh?","false"
"Mình không nhận được mã OTP cho tài khoản ngân hàng, bạn có biết làm sao không?","false"
"Truyền hình cáp tự dưng bị mất kênh mà không biết hỏi ai?","false"
"Không xem được gì trên app phim, có ai có cách nào để khắc phục không?","false"
"Bị trừ tiền trong tài khoản ví nhưng không rõ nguyên nhân, ai đã gặp vấn đề này chưa?","false"
"App gọi xe yêu cầu mã xác minh nhưng không thấy gửi gì cả, làm sao giờ?","false"
"Mình không đăng nhập được vào tài khoản game vì không nhận được OTP xác thực.","false"
"Thời gian gần đây, mình không nhận được thông báo giao hàng từ app mua sắm nữa.","false"
"Không biết cách nào để xem lại hóa đơn truyền hình cáp bị mất không nhỉ?","false"
"Đã thử reset nhưng ứng dụng thanh toán vẫn yêu cầu mã xác thực mà không có tin nhắn.","false"
"Số điện thoại đã đăng ký nhưng không nhận được mã xác minh khi dùng app ngân hàng.","false"
"Mình không thể thanh toán hóa đơn qua ứng dụng vì không nhận được OTP.","false"
"Tài khoản của mình bị khóa trên ví điện tử, không biết phải làm gì đây?","false"
"Chả nhẽ phải liên hệ với bên cung cấp truyền hình cáp để hỏi về gói kênh không sử dụng được?","false"
"Mọi lần nhận OTP nhanh mà giờ không thấy gì cho tài khoản game cả.","false"
"Khó chịu quá, app xem phim cứ yêu cầu mã xác minh mà không thấy gửi tin nhắn gì.","false"
"Người bạn của mình nói rằng không nhận được mã OTP khi xác nhận tài khoản ví điện tử.","false"
"Đến bao giờ thì mình mới có thể xem lại kênh truyền hình này?","false"
"App gọi món mà không gửi mã xác thực qua số điện thoại, đã thử nhiều lần rồi.","false"
"Không vào được tài khoản ngân hàng, mã OTP không về số điện thoại, có cách nào không?","false"
"Mình không nhận được mã xác thực khi đăng nhập vào ví điện tử, có ai giúp không?","false"
"Đã thử gửi lại mã xác minh nhưng không được gì cho tài khoản ngân hàng cả.","false"
"Không vào được tài khoản game vì yêu cầu mã xác thực nhưng không nhận được tin nhắn.","false"
"Mình không xem được kênh trên truyền hình cáp, có ai biết cách khắc phục không?","false"
"App gọi xe yêu cầu mã xác thực mà mã không về, có cách nào để khắc phục không?","false"
"Tại sao lại không nhận được mã OTP từ app ngân hàng khi cần xác minh tài khoản?","false"
"Biết đâu lại cần gửi tin nhắn xác minh cho app thương mại điện tử khi không nhận được mã.","false"
"Chả nhẽ giờ phải gọi điện cho bên cung cấp truyền hình để hỏi về kênh không xem được?","false"
"Tài khoản ví điện tử không vào được, mã xác minh không gửi về số điện thoại.","false"
"Tại sao có ai gọi điện cho app xem phim mà không nhận được mã xác minh?","false"
"Mình không nhận được mã OTP để truy cập vào tài khoản game, làm sao giờ?","false"
"Không biết có cách nào để khôi phục tài khoản ngân hàng khi không có mã xác thực không?","false"
"Có ai đã gặp trường hợp không nhận được tin nhắn xác minh từ app gọi xe không?","false"
"App thanh toán yêu cầu mã xác thực nhưng chẳng thấy gửi gì cả.","false"
"Không xem được kênh trên truyền hình cáp, có ai biết cách khắc phục không?","false"
"Mình cần hỗ trợ vì không nhận được mã OTP trong ứng dụng thanh toán.","false"
"App gọi xe không gửi mã xác thực vào số điện thoại, ai giúp với?","false"
"Chả nhẽ mình phải liên hệ với khách hàng để hỏi về tài khoản game bị khóa?","false"
"Mình không vào được tài khoản ngân hàng vì không nhận được mã xác minh.","false"
"Nhờ bạn xem giúp mình hóa đơn của dịch vụ truyền hình cáp bị sai nhé.","false"
"App xem phim yêu cầu mã xác minh qua số điện thoại nhưng không nhận được gì.","false"
"Tại sao lại không nhận được thông báo từ app thương mại điện tử khi đơn hàng giao?","false"
"Mình không thể thanh toán bằng ví điện tử vì không nhận được mã xác thực.","false"
"Đã thử nhấn gửi mã xác thực cho app ngân hàng nhưng không thấy gì hết.","false"
"App gọi món không gửi mã xác thực qua số điện thoại, đã thử nhiều lần rồi.","false"
"Tài khoản của mình bị khóa trên ví điện tử, không biết phải làm gì đây?","false"
"Chả nhẽ giờ phải gọi điện cho support của app đặt đồ ăn để lấy mã xác minh?","false"
"Mình không nhận được mã OTP cho tài khoản ngân hàng, bạn có biết làm sao không?","false"
"Truyền hình cáp tự dưng bị mất kênh mà không biết hỏi ai?","false"
"Không xem được gì trên app phim, có ai có cách nào để khắc phục không?","false"
"Bị trừ tiền trong tài khoản ví nhưng không rõ nguyên nhân, ai đã gặp vấn đề này chưa?","false"
"App gọi xe yêu cầu mã xác minh nhưng không thấy gửi gì cả, làm sao giờ?","false"
"Mình không đăng nhập được vào tài khoản game vì không nhận được OTP xác thực.","false"
"Thời gian gần đây, mình không nhận được thông báo giao hàng từ app mua sắm nữa.","false"
"Không biết cách nào để xem lại hóa đơn truyền hình cáp bị mất không nhỉ?","false"
"Đã thử reset nhưng ứng dụng thanh toán vẫn yêu cầu mã xác thực mà không có tin nhắn.","false"
"Số điện thoại đã đăng ký nhưng không nhận được mã xác minh khi dùng app ngân hàng.","false"
"Mình không thể thanh toán hóa đơn qua ứng dụng vì không nhận được OTP.","false"
"Tài khoản của mình bị khóa trên ví điện tử, không biết phải làm gì đây?","false"
"Chả nhẽ phải liên hệ với bên cung cấp truyền hình cáp để hỏi về gói kênh không sử dụng được?","false"
"Mọi lần nhận OTP nhanh mà giờ không thấy gì cho tài khoản game cả.","false"
"Khó chịu quá, app xem phim cứ yêu cầu mã xác minh mà không thấy gửi tin nhắn gì.","false"
"Người bạn của mình nói rằng không nhận được mã OTP khi xác nhận tài khoản ví điện tử.","false"
"Đến bao giờ thì mình mới có thể xem lại kênh truyền hình này?","false"
"App gọi món mà không gửi mã xác thực qua số điện thoại, đã thử nhiều lần rồi.","false"
"Không vào được tài khoản ngân hàng, mã OTP không về số điện thoại, có cách nào không?","false"
"Mình không nhận được mã xác thực khi đăng nhập vào ví điện tử, có ai giúp không?","false"
"Đã thử gửi lại mã xác minh nhưng không được gì cho tài khoản ngân hàng cả.","false"
"Không vào được tài khoản game vì yêu cầu mã xác thực nhưng không nhận được tin nhắn.","false"
"Mình không xem được kênh trên truyền hình cáp, có ai biết cách khắc phục không?","false"
"App gọi xe yêu cầu mã xác thực mà mã không về, có cách nào để khắc phục không?","false"
"Tại sao lại không nhận được mã OTP từ app ngân hàng khi cần xác minh tài khoản?","false"
"Biết đâu lại cần gửi tin nhắn xác minh cho app thương mại điện tử khi không nhận được mã.","false"
"Chả nhẽ giờ phải gọi điện cho bên cung cấp truyền hình để hỏi về kênh không xem được?","false"
"Tài khoản ví điện tử không vào được, mã xác minh không gửi về số điện thoại.","false"
"Tại sao có ai gọi điện cho app xem phim mà không nhận được mã xác minh?","false"
"Mình không nhận được mã OTP để truy cập vào tài khoản game, làm sao giờ?","false"
"Không biết có cách nào để khôi phục tài khoản ngân hàng khi không có mã xác thực không?","false"
"Có ai đã gặp trường hợp không nhận được tin nhắn xác minh từ app gọi xe không?","false"
"App thanh toán yêu cầu mã xác thực nhưng chẳng thấy gửi gì cả.","false"
"Không xem được kênh trên truyền hình cáp, có ai biết cách khắc phục không?","false"
"Mình cần hỗ trợ vì không nhận được mã OTP trong ứng dụng thanh toán.","false"
"App gọi xe không gửi mã xác thực vào số điện thoại, ai giúp với?","false"
"Chả nhẽ mình phải liên hệ với khách hàng để hỏi về tài khoản game bị khóa?","false"
"Mình không vào được tài khoản ngân hàng vì không nhận được mã xác minh.","false"
"Nhờ bạn xem giúp mình hóa đơn của dịch vụ truyền hình cáp bị sai nhé.","false"
"App xem phim yêu cầu mã xác minh qua số điện thoại nhưng không nhận được gì.","false"
"Tại sao lại không nhận được thông báo từ app thương mại điện tử khi đơn hàng giao?","false"
"Mình không thể thanh toán bằng ví điện tử vì không nhận được mã xác thực.","false"
"Đã thử nhấn gửi mã xác thực cho app ngân hàng nhưng không thấy gì hết.","false"
"App gọi món không gửi mã xác thực qua số điện thoại, đã thử nhiều lần rồi.","false"
"Tài khoản của mình bị khóa trên ví điện tử, không biết phải làm gì đây?","false"
"Chả nhẽ giờ phải gọi điện cho support của app đặt đồ ăn để lấy mã xác minh?","false"
"Mình không nhận được mã OTP cho tài khoản ngân hàng, bạn có biết làm sao không?","false"
"Truyền hình cáp tự dưng bị mất kênh mà không biết hỏi ai?","false"
"Không xem được gì trên app phim, có ai có cách nào để khắc phục không?","false"
"Bị trừ tiền trong tài khoản ví nhưng không rõ nguyên nhân, ai đã gặp vấn đề này chưa?","false"
"Chả hiểu sao không nhận được mã OTP cho tài khoản ngân hàng","false"
"Đăng nhập vào ví điện tử mà bị báo lỗi, bạn giúp mình với","false"
"Nhờ bạn kiểm tra giúp mình hóa đơn truyền hình cáp bị sai","false"
"Không nhận được thông báo từ app gọi xe, có ai gặp như mình không?","false"
"Ko hiểu sao tài khoản game của mình bị khóa, có cần cung cấp số điện thoại không?","false"
"Lỗi không xác minh được số điện thoại cho app xem phim","false"
"Mình đang bị trừ tiền oan từ dịch vụ thương mại điện tử, ai biết làm sao không?","false"
"Có cách nào lấy lại tài khoản đã bị khóa trên mạng xã hội không?","false"
"Chả nhẽ không thể đặt đồ ăn qua app vì không nhận được mã xác thực?","false"
"Khi nào mới có hóa đơn truyền hình internet cho tháng này?","false"
"Không vào được tài khoản ngân hàng qua điện thoại, làm ơn giúp mình với","false"
"Tại sao không thể xem kênh truyền hình mình đã đăng ký?","false"
"Bạn ơi, mình bị khóa tài khoản ví điện tử, phải làm gì bây giờ?","false"
"Giúp mình với, mình không nhận được thông báo từ dịch vụ gọi xe","false"
"Tại sao mình không thể nạp tiền vào tài khoản game qua số điện thoại?","false"
"Cần hỗ trợ lấy lại tài khoản ví điện tử, có cần mã xác minh không?","false"
"Tháng này có hóa đơn truyền hình cáp bị sai, bây giờ phải làm sao?","false"
"Không nhận được mã OTP để xác nhận tài khoản thương mại điện tử","false"
"Bị lỗi không thể đăng nhập vào app xem phim, bạn có kinh nghiệm gì không?","false"
"Xin lỗi, mình muốn biết cách khôi phục tài khoản mạng xã hội của mình","false"
"Đang gặp vấn đề với app ngân hàng, không nhận được thông báo gì cả","false"
"Mình bị trừ tiền từ dịch vụ không sử dụng, làm sao để kiểm tra?","false"
"Làm sao để nhận được mã xác thực cho app gọi xe?","false"
"Giúp mình với, sao không thể đăng nhập vào tài khoản truyền hình cáp?","false"
"Chờ mã OTP mãi mà không thấy, có ai gặp trường hợp như mình không?","false"
"Tại sao lại không xem được kênh truyền hình mình đã đăng ký?","false"
"Không nhận được thông báo từ ví điện tử, có cách nào khắc phục không?","false"
"Mình không thể xác minh số điện thoại cho app đặt đồ ăn, ai biết cách không?","false"
"Bị trừ tiền không rõ nguyên nhân từ dịch vụ xem phim, ai giúp mình với?","false"
"Chả nhẽ không thể khôi phục tài khoản game khi không nhận được OTP?","false"
"Xin hỏi, có ai bị khóa tài khoản trên mạng xã hội giống mình không?","false"
"Mình không vào được tài khoản ngân hàng qua ứng dụng điện thoại, giúp mình!","false"
"Khó chịu quá, không thể xem kênh mình thích trên truyền hình cáp!","false"
"Chả hiểu sao không nhận được mã OTP cho app ngân hàng, bạn có biết không?","false"
"Nhờ bạn giúp mình, tài khoản ví điện tử của mình bị khóa không lý do!","false"
"Làm sao lấy lại tài khoản bị khóa trên app gọi xe?","false"
"Đã chờ mã xác minh mà vẫn không thấy, ai có ý kiến không?","false"
"Bị trừ tiền cho dịch vụ mà mình không sử dụng, phải làm sao đây?","false"
"Tại sao mình không thể xem được phim trên app yêu thích?","false"
"Không thể đăng nhập vào tài khoản game, có ai biết cách khắc phục không?","false"
"Mình không nhận được thông báo từ app đặt đồ ăn, bạn có biết làm sao không?","false"
"Cần hỗ trợ lấy lại hóa đơn truyền hình cáp tháng này, ai giúp mình với?","false"
"Không xác nhận được số điện thoại cho app ngân hàng, có cách nào không?","false"
"Làm ơn giúp mình với, tài khoản ví điện tử không vào được!","false"
"Có cách nào để khôi phục tài khoản trên mạng xã hội không?","false"
"Chả nhẽ không thể lấy lại tài khoản vì không nhận được mã xác thực?","false"
"Bị lỗi không xem được kênh truyền hình đã đăng ký, ai đã từng gặp không?","false"
"Không nhận được mã OTP cho tài khoản ngân hàng, có ai biết không?","false"
"Giúp mình với, sao không vào được app gọi xe nhỉ?","false"
"Mình bị khóa tài khoản game mà chưa nhận được thông báo gì","false"
"Tại sao không thể đăng nhập vào ví điện tử, ai có kinh nghiệm gì không?","false"
"Không xác minh được số điện thoại cho app đặt đồ ăn, làm sao đây?","false"
"Bị trừ tiền từ dịch vụ không sử dụng, ai giúp mình kiểm tra không?","false"
"Không nhận được thông báo từ dịch vụ thương mại điện tử, ai biết không?","false"
"Chờ mã OTP mãi mà không thấy, có ai gặp trường hợp như mình không?","false"
"Làm sao để sửa hóa đơn truyền hình cáp tháng này?","false"
"Không vào được tài khoản ngân hàng qua điện thoại, ai có giải pháp không?","false"
"Cần hỗ trợ khôi phục tài khoản ví điện tử bị khóa, bạn có biết không?","false"
"Tại sao không xem được kênh truyền hình mình đã đăng ký?","false"
"Bị khóa tài khoản game mà không biết lý do, ai giúp mình với?","false"
"Nhờ bạn giúp mình, không nhận được mã xác minh cho app gọi xe!","false"
"Không nhận được mã OTP cho app ngân hàng, có cách nào không?","false"
"Giúp mình với, tài khoản truyền hình cáp của mình bị sai hóa đơn!","false"
"Tại sao không thể đăng nhập vào ví điện tử qua số điện thoại?","false"
"Chả nhẽ không thể xác minh số điện thoại cho app đặt đồ ăn?","false"
"Bị trừ tiền từ dịch vụ mà mình không sử dụng, có cách nào để kiểm tra không?","false"
"Tại sao mình không thể xem được phim trên app yêu thích?","false"
"Không xác minh được số điện thoại cho tài khoản ngân hàng, có ai biết không?","false"
"Chờ mã xác thực mãi mà vẫn không thấy, ai có ý kiến không?","false"
"Bị khóa tài khoản trên mạng xã hội, có cách nào lấy lại không?","false"
"Không nhận được thông báo từ app ngân hàng, có ai gặp vấn đề tương tự không?","false"
"Bị lỗi không thể xem được kênh truyền hình đã đăng ký, có ai giúp không?","false"
"Tại sao không thể xác minh số điện thoại cho app gọi xe được?","false"
"Chả hiểu sao tài khoản game của mình lại bị khóa, có cách nào không?","false"
"Không nhận được mã OTP cho tài khoản ngân hàng, nhờ bạn giúp mình!","false"
"Mình không thể đăng nhập vào app đặt đồ ăn, có ai biết cách không?","false"
"Cần hỗ trợ lấy lại hóa đơn truyền hình cáp tháng này, bạn có biết không?","false"
"Không xác minh được số điện thoại cho app ngân hàng, làm sao bây giờ?","false"
"Tại sao điện thoại không nhận được mã xác thực cho ví điện tử nhỉ?","false"
"Giúp mình với, sao không vào được tài khoản game nhỉ?","false"
"Chả nhẽ không thể lấy lại tài khoản khi không nhận được mã xác thực?","false"
"Không nhận được thông báo từ app gọi xe, bạn có biết lý do không?","false"
"Bị khóa tài khoản mạng xã hội, có cách nào khôi phục không?","false"
"Tài khoản ngân hàng của mình không nhận được mã OTP, ai biết làm sao không?","false"
"Không xem được kênh truyền hình mình đã đăng ký, ai giúp mình với?","false"
"Chờ mã xác minh mà mãi không thấy, có ai gặp trường hợp như mình không?","false"
"Bị lỗi không thể đăng nhập vào ví điện tử, ai có kinh nghiệm gì không?","false"
"Làm sao để lấy lại tài khoản bị khóa trên ứng dụng thương mại điện tử?","false"
"Không nhận được mã OTP cho app xem phim, có ai biết làm sao không?","false"
"Tại sao lại không vào được tài khoản game mà mình đã đăng ký?","false"
"Gặp vấn đề với hóa đơn truyền hình cáp tháng này, nhờ bạn giúp mình!","false"
"Không xác minh được số điện thoại cho app đặt đồ ăn, có cách nào không?","false"
"Bị trừ tiền không rõ nguyên nhân từ dịch vụ thương mại điện tử, ai giúp mình với?","false"
"Giúp mình với, không thể vào tài khoản ngân hàng qua điện thoại!","false"
"Chờ mã OTP mãi mà không thấy, có ai gặp trường hợp như mình không?","false"
"Không nhận được thông báo từ ví điện tử, làm sao để khắc phục đây?","false"
"Bị khóa tài khoản trên app gọi xe, ai có cách nào để lấy lại không?","false"
"Tại sao không thể xem được kênh truyền hình mình đã đăng ký?","false"
"Không nhận được mã xác minh cho tài khoản ngân hàng, có ai biết cách khắc phục không?","false"
"Chả nhẽ không thể khôi phục tài khoản game khi không nhận được OTP?","false"
"Cần hỗ trợ lấy lại tài khoản ví điện tử, có ai biết làm sao không?","false"
"Bị lỗi không đăng nhập được vào app đặt đồ ăn, ai có ý kiến gì không?","false"
"Tại sao lại không nhận được mã OTP cho app ngân hàng nhỉ?","false"
"Bạn ơi, sao không vào được tài khoản truyền hình cáp của mình?","false"
"Chờ mã xác thực mãi mà vẫn không thấy, có ai gặp trường hợp như mình không?","false"
"Bị khóa tài khoản mạng xã hội mà không có lý do gì, ai có cách nào không?","false"
"Không nhận được thông báo từ app gọi xe, có ai biết làm sao không?","false"
"Bị lỗi không thể xem được kênh truyền hình đã đăng ký, ai giúp mình với?","false"
"Không nhận được mã OTP cho tài khoản ngân hàng, làm ơn giúp mình!","false"
"Chả nhẽ không thể khôi phục tài khoản nếu không nhận được mã xác thực?","false"
"Bị trừ tiền không rõ lý do từ dịch vụ không sử dụng, có ai biết không?","false"
"Tại sao không thể xác minh số điện thoại cho app ngân hàng được nhỉ?","false"
"Mình không vào được tài khoản game qua điện thoại, ai biết cách nào không?","false"
"Giúp mình với, sao không nhận được mã xác minh cho app đặt đồ ăn?","false"
"Tại sao lại không xem được phim trên app mà mình đã đăng ký không?","false"
"Bị khóa tài khoản trên mạng xã hội, có cách nào khôi phục không?","false"
"Không nhận được mã OTP cho app ngân hàng, có ai biết lý do không?","false"
"Bị lỗi không thể đăng nhập vào ví điện tử, ai có kinh nghiệm gì không?","false"
"Tại sao lại không thể xem kênh truyền hình đã đăng ký nhỉ?","false"
"Chờ mã xác thực mãi mà vẫn không thấy, có ai gặp như mình không?","false"
"Bị khóa tài khoản game mà không có lý do, ai giúp mình với?","false"
"Không thể vào được tài khoản ngân hàng qua điện thoại, làm sao đây?","false"
"Tại sao không thể xem được kênh truyền hình mình đã thích không?","false"
"Bị trừ tiền không rõ nguyên nhân từ dịch vụ thương mại điện tử, bạn có biết không?","false"
"Bị lỗi không nhận được mã OTP cho tài khoản ngân hàng, ai giúp mình?","false"
"Cần hỗ trợ lấy lại hóa đơn truyền hình cáp tháng này, nhờ bạn giúp mình!","false"
"Không xác minh được số điện thoại cho app đặt đồ ăn, có ai biết không?","false"
"Chả hiểu sao tài khoản game của mình bị khóa, có cách nào khôi phục không?","false"
"Giúp mình với, sao không vào được tài khoản ngân hàng qua điện thoại?","false"
"Bị khóa tài khoản trên mạng xã hội, có cách nào để lấy lại không?","false"
"Chờ mã OTP mãi mà không thấy, có ai gặp phải như mình không?","false"
"Bị lỗi không thể xem được kênh truyền hình đã đăng ký, có ai giúp không?","false"
"Tại sao không nhận được mã xác minh cho ví điện tử, ai biết không?","false"
"Em không nhận được OTP từ ứng dụng ngân hàng, anh có biết làm sao để khắc phục không?","false"
"Tại sao tôi không thể đăng nhập vào tài khoản ví điện tử của mình?","false"
"Chả hiểu sao lại bị khóa tài khoản trên app gọi xe, có ai biết cách mở không?","false"
"Nhờ bạn kiểm tra giúp tôi hóa đơn truyền hình cáp này có đúng không nhé?","false"
"Tôi đã thanh toán tiền cho dịch vụ xem phim nhưng không thể xem được, bạn có biết lý do không?","false"
"Rất khó chịu khi không nhận được mã xác nhận từ app mua sắm trực tuyến.","false"
"Bạn có biết tại sao số điện thoại của tôi không thể liên kết với tài khoản game không?","false"
"Đã vài lần tôi nhập mã OTP nhưng vẫn không đăng nhập được vào tài khoản ngân hàng, ai giúp tôi với!","false"
"Không hiểu sao khi tôi thanh toán hóa đơn giao hàng thì bị trừ tiền nhưng không nhận được hàng.","false"
"Bạn có biết thanh toán qua ví điện tử có bị lỗi gì không, tôi bị trừ tiền mà không có giao dịch nào?","false"
"Tôi đang gặp vấn đề với việc xác minh số điện thoại trên app đặt đồ ăn, ai có kinh nghiệm không?","false"
"Chả nhẽ mà tôi không thể kiểm tra được gói kênh truyền hình cáp của mình sao?","false"
"Sao tôi không nhận được thông báo khi nạp tiền vào ví điện tử nhỉ?","false"
"Rất khó chịu khi không thể truy cập vào tài khoản phim của mình, cần giúp đỡ gấp!","false"
"Đã nạp tiền vào tài khoản game nhưng không thấy hiển thị, làm ơn giúp tôi với!","false"
"Tôi đã đặt hàng trên thương mại điện tử nhưng không nhận được thông tin gì về đơn hàng.","false"
"Không thể nào mà lại không nhận được mã xác thực từ ứng dụng ngân hàng được?","false"
"Tôi không biết tại sao lại không xem được kênh yêu thích trên truyền hình cáp của mình nữa.","false"
"Sao lại không nhập được số điện thoại cho app thanh toán, có ai biết cách không?","false"
"Hóa đơn dịch vụ truyền hình cáp tháng này có vấn đề gì không, bạn kiểm tra giúp tôi với!","false"
"Có vẻ như tài khoản ví điện tử của tôi bị khóa, không biết làm sao để mở lại nhỉ?","false"
"Tôi đã thanh toán nhưng không thấy tiền vào tài khoản game của mình, ai giúp với!","false"
"Đã chờ mã OTP để xác minh tài khoản nhưng vẫn chưa thấy gửi đến số điện thoại.","false"
"Không thể kết nối với tài khoản mua sắm trực tuyến của mình, cần hướng dẫn gấp!","false"
"Thông báo từ app giao đồ ăn không hiện lên, có ai gặp vấn đề tương tự không?","false"
"Tôi có thể lấy lại mã OTP cho tài khoản ngân hàng không đây?","false"
"Sao hóa đơn của dịch vụ xem phim tháng này lại cao như vậy, có ai biết không?","false"
"Chả nhẽ tài khoản ví điện tử của mình lại bị khóa mà không báo trước sao?","false"
"Đã thanh toán cho dịch vụ nhưng không nhận được hàng, có ai biết cách khiếu nại không?","false"
"Sao mã xác minh số điện thoại của tôi không nhận được trên app gọi xe nhỉ?","false"
"Tôi đã thử xác minh tài khoản ngân hàng nhưng không nhận được mã OTP, ai biết giúp không?","false"
"Có cách nào để kiểm tra hóa đơn truyền hình cáp không, tôi không thấy trên app?","false"
"Rất thất vọng khi không thể xem chương trình yêu thích vì lỗi kết nối trên truyền hình cáp.","false"
"Đã có ai gặp lỗi thanh toán qua ví điện tử chưa, tôi làm mãi mà không được?","false"
"Số điện thoại của tôi không thể xác minh trên app đặt đồ ăn, có ai biết lý do không?","false"
"Không biết làm sao để mở khóa tài khoản ví điện tử, ai có kinh nghiệm không?","false"
"Sao lại không thể nhận mã OTP từ ứng dụng ngân hàng, ai đó giúp tôi với!","false"
"Tôi không thể kiểm tra lịch sử thanh toán trên app mua sắm, ai có thể hướng dẫn không?","false"
"Có cách nào để khiếu nại việc thanh toán không thành công trên app thanh toán không?","false"
"Chả nhẽ dịch vụ truyền hình cáp này lại không thể xem được kênh nào sao?","false"
"Khi nào thì tôi sẽ nhận được mã xác thực cho tài khoản game của mình đây?","false"
"Tại sao tôi không thể đăng nhập vào tài khoản trên app giao hàng nhỉ?","false"
"Đã nạp tiền vào ví điện tử nhưng không thấy tiền về, có ai gặp vấn đề này không?","false"
"Chả nhẽ mà tài khoản ngân hàng của tôi không thể xác minh chỉ vì mã OTP không gửi đến?","false"
"Tháng này hóa đơn truyền hình cáp của tôi cao quá, có ai biết lý do không?","false"
"Tôi không thể kết nối số điện thoại với tài khoản giao đồ ăn của mình, bất tiện quá!","false"
"Đã thử nhiều lần nhưng không nhận được mã xác minh từ app thanh toán, ai giúp với!","false"
"Tôi có thể yêu cầu gửi lại mã OTP cho tài khoản game không, ai biết không?","false"
"Sao hóa đơn dịch vụ xem phim lại không khớp với thông tin thanh toán của tôi nhỉ?","false"
"Không thể nào để xem được kênh yêu thích trên truyền hình cáp, có ai biết không?","false"
"Tôi đã làm đủ cách nhưng vẫn không thể đăng nhập vào tài khoản ví điện tử, ai giúp với!","false"
"Đã thanh toán mà không thấy hàng đến, có ai biết khiếu nại ở đâu không?","false"
"Sao mà không nhận được mã xác thực cho tài khoản ngân hàng vậy, có cách nào khắc phục không?","false"
"Tôi bị lỗi không thể xem được kênh trên truyền hình cáp, cần giúp đỡ gấp!","false"
"Điện thoại của tôi không thể xác minh với ứng dụng thanh toán, có ai gặp tình trạng như vậy không?","false"
"Tôi đã thử đổi số điện thoại nhưng vẫn không nhận được mã OTP cho tài khoản ngân hàng.","false"
"Chả nhẽ mà tôi không thể kiểm tra được hóa đơn dịch vụ giao hàng trên app sao?","false"
"Có ai biết làm sao để mở khóa tài khoản ví điện tử không, tôi hơi hoang mang.","false"
"Tại sao tôi không thể đăng nhập vào tài khoản truyền hình cáp của mình nhỉ?","false"
"Đã nạp tiền cho tài khoản game mà không thấy hiển thị, ai đó giúp tôi với!","false"
"Sao không xem được chương trình yêu thích trên dịch vụ truyền hình cáp nhỉ?","false"
"Đã chờ mã xác nhận qua số điện thoại nhưng vẫn không nhận, bạn có biết lý do không?","false"
"Không thể kết nối với tài khoản mua sắm trên app, ai giúp tôi giải quyết với!","false"
"Tại sao tôi không nhận được thông báo khi nạp tiền vào ví điện tử nhỉ?","false"
"Sao mà không thể nhận được mã OTP cho tài khoản ngân hàng vậy, ai giúp với!","false"
"Chả nhẽ mà không thể xem được kênh trên truyền hình cáp, có ai biết không?","false"
"Đã thanh toán nhưng không thấy tiền vào tài khoản game, ai có kinh nghiệm không?","false"
"Sao mà không thể kết nối số điện thoại với tài khoản giao đồ ăn được nhỉ?","false"
"Không nhận được mã xác minh cho tài khoản thanh toán, ai biết giúp không?","false"
"Tôi đã thử rất nhiều lần nhưng vẫn không thể đăng nhập vào tài khoản ví điện tử của mình!","false"
"Có ai biết làm sao để mở khóa tài khoản game không, tôi rất muốn chơi lại!","false"
"Đã đăng ký mà không nhận được mã xác nhận của app gọi xe, có ai gặp tình trạng này không?","false"
"Tháng này hóa đơn cho dịch vụ xem phim kỳ lạ quá, có ai biết lý do không?","false"
"Sao lại không thể kiểm tra được hóa đơn giao hàng của mình trong app?","false"
"Tôi đang gặp phải vấn đề với việc xác minh số điện thoại trên tài khoản video, ai biết không?","false"
"Đã thanh toán nhưng không thấy hàng đến, có ai biết khiếu nại ở đâu không?","false"
"Sao không nhận được mã OTP cho tài khoản ngân hàng, không thể nào đăng nhập được!","false"
"Chả nhẽ mà không thể kết nối với tài khoản giao đồ ăn chỉ vì số điện thoại?","false"
"Đã thử nhiều lần nhưng vẫn không nhận được mã xác thực cho tài khoản game.","false"
"Không biết tại sao lại không nhận được thông báo thanh toán từ app thương mại điện tử nhỉ?","false"
"Tôi có thể yêu cầu mã xác thực gửi lại cho tài khoản ngân hàng không?","false"
"Đã thanh toán mãi mà không thấy tiền vào tài khoản ví điện tử, ai có lời khuyên không?","false"
"Không thể nào mà lại không xem được kênh yêu thích trên dịch vụ truyền hình cáp được!","false"
"Tôi đã nhập mã OTP mà vẫn không thể đăng nhập vào tài khoản game, cần giúp đỡ ngay!","false"
"Sao mà không thể nhận được mã xác minh cho tài khoản thanh toán của mình nhỉ?","false"
"Chả nhẽ mà không thể xem được dịch vụ truyền hình cáp, có ai biết cách sửa không?","false"
"Đã thanh toán nhiều lần nhưng không thấy phản hồi từ app giao hàng, ai giúp với!","false"
"Nhờ bạn hướng dẫn cách nhận mã OTP cho tài khoản ngân hàng nhé, tôi đang rất cần!","false"
"Tại sao tôi không thể kết nối với tài khoản mua sắm của mình qua số điện thoại nhỉ?","false"
"Đã thử nhiều lần nhưng vẫn không nhận được mã xác thực cho tài khoản ví điện tử.","false"
"Sao không thể xem được hóa đơn của dịch vụ truyền hình cáp tháng này?","false"
"Đã đăng ký tài khoản nhưng vẫn không nhận được mã xác nhận, có ai biết lý do không?","false"
"Tôi đang gặp vấn đề với tài khoản game, không biết làm sao để lấy lại mã OTP?","false"
"Chả nhẽ mà không thể xem được kênh yêu thích chỉ vì lỗi xác minh số điện thoại sao?","false"
"Không thể nào mà lại không thấy thông báo khi nạp tiền vào ví điện tử được!","false"
"Đã chờ mã OTP mà không thấy gửi đến, ai biết cách khắc phục không?","false"
"Tại sao tôi không thể đăng nhập vào tài khoản thanh toán của mình nhỉ?","false"
"Đã thanh toán qua app nhưng không thấy phản hồi gì từ dịch vụ giao hàng, ai giúp với!","false"
"Sao mà không nhận được mã xác minh cho tài khoản ngân hàng nhỉ?","false"
"Chả nhẽ mà không thể kiểm tra được hóa đơn cho dịch vụ xem phim này sao?","false"
"Tại sao tôi không thể kết nối số điện thoại với tài khoản ví điện tử nhỉ?","false"
"Sao mã OTP không gửi đến cho tài khoản game của tôi, rất bực mình!","false"
"Tôi không thể đăng nhập vào tài khoản trên app thanh toán, ai có thể giúp không?","false"
"Đã thử đủ cách nhưng không nhận được mã xác minh cho tài khoản giao hàng, ai biết không?","false"
"Tháng này hóa đơn dịch vụ xem phim của tôi cao quá, có ai biết lý do không?","false"
"Chả nhẽ mà không thể xem được kênh trên truyền hình cáp vì lý do gì đó sao?","false"
"Tôi đã thanh toán nhưng không thấy hàng đến, có ai biết khiếu nại ở đâu không?","false"
"Có cách nào yêu cầu gửi lại mã OTP cho tài khoản ngân hàng không?","false"
"Sao mà không thể xem được kênh yêu thích trên dịch vụ truyền hình cáp được nhỉ?","false"
"Đã nạp tiền vào ví điện tử mà không thấy hiển thị, ai có kinh nghiệm không?","false"
"Tại sao không nhận được mã xác minh cho tài khoản thanh toán, cần giúp đỡ gấp!","false"
"Đã thử nhiều lần nhưng vẫn không thể đăng nhập vào tài khoản game của mình!","false"
"Chả nhẽ mà không thể kiểm tra được hóa đơn dịch vụ giao hàng trên app sao?","false"
"Sao mà không thể kết nối với số điện thoại cho tài khoản giao đồ ăn được nhỉ?","false"
"Tôi đã thử xác minh tài khoản ngân hàng nhưng không nhận được mã OTP, ai giúp với!","false"
"Đã thanh toán cho dịch vụ nhưng không nhận được hàng, có ai biết khiếu nại không?","false"
"Tại sao lại không nhận được mã OTP từ ứng dụng ngân hàng vậy?","false"
"Chả nhẽ mà không thể xem được chương trình yêu thích trên truyền hình cáp sao?","false"
"Đã chờ mã xác nhận qua số điện thoại nhưng vẫn không nhận, bạn có biết lý do không?","false"
"Tôi đang gặp rắc rối với tài khoản ví điện tử, không biết làm sao để khắc phục?","false"
"Nhờ bạn kiểm tra giúp tôi hóa đơn truyền hình cáp này có chính xác không nhé?","false"
"Tôi đã thanh toán nhưng không thấy tiền vào tài khoản game của mình, giúp tôi với!","false"
"Tại sao tôi không thể kết nối số điện thoại với tài khoản giao hàng, rất bất tiện!","false"
"Đã thử xác minh tài khoản ngân hàng mà không thấy mã OTP, ai biết giúp không?","false"
"Chả nhẽ mà không thể xem được kênh trên truyền hình cáp, có ai biết không?","false"
"Sao mà không nhận được mã xác minh cho tài khoản thanh toán vậy, rất thất vọng!","false"
"Đã thanh toán nhiều lần nhưng không thấy phản hồi từ dịch vụ giao hàng, ai giúp với!","false"
"Tại sao tôi không thể đăng nhập vào tài khoản trên app thanh toán nhỉ?","false"
"Chả nhẽ mà không thể kiểm tra được hóa đơn cho dịch vụ xem phim này sao?","false"
"Đã thử nhiều lần mà vẫn không nhận được mã xác thực cho tài khoản game.","false"
"Không thể xác minh tài khoản ngân hàng vì mã OTP không gửi đến, ai giúp với!","false"
"Tại sao lại không nhận được thông báo khi nạp tiền vào ví điện tử được nhỉ?","false"
"Đã chờ mã OTP mà không thấy gửi, có ai biết làm sao để lấy lại không?","false"
"Sao mà không thể xem được kênh yêu thích trên truyền hình cáp được!","false"
"Chả nhẽ mà không thể kiểm tra hóa đơn trên app giao hàng sao?","false"
"Tôi đã thử đổi số điện thoại nhưng vẫn không nhận được mã xác minh cho tài khoản ngân hàng.","false"
"Đã thanh toán nhưng không thấy hàng đến, có ai biết khiếu nại ở đâu không?","false"
"Sao mà không nhận được mã OTP cho tài khoản ngân hàng vậy?","false"
"Chả nhẽ mà không thể xem được kênh yêu thích trên dịch vụ truyền hình cáp sao?","false"
"Tôi không thể kết nối với số điện thoại cho tài khoản ví điện tử, có ai biết không?","false"
"Đã chờ mã xác nhận nhưng không thấy, ai biết cách khắc phục không?","false"
"Tháng này hóa đơn dịch vụ xem phim của tôi cao quá, có ai biết lý do không?","false"
"Có ai biết làm sao để mở khóa tài khoản game không, tôi rất muốn chơi lại!","false"
"Chả nhẽ mà không thể xem được chương trình yêu thích chỉ vì lỗi xác minh số điện thoại sao?","false"
"Em không nhận được OTP gửi vào số điện thoại để xác minh tài khoản ngân hàng","false"
"Tôi gặp vấn đề không đăng nhập được vào ví điện tử, vui lòng giúp tôi!","false"
"Chị ơi, không thấy hóa đơn của truyền hình cáp tháng này, có gửi chưa vậy?","false"
"Ứng dụng xem phim yêu cầu mã xác thực qua số điện thoại nhưng không nhận được!","false"
"Anh ơi, tài khoản game của em bị khóa, em không thể đăng nhập được!","false"
"Tại sao tôi không thể xem được kênh truyền hình mà tôi đã đăng ký?","false"
"Tôi cần hỗ trợ nhưng không nhận được mã OTP cho app thanh toán.","false"
"Nhờ bạn kiểm tra giúp tôi bị trừ tiền trong ví điện tử mà không biết lý do?","false"
"Em bị lỗi không thể thanh toán khi đặt đồ ăn trên app, có ai gặp không?","false"
"Chồng tôi không nhận được mã xác minh qua số điện thoại cho tài khoản streaming.","false"
"Tôi cần bạn giúp tôi khôi phục tài khoản game nhưng không nhớ mã OTP.","false"
"Làm ơn cho tôi hỏi sao không thấy thông báo hóa đơn dịch vụ truyền hình cáp?","false"
"Không thể kết nối với ví điện tử của tôi, có ai gặp trường hợp này chưa?","false"
"Em không nhận được thông báo từ app gọi xe, có cách nào khắc phục không?","false"
"Tôi không thể đặt hàng trên trang thương mại điện tử vì lỗi xác thực số điện thoại.","false"
"Giúp tôi với, tài khoản trên app thanh toán của tôi bị khóa và cần mã OTP để mở lại!","false"
"Tại sao không thấy các kênh truyền hình mà tôi đã đăng ký trong ứng dụng?","false"
"Tôi đang gặp khó khăn khi đăng nhập vào tài khoản xem phim, mã xác thực không gửi.","false"
"Em không thể nhận OTP cho app ngân hàng, phải làm sao bây giờ?","false"
"Vui lòng giúp tôi kiểm tra sao tài khoản game của tôi bị khóa mà không có lý do!","false"
"Chương trình truyền hình mà tôi muốn xem không có trên ứng dụng, sao vậy?","false"
"Tại sao không nhận được mã xác minh khi đăng nhập vào ví điện tử?","false"
"Đã lâu không thấy hóa đơn từ truyền hình cáp, có vấn đề gì không?","false"
"Tôi không thể vào ứng dụng gọi xe vì không nhận được mã OTP xác thực!","false"
"Em quên mật khẩu tài khoản game và không nhận được mã để reset, làm sao bây giờ?","false"
"Chị ơi, sao tôi không thể xem kênh truyền hình mà tôi đã đăng ký?","false"
"Có ai không nhận được thông báo mã xác thực cho app thanh toán không?","false"
"Tôi không thể thanh toán qua ví điện tử vì không nhận được mã OTP!","false"
"Em không nhận được thông báo từ ứng dụng xem phim, có lỗi gì không?","false"
"Nhờ bạn giúp tôi với, không đăng nhập được vào ví điện tử mà cần mã OTP.","false"
"Tại sao không thấy hóa đơn tháng này từ dịch vụ truyền hình cáp?","false"
"Đã 3 lần tôi thử đăng nhập vào tài khoản game mà không nhận được mã xác minh!","false"
"Giúp tôi với, không thể xác thực số điện thoại cho ứng dụng gọi xe!","false"
"Tại sao tôi không nhận được OTP để đăng nhập vào ví điện tử của tôi?","false"
"Tôi có vấn đề không thể xem kênh trên truyền hình cáp, ai biết giúp không?","false"
"Em có thể giúp tôi kiểm tra lý do không nhận được mã xác minh trên app ngân hàng không?","false"
"Đã 3 lần tôi nhập số điện thoại nhưng không nhận được mã OTP cho ứng dụng thanh toán!","false"
"Tại sao tài khoản truyền hình cáp của tôi không hoạt động như trước?","false"
"Chồng tôi không nhận được mã xác minh để đặt hàng trên thương mại điện tử, có ai biết không?","false"
"Em không thấy hóa đơn từ ví điện tử, có ai gặp trường hợp này không?","false"
"Tôi đã thử xác minh số điện thoại trên app nhưng vẫn không nhận được mã!","false"
"Giúp tôi với, bị trừ tiền trong ví điện tử nhưng không rõ lý do!","false"
"Chị ơi, sao không thấy thông báo từ dịch vụ truyền hình cáp gì vậy?","false"
"Tôi không thể mở ứng dụng gọi xe vì không nhận được mã xác thực!","false"
"Tại sao tài khoản game của tôi không nhận được mã OTP để đăng nhập?","false"
"Em không nhận được mã xác thực qua số điện thoại, không vào được tài khoản ngân hàng.","false"
"Giúp tôi với, không thấy hóa đơn từ dịch vụ truyền hình cáp, có lỗi gì không?","false"
"Tại sao tôi không thể xem kênh trên ứng dụng truyền hình, có ai biết không?","false"
"Em không nhận được mã xác minh khi đăng nhập vào app đặt đồ ăn, làm sao bây giờ?","false"
"Tôi không thể thanh toán qua app ngân hàng vì không nhận được mã OTP!","false"
"Nhờ bạn kiểm tra giúp tôi sao không nhận được mã xác thực cho ví điện tử?","false"
"Chồng tôi không nhận được mã xác minh để đăng nhập vào tài khoản game, có ai biết không?","false"
"Em không thấy thông báo từ app thanh toán, nhờ kiểm tra giúp!","false"
"Đã 3 lần tôi thử xác thực số điện thoại trên ứng dụng xem phim mà không nhận được mã!","false"
"Tại sao không thấy hóa đơn tháng này từ tài khoản truyền hình cáp?","false"
"Giúp tôi với, không đăng nhập được vào tài khoản game vì không nhận được mã OTP!","false"
"Không thể kết nối với ví điện tử của tôi, có ai gặp lỗi này không?","false"
"Em không thể xem kênh truyền hình mà mình đã đăng ký, có biện pháp nào không?","false"
"Chị ơi, sao tài khoản ngân hàng của tôi không nhận được mã xác thực qua số điện thoại?","false"
"Tôi không nhận được mã OTP khi đăng nhập vào app thanh toán, có cách nào khắc phục không?","false"
"Tại sao không nhận được thông báo hóa đơn từ dịch vụ truyền hình cáp?","false"
"Ứng dụng gọi xe của tôi yêu cầu xác minh số điện thoại nhưng không nhận được mã!","false"
"Giúp tôi khôi phục tài khoản game, nhưng không nhận được mã xác minh!","false"
"Tôi không thể đăng nhập vào ứng dụng xem phim vì không nhận được mã OTP xác thực!","false"
"Chồng tôi không nhận được mã xác thực cho ví điện tử, có ai gặp trường hợp này không?","false"
"Giúp tôi với, không thấy hóa đơn từ dịch vụ thanh toán, sao vậy?","false"
"Tôi không thể xem được kênh trên truyền hình cáp mà tôi đã đăng ký, sao vậy?","false"
"Tại sao không nhận được mã xác minh cho tài khoản ngân hàng qua điện thoại?","false"
"Em quên mật khẩu tài khoản game nhưng không nhận được mã xác thực, làm sao bây giờ?","false"
"Giúp tôi với, không nhận được mã OTP khi cố gắng đăng nhập vào ứng dụng gọi xe!","false"
"Tại sao tôi không nhận được thông báo từ ví điện tử, có vấn đề gì không?","false"
"Chị ơi, sao không thấy hóa đơn từ dịch vụ truyền hình cáp tháng này?","false"
"Không nhận được mã xác minh cho app thanh toán dù đã nhập số điện thoại đúng.","false"
"Em không thấy kênh truyền hình mình đã đăng ký trên ứng dụng, có cách nào không?","false"
"Giúp tôi với, không vào được tài khoản game vì không thấy mã OTP!","false"
"Tại sao tài khoản ngân hàng của tôi không nhận được mã xác thực qua số điện thoại?","false"
"Em không nhận được thông báo từ app gọi xe, phải làm sao bây giờ?","false"
"Tôi đang gặp vấn đề không thể xem được các kênh truyền hình mà đã đăng ký!","false"
"Giúp tôi với, không thấy hóa đơn từ dịch vụ thanh toán trên ứng dụng!","false"
"Tại sao không nhận được mã OTP để khôi phục tài khoản game của tôi?","false"
"Tôi không thể thanh toán qua ví điện tử vì không nhận được mã xác thực!","false"
"Em không thể đăng nhập vào tài khoản ngân hàng sau khi đã nhập mã OTP, có vấn đề gì không?","false"
"Tại sao không thấy thông báo khuyến mãi từ dịch vụ truyền hình cáp?","false"
"Chồng tôi không nhận được mã xác minh để đăng nhập vào app đặt đồ ăn, đã thử nhiều lần!","false"
"Giúp tôi kiểm tra lý do sao không nhận được mã OTP cho ví điện tử!","false"
"Tôi không thể xem được kênh truyền hình mình đã đăng ký, có cách khắc phục nào không?","false"
"Em không nhận được mã xác thực khi đăng nhập vào ứng dụng xem phim, sao vậy?","false"
"Giúp tôi với, không thấy hóa đơn từ dịch vụ thanh toán trong app!","false"
"Tại sao tôi không thể vào tài khoản game vì không nhận được mã OTP xác minh?","false"
"Tôi không nhận được mã xác minh khi đăng nhập vào ví điện tử, có cách nào khắc phục không?","false"
"Chị ơi, sao không thấy hóa đơn từ dịch vụ truyền hình cáp này?","false"
"Giúp tôi khôi phục tài khoản game, nhưng không nhận được mã xác thực qua điện thoại!","false"
"Tại sao không nhận được mã xác minh cho tài khoản ngân hàng qua số điện thoại của mình?","false"
"Em không thấy thông báo từ ứng dụng gọi xe, phải làm sao bây giờ?","false"
"Tôi đang gặp vấn đề không thể xem kênh truyền hình mà tôi đã đăng ký, có ai biết cách khắc phục không?","false"
"Giúp tôi với, không thấy hóa đơn từ dịch vụ thanh toán trong app, có lỗi gì không?","false"
"Tại sao tài khoản game của tôi không nhận được mã OTP để đăng nhập?","false"
"Em không nhận được mã xác thực cho ví điện tử dù đã nhập số điện thoại đúng.","false"
"Tôi không thể vào tài khoản ngân hàng của mình vì không nhận được mã xác minh, sao vậy?","false"
"Giúp tôi với, không thấy hóa đơn từ dịch vụ truyền hình cáp, có vấn đề gì không?","false"
"Tại sao không nhận được mã xác minh cho app gọi xe qua số điện thoại của tôi?","false"
"Tôi không thể xem được kênh trên ứng dụng truyền hình cáp, có cách nào không?","false"
"Em không nhận được mã OTP cho tài khoản game, phải làm sao bây giờ?","false"
"Giúp tôi với, không thấy thông báo từ dịch vụ thanh toán trong app!","false"
"Tại sao không thấy thông báo hóa đơn từ dịch vụ truyền hình cáp tháng này?","false"
"Chồng tôi không nhận được mã xác thực để đăng nhập vào tài khoản ngân hàng, sao vậy?","false"
"Giúp tôi khôi phục tài khoản game, nhưng không nhận được mã OTP qua điện thoại!","false"
"Tại sao không nhận được mã xác thực cho ví điện tử khi đăng nhập?","false"
"Em không thấy hóa đơn từ dịch vụ truyền hình cáp tháng này, có vấn đề gì không?","false"
"Giúp tôi với, không thể thanh toán qua app ngân hàng vì không nhận được mã xác minh!","false"
"Tại sao tài khoản game của tôi không nhận được mã xác thực khi đăng nhập?","false"
"Em không nhận được mã xác minh cho app gọi xe, phải làm sao bây giờ?","false"
"Tôi không thể vào tài khoản ngân hàng của mình vì không nhận được mã xác thực qua điện thoại, có cách nào không?","false"
"Chào bạn, mình không nhận được mã OTP để đăng nhập vào ứng dụng ngân hàng.","false"
"Tại sao mình không xem được kênh trên truyền hình cáp, đã thanh toán rồi mà?","false"
"Mình có bị khóa tài khoản ví điện tử, làm ơn hỗ trợ gấp nhé!","false"
"Không nhận được thông báo khi có khoản tiền gửi trong app thanh toán.","false"
"Làm thế nào để khôi phục tài khoản game của mình bị khóa?","false"
"Vừa rồi mình bị trừ tiền trong ví điện tử mà không biết vì sao?","false"
"App xem phim yêu cầu xác minh số điện thoại mà mình không nhận được mã xác thực.","false"
"Mình không thể đăng nhập vào tài khoản thương mại điện tử, nhờ bạn giúp!","false"
"Tại sao hóa đơn truyền hình cáp của mình lại cao thế này?","false"
"Không hiểu sao mình không nhận được thông báo xác nhận giao hàng.","false"
"Có cách nào để kiểm tra số tiền trong tài khoản ngân hàng không?","false"
"Làm ơn hỗ trợ mình lấy lại mật khẩu tài khoản đặt đồ ăn bị quên!","false"
"App gọi xe báo lỗi không xác minh được số điện thoại của mình!","false"
"Mình đã thanh toán mà không thấy tiền vào tài khoản ví điện tử.","false"
"Nhờ bạn giúp mình kiểm tra lý do số điện thoại không nhận được OTP.","false"
"Thấy hóa đơn truyền hình cáp có phí phát sinh, không hiểu sao lại như vậy?","false"
"Mình cần hỗ trợ vì không thể đặt hàng trong ứng dụng thương mại điện tử.","false"
"Tại sao mình không nhận được mã xác thực để vào tài khoản game?","false"
"Mình có thể kiểm tra số dư tài khoản ngân hàng ở đâu nhỉ?","false"
"Mình không thể xem phim trên app, có phải do tài khoản bị lỗi không?","false"
"Bạn có biết cách liên hệ hỗ trợ cho ví điện tử không?","false"
"Truyền hình cáp không có tín hiệu nhưng mình đã thanh toán đầy đủ.","false"
"Không nhận được thông báo từ ứng dụng ngân hàng khi có giao dịch mới.","false"
"Mình đã thanh toán nhưng không thấy tiền vào tài khoản đặt đồ ăn.","false"
"Tại sao lại không xem được kênh mình đã đăng ký trên truyền hình cáp?","false"
"Mình gặp lỗi đăng nhập vào tài khoản thương mại điện tử, bạn hỗ trợ nhé!","false"
"Không nhận được thông báo OTP từ ngân hàng khi giao dịch trực tuyến.","false"
"App gọi xe yêu cầu xác minh số điện thoại mà mình không nhận được mã.","false"
"Bị trừ tiền trong ví điện tử mà không biết nguyên nhân, giúp mình với!","false"
"Thấy hóa đơn truyền hình cáp ghi lại các phí không rõ ràng.","false"
"Đã thanh toán nhưng không thấy mã xác nhận từ ứng dụng ví điện tử.","false"
"Làm sao để khôi phục tài khoản game của mình, đã thử nhiều lần mà không được.","false"
"Tại sao tài khoản ngân hàng của mình không hoạt động được?","false"
"App xem phim yêu cầu xác minh mà mình không nhận được OTP.","false"
"Mình không thể đăng nhập vào ví điện tử, có ai biết lý do không?","false"
"Hóa đơn truyền hình cáp không đúng, ai giúp mình kiểm tra với?","false"
"Mình đã gửi tiền nhưng không thấy vào tài khoản app thanh toán của mình.","false"
"Có ai biết làm sao để kiểm tra số tiền trong tài khoản ngân hàng không?","false"
"Không nhận được mã OTP từ ứng dụng gọi xe, sao mà khó chịu quá!","false"
"Mình không xem được các kênh đã đăng ký trên truyền hình cáp.","false"
"Đã thanh toán nhưng tài khoản trong app thương mại điện tử vẫn không có tiền.","false"
"Không nhận được thông báo từ ví điện tử khi có giao dịch mới.","false"
"Tại sao mình không thể lấy lại tài khoản game bị khóa?","false"
"Không thể xem phim vì app yêu cầu xác minh số điện thoại mà không nhận mã.","false"
"Ngân hàng có thông báo gì khi mình không nhận được mã OTP không?","false"
"Mình đã thử đăng nhập vào tài khoản đặt đồ ăn mà vẫn không được.","false"
"App gọi xe yêu cầu mình xác minh số điện thoại, không nhận được mã xác thực.","false"
"Thấy hóa đơn truyền hình cáp có nhiều khoản phí không rõ ràng.","false"
"Bạn có biết làm thế nào để kiểm tra số dư tài khoản ngân hàng không?","false"
"Không nhận được mã OTP từ ứng dụng ngân hàng khi cần xác thực giao dịch.","false"
"Làm sao để khôi phục tài khoản ví điện tử đã bị khóa?","false"
"Tại sao mình không nhận được thông báo khi có giao dịch trong tài khoản ngân hàng?","false"
"Đã thanh toán mà vẫn không thể truy cập vào app thương mại điện tử.","false"
"App xem phim yêu cầu xác minh số điện thoại nhưng mình không nhận được mã xác thực.","false"
"Mình không thể truy cập vào tài khoản game, nhờ bạn hỗ trợ nhé!","false"
"Tại sao tài khoản ngân hàng của mình lại bị hạn chế không sử dụng được?","false"
"App gọi xe không nhận được mã OTP, làm ơn giúp mình với!","false"
"Thấy hóa đơn truyền hình cáp có khoản phí không hợp lý, ai giúp mình với?","false"
"Mình cần truy cập vào tài khoản ví điện tử mà không nhớ mật khẩu.","false"
"Không nhận được thông báo từ ứng dụng ngân hàng khi có giao dịch mới.","false"
"Bạn có biết vì sao mình không thể xem được kênh yêu thích trên truyền hình cáp không?","false"
"Tại sao tài khoản thương mại điện tử của mình bị khóa không lý do?","false"
"App gọi xe không cho mình đăng nhập vì không nhận được mã xác thực.","false"
"Đã thanh toán mà không thấy tiền vào tài khoản ví điện tử của mình.","false"
"Thấy hóa đơn truyền hình cáp ghi lại các khoản phí mà mình không biết.","false"
"Làm sao để khôi phục tài khoản game mình đã quên mật khẩu?","false"
"Tại sao mình không nhận được mã OTP từ ứng dụng ngân hàng khi cần xác thực giao dịch?","false"
"Mình không thể đăng nhập vào app thương mại điện tử, nhờ bạn giúp!","false"
"App xem phim yêu cầu xác minh số điện thoại nhưng không nhận được mã xác thực.","false"
"Ngân hàng có thông báo gì khi không nhận được mã OTP không?","false"
"Đã thanh toán nhưng tài khoản trong app đặt đồ ăn vẫn không có tiền.","false"
"Tại sao mình không thể lấy lại tài khoản game bị khóa?","false"
"Mình không thể xem phim vì app yêu cầu xác minh số điện thoại mà không nhận mã.","false"
"Bạn có biết làm sao để kiểm tra số tiền trong tài khoản ngân hàng không?","false"
"Không nhận được mã OTP từ ứng dụng gọi xe, sao mà khó chịu quá!","false"
"Mình không xem được các kênh đã đăng ký trên truyền hình cáp.","false"
"Đã thanh toán nhưng tài khoản trong app thương mại điện tử vẫn không có tiền.","false"
"Không nhận được thông báo từ ví điện tử khi có giao dịch mới.","false"
"Tại sao mình không thể khôi phục tài khoản game bị khóa?","false"
"Không thể xem phim vì app yêu cầu xác minh số điện thoại mà không nhận mã.","false"
"Ngân hàng có thông báo gì khi mình không nhận được mã OTP không?","false"
"Mình đã thử đăng nhập vào tài khoản đặt đồ ăn mà vẫn không được.","false"
"App gọi xe yêu cầu mình xác minh số điện thoại, không nhận được mã xác thực.","false"
"Thấy hóa đơn truyền hình cáp có nhiều khoản phí không rõ ràng.","false"
"Bạn có biết làm thế nào để kiểm tra số dư tài khoản ngân hàng không?","false"
"Không nhận được mã OTP từ ứng dụng ngân hàng khi cần xác thực giao dịch.","false"
"Làm sao để khôi phục tài khoản ví điện tử đã bị khóa?","false"
"Tại sao mình không nhận được thông báo khi có giao dịch trong tài khoản ngân hàng?","false"
"Đã thanh toán mà vẫn không thể truy cập vào app thương mại điện tử.","false"
"App xem phim yêu cầu xác minh số điện thoại nhưng mình không nhận được mã xác thực.","false"
"Mình không thể truy cập vào tài khoản game, nhờ bạn hỗ trợ nhé!","false"
"Tại sao tài khoản ngân hàng của mình lại bị hạn chế không sử dụng được?","false"
"App gọi xe không nhận được mã OTP, làm ơn giúp mình với!","false"
"Thấy hóa đơn truyền hình cáp có khoản phí không hợp lý, ai giúp mình với?","false"
"Mình cần truy cập vào tài khoản ví điện tử mà không nhớ mật khẩu.","false"
"Không nhận được thông báo từ ứng dụng ngân hàng khi có giao dịch mới.","false"
"Bạn có biết vì sao mình không thể xem được kênh yêu thích trên truyền hình cáp không?","false"
"Tại sao tài khoản thương mại điện tử của mình bị khóa không lý do?","false"
"App gọi xe không cho mình đăng nhập vì không nhận được mã xác thực.","false"
"Đã thanh toán mà không thấy tiền vào tài khoản ví điện tử của mình.","false"
"Thấy hóa đơn truyền hình cáp ghi lại các khoản phí mà mình không biết.","false"
"Làm sao để khôi phục tài khoản game mình đã quên mật khẩu?","false"
"Tại sao mình không nhận được mã OTP từ ứng dụng ngân hàng khi cần xác thực giao dịch?","false"
"Mình không thể đăng nhập vào app thương mại điện tử, nhờ bạn giúp!","false"
"App xem phim yêu cầu xác minh số điện thoại nhưng không nhận được mã xác thực.","false"
"Ngân hàng có thông báo gì khi không nhận được mã OTP không?","false"
"Đã thanh toán nhưng tài khoản trong app đặt đồ ăn vẫn không có tiền.","false"
"Tại sao mình không thể lấy lại tài khoản game bị khóa?","false"
"Mình không thể xem phim vì app yêu cầu xác minh số điện thoại mà không nhận mã.","false"
"Bạn có biết làm sao để kiểm tra số tiền trong tài khoản ngân hàng không?","false"
"Không nhận được mã OTP từ ứng dụng gọi xe, sao mà khó chịu quá!","false"
"Mình không xem được các kênh đã đăng ký trên truyền hình cáp.","false"
"Đã thanh toán nhưng tài khoản trong app thương mại điện tử vẫn không có tiền.","false"
"Không nhận được thông báo từ ví điện tử khi có giao dịch mới.","false"
"Tại sao mình không thể khôi phục tài khoản game bị khóa?","false"
"Không thể xem phim vì app yêu cầu xác minh số điện thoại mà không nhận mã.","false"
"Ngân hàng có thông báo gì khi mình không nhận được mã OTP không?","false"
"Mình đã thử đăng nhập vào tài khoản đặt đồ ăn mà vẫn không được.","false"
"App gọi xe yêu cầu mình xác minh số điện thoại, không nhận được mã xác thực.","false"
"Thấy hóa đơn truyền hình cáp có nhiều khoản phí không rõ ràng.","false"
"Bạn có biết làm thế nào để kiểm tra số dư tài khoản ngân hàng không?","false"
"Không nhận được mã OTP từ ứng dụng ngân hàng khi cần xác thực giao dịch.","false"
"Làm sao để khôi phục tài khoản ví điện tử đã bị khóa?","false"
"Tại sao mình không nhận được thông báo khi có giao dịch trong tài khoản ngân hàng?","false"
"Đã thanh toán mà vẫn không thể truy cập vào app thương mại điện tử.","false"
"App xem phim yêu cầu xác minh số điện thoại nhưng mình không nhận được mã xác thực.","false"
"Mình không thể truy cập vào tài khoản game, nhờ bạn hỗ trợ nhé!","false"
"Tại sao tài khoản ngân hàng của mình lại bị hạn chế không sử dụng được?","false"
"App gọi xe không nhận được mã OTP, làm ơn giúp mình với!","false"
"Thấy hóa đơn truyền hình cáp có khoản phí không hợp lý, ai giúp mình với?","false"
"Mình cần truy cập vào tài khoản ví điện tử mà không nhớ mật khẩu.","false"
"Không nhận được thông báo từ ứng dụng ngân hàng khi có giao dịch mới.","false"
"Bạn có biết vì sao mình không thể xem được kênh yêu thích trên truyền hình cáp không?","false"
"Tại sao tài khoản thương mại điện tử của mình bị khóa không lý do?","false"
"App gọi xe không cho mình đăng nhập vì không nhận được mã xác thực.","false"
"Đã thanh toán mà không thấy tiền vào tài khoản ví điện tử của mình.","false"
"Thấy hóa đơn truyền hình cáp ghi lại các khoản phí mà mình không biết.","false"
"Làm sao để khôi phục tài khoản game mình đã quên mật khẩu?","false"
"Tại sao mình không nhận được mã OTP từ ứng dụng ngân hàng khi cần xác thực giao dịch?","false"
"Mình không thể đăng nhập vào app thương mại điện tử, nhờ bạn giúp!","false"
"App xem phim yêu cầu xác minh số điện thoại nhưng không nhận được mã xác thực.","false"
"Ngân hàng có thông báo gì khi không nhận được mã OTP không?","false"
"Đã thanh toán nhưng tài khoản trong app đặt đồ ăn vẫn không có tiền.","false"
"Tại sao mình không thể lấy lại tài khoản game bị khóa?","false"
"Mình không thể xem phim vì app yêu cầu xác minh số điện thoại mà không nhận mã.","false"
"Bạn có biết làm sao để kiểm tra số tiền trong tài khoản ngân hàng không?","false"
"Không nhận được mã OTP từ ứng dụng gọi xe, sao mà khó chịu quá!","false"
"Mình không xem được các kênh đã đăng ký trên truyền hình cáp.","false"
"Đã thanh toán nhưng tài khoản trong app thương mại điện tử vẫn không có tiền.","false"
"Không nhận được thông báo từ ví điện tử khi có giao dịch mới.","false"
"Tại sao mình không thể khôi phục tài khoản game bị khóa?","false"
"Không thể xem phim vì app yêu cầu xác minh số điện thoại mà không nhận mã.","false"
"Ngân hàng có thông báo gì khi mình không nhận được mã OTP không?","false"
"Mình đã thử đăng nhập vào tài khoản đặt đồ ăn mà vẫn không được.","false"
"App gọi xe yêu cầu mình xác minh số điện thoại, không nhận được mã xác thực.","false"
"Thấy hóa đơn truyền hình cáp có nhiều khoản phí không rõ ràng.","false"
"Bạn có biết làm thế nào để kiểm tra số dư tài khoản ngân hàng không?","false"
"Không nhận được mã OTP từ ứng dụng ngân hàng khi cần xác thực giao dịch.","false"
"Làm sao để khôi phục tài khoản ví điện tử đã bị khóa?","false"
"Tại sao mình không nhận được thông báo khi có giao dịch trong tài khoản ngân hàng?","false"
"Đã thanh toán mà vẫn không thể truy cập vào app thương mại điện tử.","false"
"App xem phim yêu cầu xác minh số điện thoại nhưng mình không nhận được mã xác thực.","false"
"Mình không thể truy cập vào tài khoản game, nhờ bạn hỗ trợ nhé!","false"
"Tại sao tài khoản ngân hàng của mình lại bị hạn chế không sử dụng được?","false"
"App gọi xe không nhận được mã OTP, làm ơn giúp mình với!","false"
"Thấy hóa đơn truyền hình cáp có khoản phí không hợp lý, ai giúp mình với?","false"
"Mình cần truy cập vào tài khoản ví điện tử mà không nhớ mật khẩu.","false"
"Không nhận được thông báo từ ứng dụng ngân hàng khi có giao dịch mới.","false"
"Bạn có biết vì sao mình không thể xem được kênh yêu thích trên truyền hình cáp không?","false"
"Tại sao tài khoản thương mại điện tử của mình bị khóa không lý do?","false"
"App gọi xe không cho mình đăng nhập vì không nhận được mã xác thực.","false"
"Đã thanh toán mà không thấy tiền vào tài khoản ví điện tử của mình.","false"
"Thấy hóa đơn truyền hình cáp ghi lại các khoản phí mà mình không biết.","false"
"Làm sao để khôi phục tài khoản game mình đã quên mật khẩu?","false"
"Tại sao mình không nhận được mã OTP từ ứng dụng ngân hàng khi cần xác thực giao dịch?","false"
"Mình không thể đăng nhập vào app thương mại điện tử, nhờ bạn giúp!","false"
"App xem phim yêu cầu xác minh số điện thoại nhưng không nhận được mã xác thực.","false"
"Ngân hàng có thông báo gì khi không nhận được mã OTP không?","false"
"Đã thanh toán nhưng tài khoản trong app đặt đồ ăn vẫn không có tiền.","false"
"Tại sao mình không thể lấy lại tài khoản game bị khóa?","false"
"Mình không thể xem phim vì app yêu cầu xác minh số điện thoại mà không nhận mã.","false"
"Bạn có biết làm sao để kiểm tra số tiền trong tài khoản ngân hàng không?","false"
"Không nhận được mã OTP từ ứng dụng gọi xe, sao mà khó chịu quá!","false"
"Mình không xem được các kênh đã đăng ký trên truyền hình cáp.","false"
"Đã thanh toán nhưng tài khoản trong app thương mại điện tử vẫn không có tiền.","false"
"Không nhận được thông báo từ ví điện tử khi có giao dịch mới.","false"
"Tại sao mình không thể khôi phục tài khoản game bị khóa?","false"
"Không thể xem phim vì app yêu cầu xác minh số điện thoại mà không nhận mã.","false"
"Ngân hàng có thông báo gì khi mình không nhận được mã OTP không?","false"
"Mình đã thử đăng nhập vào tài khoản đặt đồ ăn mà vẫn không được.","false"
"App gọi xe yêu cầu mình xác minh số điện thoại, không nhận được mã xác thực.","false"
"Thấy hóa đơn truyền hình cáp có nhiều khoản phí không rõ ràng.","false"
"Bạn có biết làm thế nào để kiểm tra số dư tài khoản ngân hàng không?","false"
"Không nhận được mã OTP từ ứng dụng ngân hàng khi cần xác thực giao dịch.","false"
"Làm sao để khôi phục tài khoản ví điện tử đã bị khóa?","false"
"Chào bạn, mình không nhận được mã OTP gửi vào số điện thoại cho app ngân hàng, bạn có thể giúp mình không?","false"
"Xin lỗi, mình không thể đăng nhập vào tài khoản ví điện tử, có ai biết cách khắc phục không?","false"
"Mình bị trừ tiền sai trong hóa đơn của dịch vụ truyền hình cáp, ai biết cách khiếu nại không?","false"
"App đặt đồ ăn của mình không gửi mã xác thực vào số điện thoại, có ai gặp trường hợp này không?","false"
"Tháng này mình muốn hủy gói kênh truyền hình nhưng không biết làm sao để được hoàn tiền?","false"
"Không xem được một số kênh trên truyền hình cáp, có ai biết lý do không vậy?","false"
"Giúp mình với, mình không đăng nhập được vào tài khoản game, mã OTP không gửi về số điện thoại.","false"
"Có ai biết tại sao không nhận được thông báo từ app thanh toán không?","false"
"Mình không thể tải ứng dụng gọi xe, mã xác nhận bị lỗi khi gửi vào số điện thoại.","false"
"Rút tiền từ ví điện tử mà không thấy tiền về tài khoản, ai gặp phải không?","false"
"Tại sao hóa đơn tháng này lại cao hơn tháng trước cho dịch vụ truyền hình cáp?","false"
"App xem phim yêu cầu xác minh số điện thoại nhưng mình không nhận được mã xác thực, ai biết lý do không?","false"
"Mình đã nạp tiền vào tài khoản nhưng không thấy tiền trong app thương mại điện tử.","false"
"Có ai biết cách khôi phục tài khoản ngân hàng khi bị khóa không?","false"
"Mình thấy phí giao dịch trên ví điện tử tăng cao, có ai biết lý do không?","false"
"Không đăng nhập vào app mạng xã hội được vì không nhận được mã OTP, giúp mình với!","false"
"Chả hiểu sao hóa đơn của truyền hình cáp lại không đúng, có ai từng gặp không?","false"
"Đặt đồ ăn nhưng không nhận được thông báo xác nhận, ai có kinh nghiệm không?","false"
"Giúp mình với, không vào được tài khoản ngân hàng, mã OTP không gửi về!","false"
"Mình chưa nhận được hóa đơn thanh toán tháng này từ dịch vụ truyền hình cáp.","false"
"Sao hôm nay mình không nhận được thông báo từ ví điện tử vậy nhỉ?","false"
"Tháng này mình bị trừ tiền trên app gọi xe mà không biết lý do, có ai biết không?","false"
"Không nhận được mã xác minh của tài khoản game, ai giúp mình với?","false"
"Mình cần hủy đăng ký dịch vụ truyền hình cáp, có ai biết cách không?","false"
"Tại sao không gửi được mã OTP vào số điện thoại của app thanh toán?","false"
"Chồng mình bị trừ tiền trong ví điện tử mà không biết lý do, có ai đã từng gặp chưa?","false"
"Không thể xem kênh trên truyền hình cáp, đã thử mọi cách nhưng vẫn không được.","false"
"App đặt đồ ăn không gửi thông báo xác nhận đơn hàng, có ai gặp vấn đề này không?","false"
"Giúp mình với, mình không nhận được mã OTP từ ngân hàng cho lần giao dịch này.","false"
"Sao lại có lỗi trong việc đăng nhập tài khoản ngân hàng vậy nhỉ?","false"
"Bị khóa tài khoản ví điện tử, ai biết quy trình khôi phục không?","false"
"Hóa đơn tháng này không đúng với những gì mình đã sử dụng từ dịch vụ truyền hình cáp.","false"
"App xem phim không gửi mã xác thực về số điện thoại của mình, bực quá!","false"
"Mình không tìm thấy yêu cầu hoàn tiền cho hóa đơn của dịch vụ truyền hình cáp.","false"
"Phí giao dịch trên ví điện tử tăng cao quá, ai biết nguyên nhân không?","false"
"Không nhận được mã OTP khi cố gắng đăng nhập vào tài khoản mạng xã hội.","false"
"Mình đã thử nhiều lần nhưng vẫn không thể đăng nhập vào app gọi xe, ai giúp mình với?","false"
"Mình cần hỗ trợ vấn đề thanh toán trên app ngân hàng, nhưng không nhận được mã xác thực.","false"
"Tại sao lại không gửi được thông báo từ dịch vụ thương mại điện tử cho mình?","false"
"Chắc phải liên hệ với bên truyền hình cáp vì sao hóa đơn tháng này cao bất thường.","false"
"Mình không được xác nhận đơn hàng từ app đặt đồ ăn, có ai gặp tình huống này không?","false"
"Không thấy mã OTP gửi vào số điện thoại cho ví điện tử, ai biết cách khắc phục không?","false"
"Mình đã bị trừ tiền nhưng không thấy hiển thị trong app gọi xe, có ai đã từng bị như vậy không?","false"
"Không xem được kênh yêu thích trên truyền hình cáp mà không rõ lý do, có ai biết không?","false"
"Phí giao dịch của mình trên ví điện tử hôm nay lại cao hơn mọi khi, có ai gặp tình trạng này không?","false"
"Có ai biết cách lấy lại tài khoản game khi bị khóa không?","false"
"Mình không vào được tài khoản ngân hàng vì không nhận mã OTP, ai có kinh nghiệm không?","false"
"Sao tháng này mình không nhận được hóa đơn từ dịch vụ truyền hình cáp nhỉ?","false"
"Đặt đồ ăn qua app nhưng không nhận được thông báo gì cả, có ai biết không?","false"
"Không nhận được mã xác thực từ app thanh toán, đang cần gấp mà!","false"
"Sao lại có lỗi khi đăng nhập vào tài khoản game vậy nhỉ?","false"
"Giúp mình với, không vào được ví điện tử, mã OTP không gửi về!","false"
"Có ai biết tại sao hóa đơn của mình lại bị sai từ dịch vụ truyền hình cáp không?","false"
"Mình đang cần mã xác minh từ app gọi xe nhưng không thấy đâu cả.","false"
"Thấy phí dịch vụ tăng cao trong app thanh toán mà không biết lý do, ai biết không?","false"
"Sao mình không nhận được mã gửi về số điện thoại cho tài khoản ngân hàng?","false"
"Có ai giúp mình với, mình không vào được app xem phim vì không nhận được mã xác thực!","false"
"Không thể xem kênh trên truyền hình cáp được, đã thử tất cả các cách nhưng vẫn không được.","false"
"Giúp mình khắc phục tình trạng không nhận được mã OTP cho app thanh toán nhé!","false"
"Mình bị trừ tiền không rõ lý do trong ví điện tử, có ai đã gặp chưa?","false"
"Tại sao mình lại không nhận được hóa đơn tháng này từ dịch vụ truyền hình cáp nhỉ?","false"
"Có ai biết tại sao không thấy thông báo từ app đặt đồ ăn không?","false"
"Chả hiểu sao không nhận được mã xác thực từ ngân hàng, thôi để thử lại vậy!","false"
"Mình muốn biết cách lấy lại tài khoản ví điện tử khi bị khóa, ai có thông tin không?","false"
"Chắc mình liên hệ dịch vụ truyền hình cáp để hỏi về hóa đơn tháng này quá.","false"
"Đặt đồ ăn mà không thấy thông báo gì, có ai gặp vấn đề tương tự không?","false"
"Sao hôm nay mình không nhận được mã OTP từ app ngân hàng nhỉ?","false"
"Có ai biết lý do tại sao không nhận được mã xác thực từ app thanh toán không?","false"
"Giúp mình khắc phục việc không vào được tài khoản game nhé, mã OTP không gửi về!","false"
"Mình đã thử hết mọi cách nhưng vẫn không xem được kênh trên truyền hình cáp.","false"
"Mình không nhận được thông báo xác minh từ app gọi xe, có ai có cách nào giúp không?","false"
"Có ai biết tại sao hóa đơn của mình lại bị sai từ dịch vụ truyền hình cáp không?","false"
"Tháng này mình không thấy tiền về tài khoản sau khi rút từ ví điện tử.","false"
"Xin lỗi, mình không thể đăng nhập vào tài khoản ngân hàng vì không nhận được mã OTP.","false"
"App đặt đồ ăn không gửi thông báo xác nhận đơn hàng của mình, có ai biết lý do không?","false"
"Có ai biết cách khôi phục tài khoản ví điện tử khi bị khóa không?","false"
"Hóa đơn tháng này không đúng với những gì mình đã sử dụng từ dịch vụ truyền hình cáp.","false"
"App xem phim yêu cầu xác minh số điện thoại nhưng mình không nhận được mã xác thực, ai biết lý do không?","false"
"Mình không tìm thấy yêu cầu hoàn tiền cho hóa đơn của dịch vụ truyền hình cáp.","false"
"Phí giao dịch trên ví điện tử tăng cao quá, ai biết nguyên nhân không?","false"
"Không nhận được mã OTP khi cố gắng đăng nhập vào tài khoản mạng xã hội.","false"
"Mình đã thử nhiều lần nhưng vẫn không thể đăng nhập vào app gọi xe, ai giúp mình với?","false"
"Mình cần hỗ trợ vấn đề thanh toán trên app ngân hàng, nhưng không nhận được mã xác thực.","false"
"Tại sao lại không gửi được thông báo từ dịch vụ thương mại điện tử cho mình?","false"
"Chắc phải liên hệ với bên truyền hình cáp vì sao hóa đơn tháng này cao bất thường.","false"
"Mình không nhận được thông báo từ app gọi xe, có ai biết lý do không?","false"
"Sao hóa đơn tháng này lại cao quá vậy, có ai biết lý do không?","false"
"Mình gặp vấn đề với việc không nhận được mã OTP từ app thanh toán, giúp mình với!","false"
"Đặt đồ ăn mà không thấy thông báo xác nhận đơn hàng của mình, có ai biết không?","false"
"Giúp mình với, mình không nhận được mã OTP cho tài khoản ngân hàng!","false"
"Có ai biết tại sao không nhận được mã xác minh cho app game không?","false"
"Tại sao không gửi được mã OTP vào số điện thoại của app ngân hàng?","false"
"Tháng này bị trừ tiền trong ví điện tử mà không biết lý do, có ai biết không?","false"
"Không thể xem được kênh trên truyền hình cáp, đã thử mọi cách nhưng vẫn không được.","false"
"App xem phim yêu cầu xác minh số điện thoại nhưng mình không nhận được mã xác thực, bực quá!","false"
"Mình không tìm thấy yêu cầu hoàn tiền cho hóa đơn của dịch vụ truyền hình cáp.","false"
"Phí giao dịch trên ví điện tử tăng cao quá, ai biết nguyên nhân không?","false"
"Không nhận được mã OTP khi cố gắng đăng nhập vào tài khoản mạng xã hội.","false"
"Mình đã thử nhiều lần nhưng vẫn không thể đăng nhập vào app gọi xe, ai giúp mình với?","false"
"Mình cần hỗ trợ vấn đề thanh toán trên app ngân hàng, nhưng không nhận được mã xác thực.","false"
"Tại sao lại không gửi được thông báo từ dịch vụ thương mại điện tử cho mình?","false"
"Chắc phải liên hệ với bên truyền hình cáp vì sao hóa đơn tháng này cao bất thường.","false"
"Mình thấy phí dịch vụ tăng cao trong app thanh toán mà không biết lý do, ai biết không?","false"
"Sao mình không nhận được mã gửi về số điện thoại cho tài khoản ngân hàng?","false"
"Có ai giúp mình với, mình không vào được app xem phim vì không nhận được mã xác thực!","false"
"Không thể xem kênh trên truyền hình cáp được, đã thử tất cả các cách nhưng vẫn không được.","false"
"Giúp mình khắc phục tình trạng không nhận được mã OTP cho app thanh toán nhé!","false"
"Mình bị trừ tiền không rõ lý do trong ví điện tử, có ai đã gặp chưa?","false"
"Tại sao mình lại không nhận được hóa đơn tháng này từ dịch vụ truyền hình cáp nhỉ?","false"
"Có ai biết tại sao không thấy thông báo từ app đặt đồ ăn không?","false"
"Chả hiểu sao không nhận được mã xác thực từ ngân hàng, thôi để thử lại vậy!","false"
"Mình muốn biết cách lấy lại tài khoản ví điện tử khi bị khóa, ai có thông tin không?","false"
"Chắc mình liên hệ dịch vụ truyền hình cáp để hỏi về hóa đơn tháng này quá.","false"
"Đặt đồ ăn mà không thấy thông báo gì, có ai gặp vấn đề tương tự không?","false"
"Sao hôm nay mình không nhận được mã OTP từ app ngân hàng nhỉ?","false"
"Có ai biết lý do tại sao không nhận được mã xác thực từ app thanh toán không?","false"
"Giúp mình khắc phục việc không vào được tài khoản game nhé, mã OTP không gửi về!","false"
"Mình đã thử hết mọi cách nhưng vẫn không xem được kênh trên truyền hình cáp.","false"
"Mình không nhận được thông báo xác minh từ app gọi xe, có ai có cách nào giúp không?","false"
"Có ai biết tại sao hóa đơn của mình lại bị sai từ dịch vụ truyền hình cáp không?","false"
"Tháng này mình không thấy tiền về tài khoản sau khi rút từ ví điện tử.","false"
"Xin lỗi, mình không thể đăng nhập vào tài khoản ngân hàng vì không nhận được mã OTP.","false"
"App đặt đồ ăn không gửi thông báo xác nhận đơn hàng của mình, có ai biết lý do không?","false"
"Có ai biết cách khôi phục tài khoản ví điện tử khi bị khóa không?","false"
"Hóa đơn tháng này không đúng với những gì mình đã sử dụng từ dịch vụ truyền hình cáp.","false"
"App xem phim yêu cầu xác minh số điện thoại nhưng mình không nhận được mã xác thực, ai biết lý do không?","false"
"Mình không tìm thấy yêu cầu hoàn tiền cho hóa đơn của dịch vụ truyền hình cáp.","false"
"Phí giao dịch trên ví điện tử tăng cao quá, ai biết nguyên nhân không?","false"
"Không nhận được mã OTP khi cố gắng đăng nhập vào tài khoản mạng xã hội.","false"
"Mình đã thử nhiều lần nhưng vẫn không thể đăng nhập vào app gọi xe, ai giúp mình với?","false"
"Mình cần hỗ trợ vấn đề thanh toán trên app ngân hàng, nhưng không nhận được mã xác thực.","false"
"Tại sao lại không gửi được thông báo từ dịch vụ thương mại điện tử cho mình?","false"
"Chắc phải liên hệ với bên truyền hình cáp vì sao hóa đơn tháng này cao bất thường.","false"
"Chả hiểu sao mình không nhận được OTP để chuyển tiền qua ngân hàng","false"
"Làm ơn kiểm tra giúp mình sao không thể đăng nhập vào ví điện tử được nữa","false"
"Ứng dụng xem phim yêu cầu xác minh số điện thoại nhưng mình không nhận được mã","false"
"Tại sao tài khoản game của mình bị khóa mà không có thông báo gì?","false"
"Vừa rồi mình bị trừ tiền không rõ lý do cho hóa đơn truyền hình cáp","false"
"Mình không thể chuyển tiền vì app ngân hàng báo lỗi, có ai biết lý do không?","false"
"Số điện thoại của mình không nhận được mã OTP khi đăng nhập vào tài khoản","false"
"Lỗi không xem được kênh trên truyền hình cáp, làm ơn giúp mình với","false"
"Chưa nhận được tin nhắn xác thực cho app gọi xe, làm sao bây giờ?","false"
"Tại sao mình không thể thanh toán qua ví điện tử, đã thử nhiều lần rồi","false"
"Có phải mình nhập sai số điện thoại nên không nhận được mã xác thực không?","false"
"Giúp mình kiểm tra lý do tài khoản thương mại điện tử bị khóa nhé","false"
"Mọi người cho mình hỏi sao lại không thể đăng nhập vào app đặt đồ ăn?","false"
"App ngân hàng báo lỗi không xác thực số điện thoại, ai biết cách khắc phục không?","false"
"Đã nạp tiền vào tài khoản game nhưng không thấy số dư tăng, sao lại thế nhỉ?","false"
"Mình không biết sao mà không thấy hóa đơn truyền hình cáp tháng này","false"
"Giúp mình với, mình không nhận được thông báo từ app mạng xã hội nữa","false"
"Tài khoản ví của mình liên tục bị đăng xuất, có ai gặp tình trạng như mình không?","false"
"Mình không thể xem video trên app mà vẫn phải xác minh số điện thoại","false"
"Sao mình không nhận được mã xác thực khi đăng nhập vào tài khoản thương mại điện tử?","false"
"Vừa rồi mình chuyển tiền mà không thấy biên lai gì cả, làm ơn kiểm tra giúp!","false"
"App gọi xe của mình không hoạt động, mình không biết phải làm sao để khắc phục","false"
"Có ai biết cách khắc phục khi không nhận được OTP từ app ngân hàng không?","false"
"Chả hiểu sao tài khoản truyền hình cáp của mình bị khóa, không xem được gì","false"
"Mình gặp vấn đề với việc xác minh số điện thoại trên app xem phim","false"
"Không hiểu sao không thể đăng nhập vào ví điện tử của mình nữa, ai giúp mình với?","false"
"Có cách nào để lấy lại tài khoản game bị khóa không?","false"
"Mình không thể thanh toán qua app, bị lỗi không xác thực số điện thoại","false"
"Sao lại không nhận được mã OTP khi quay lại app ngân hàng?","false"
"Giúp mình! Tại sao không vào được tài khoản thương mại điện tử?","false"
"Không nhận được thông báo gì từ app mà mình đã cài, có phải lỗi không?","false"
"Chưa bao giờ gặp lỗi như vậy khi xem truyền hình cáp, phải làm sao đây?","false"
"Như thế này có phải là bị khóa tài khoản ví không, ai biết không?","false"
"Mình không thể xem được các kênh truyền hình, có ai biết lý do không?","false"
"Mọi người cho mình hỏi sao không nhận được mã OTP cho app gọi xe?","false"
"Số điện thoại của mình có vấn đề gì mà không nhận được mã xác thực?","false"
"Giúp mình với, tài khoản game của mình bị khóa mà không thấy thông báo gì cả","false"
"Làm ơn hãy kiểm tra giúp mình sao mà không đăng nhập được vào app ngân hàng","false"
"App này không gửi mã OTP vào số điện thoại của mình, có ai bị giống không?","false"
"Tháng này mình không nhận được hóa đơn truyền hình cáp, sao lại thế nhỉ?","false"
"Tại sao ví điện tử của mình lại không thể thanh toán, có cách nào khắc phục không?","false"
"Mình có thể lấy lại tài khoản thương mại điện tử bị khóa như thế nào?","false"
"Khi nào app gọi xe mới khắc phục được lỗi không nhận mã xác thực?","false"
"Không vào được tài khoản ngân hàng của mình, có ai biết cách khắc phục?","false"
"Sao mà mình không nhận được tin nhắn từ app mạng xã hội vậy?","false"
"Giúp mình với, app xem phim yêu cầu xác minh số điện thoại nhưng không gửi mã","false"
"Làm sao để xem được các kênh truyền hình khi không nhận được thông báo?","false"
"Chả hiểu sao tài khoản ví mình lại bị khóa, ai biết lý do không?","false"
"Mình không thể chuyển tiền qua app ngân hàng, có ai gặp phải không?","false"
"Tại sao không nhận được mã OTP từ app thương mại điện tử, ai giúp mình?","false"
"Mình có thể khôi phục tài khoản game bị khóa như thế nào đây?","false"
"Sao app đặt đồ ăn lại không gửi mã xác thực cho số điện thoại của mình?","false"
"Chưa bao giờ gặp lỗi khi vào app ngân hàng, giờ thì không vào được nữa rồi","false"
"Chả hiểu sao tài khoản truyền hình cáp của mình lại không hoạt động, ai biết không?","false"
"Có ai biết tại sao mình không nhận được mã OTP cho ví điện tử không?","false"
"App này không gửi mã xác thực vào điện thoại, làm ơn kiểm tra giúp mình!","false"
"Giúp mình với, sao lại không vào được tài khoản thương mại điện tử của mình?","false"
"Tại sao lại không thể xem được video trên app xem phim nhỉ?","false"
"Chả hiểu sao tài khoản game của mình lại bị khóa mà không báo trước gì cả","false"
"Vừa rồi mình không nhận được thông báo nào từ app mạng xã hội cả.","false"
"Giúp mình với, tài khoản ngân hàng của mình không thể đăng nhập được nữa","false"
"Mình không hiểu sao không nhận được mã OTP cho app gọi xe, có ai giúp không?","false"
"Sao mà không thấy hóa đơn truyền hình cáp tháng này, có ai biết lý do không?","false"
"Tại sao ví điện tử của mình lại không thanh toán được, ai biết không?","false"
"Chả hiểu sao tài khoản game của mình lại biến mất, có ai gặp phải không?","false"
"Hóa đơn truyền hình cáp tháng này mình không nhận được, cần hỗ trợ nhé","false"
"Sao mình không thể đăng nhập vào tài khoản thương mại điện tử, có ai biết không?","false"
"Tại sao không nhận được mã xác thực từ app ngân hàng khi đăng nhập?","false"
"Chả hiểu tại sao app xem phim của mình không gửi mã OTP vào số điện thoại.","false"
"Giúp mình với, tài khoản ví điện tử lại không thể đăng nhập được rồi!","false"
"Mình đã chờ mã OTP nhưng không thấy gì từ app ngân hàng cả","false"
"Chả hiểu sao mình không thấy hóa đơn của truyền hình cáp tháng này nữa","false"
"Giúp mình tìm lý do sao không thể đăng nhập vào tài khoản game của mình được không?","false"
"Mình không nhận được thông báo từ app gọi xe, làm ơn kiểm tra giúp!","false"
"Tại sao không thể thanh toán qua app thương mại điện tử, ai biết không?","false"
"Giúp mình với, app mạng xã hội không gửi mã xác thực vào số điện thoại của mình","false"
"Sao mà tài khoản ngân hàng của mình lại không hoạt động được vậy?","false"
"Chả hiểu sao không nhận được mã OTP cho app ví điện tử, ai giúp mình với?","false"
"Có ai biết tại sao không thể xem được các kênh trên truyền hình cáp không?","false"
"Giúp với! Sao tài khoản game của mình lại không đăng nhập được nhỉ?","false"
"Tại sao app gọi xe lại không hoạt động được, có ai gặp phải không?","false"
"Chưa bao giờ gặp tình trạng không nhận được mã OTP từ app ngân hàng như bây giờ","false"
"Giúp mình khôi phục tài khoản ví điện tử, không thể đăng nhập được nữa rồi!","false"
"Sao không thể thanh toán qua app xem phim được nhỉ?","false"
"Chả hiểu sao tài khoản thương mại điện tử của mình lại bị khóa?","false"
"Giúp mình với, mình không nhận được mã OTP từ app gọi xe, phải làm sao?","false"
"Tại sao không nhận được hóa đơn truyền hình cáp tháng này, ai biết không?","false"
"Tại sao ví điện tử của mình lại không hoạt động, có ai gặp trường hợp này không?","false"
"Chả hiểu tại sao không nhận được mã xác thực cho app ngân hàng của mình","false"
"Mình không thể xem video trên app, thiếu mã xác thực, ai biết cách khắc phục không?","false"
"Giúp mình với! Sao không vào được tài khoản thương mại điện tử vậy?","false"
"Tại sao tài khoản game của mình không đăng nhập được nữa, có ai biết không?","false"
"Sao mà không nhận được mã OTP từ app gọi xe chứ?","false"
"Giúp mình với! Tại sao tài khoản ví điện tử của mình không đăng nhập được nữa?","false"
"Tại sao không thể xem được kênh truyền hình, mình đã đăng ký rồi mà?","false"
"Giúp mình khôi phục tài khoản ngân hàng bị khóa, có ai biết làm sao không?","false"
"Chả hiểu sao mình không nhận được mã OTP khi đăng nhập vào ví điện tử nhỉ?","false"
"Mình có thể phải làm gì để giải quyết lỗi không nhận được mã xác thực từ app không?","false"
"Chả hiểu sao app đặt đồ ăn không hoạt động, ai biết giúp mình không?","false"
"Giúp mình với, sao mà tài khoản game của mình bị khóa vậy?","false"
"Tại sao không nhận được hóa đơn truyền hình cáp tháng này nữa?","false"
"Giúp mình tìm lý do vì sao không vào được tài khoản ngân hàng của mình nhỉ?","false"
"Sao app ngân hàng không gửi mã OTP vào số điện thoại của mình vậy?","false"
"Sao mà không nhận được xác thực khi đăng nhập vào app xem phim nhỉ?","false"
"Chả hiểu sao tài khoản thương mại điện tử của mình lại không hoạt động được?","false"
"Mình không thể chuyển tiền qua ví điện tử, có cách nào khắc phục không?","false"
"Giúp mình với, sao mà tài khoản game của mình lại không đăng nhập được vậy?","false"
"Tại sao không thể thanh toán qua app gọi xe, ai biết lý do không?","false"
"Chả hiểu sao mình không nhận được thông báo từ app mạng xã hội nữa?","false"
"Giúp mình khôi phục tài khoản ví điện tử bị khóa, không vào được nữa rồi!","false"
"Sao mà không thể xem được các kênh truyền hình cáp đã đăng ký nhỉ?","false"
"Tại sao mình không nhận được mã xác thực từ app ngân hàng khi đăng nhập?","false"
"Sao mà app xem phim yêu cầu xác minh số điện thoại nhưng không gửi mã chứ?","false"
"Giúp mình với! Sao tài khoản thương mại điện tử của mình lại không đăng nhập được?","false"
"Tại sao tài khoản game của mình lại bị khóa mà không có thông báo gì cả?","false"
"Chả hiểu sao không nhận được mã OTP từ app ngân hàng, có ai biết không?","false"
"Sao tài khoản ví điện tử của mình không hoạt động được, có ai gặp phải không?","false"
"Chả hiểu sao mình không nhận được hóa đơn truyền hình cáp tháng này.","false"
"Giúp mình kiểm tra xem sao không vào được tài khoản game của mình?","false"
"Sao mà không thể thanh toán qua app đặt đồ ăn được nhỉ?","false"
"Tại sao app gọi xe của mình lại không hoạt động, có ai biết không?","false"
"Sao mình không nhận được xác thực từ app xem phim, giúp cho mình với!","false"
"Giúp mình với, sao tài khoản thương mại điện tử của mình lại bị khóa không?","false"
"Chả hiểu sao tài khoản ngân hàng của mình không đăng nhập được nữa!","false"
"Sao không nhận được mã OTP khi đăng nhập vào ví điện tử, có ai biết không?","false"
"Tại sao không thể xem kênh truyền hình cáp mà mình đã đăng ký nhỉ?","false"
"Giúp mình với! Tại sao tài khoản game của mình lại không đăng nhập được?","false"
"Sao mà không nhận được mã xác thực từ app gọi xe lên được nhỉ?","false"
"Tại sao không nhận được thông báo từ app mạng xã hội nữa?","false"
"Chả hiểu sao mình không nhận được mã OTP từ app ngân hàng, giúp mình với!","false"
"Không nhận được mã OTP để đăng nhập vào tài khoản ngân hàng của tôi","false"
"Tôi không thể xem các kênh truyền hình qua ứng dụng của mình, giúp tôi với!","false"
"Gửi mã xác thực qua số điện thoại, nhưng không thấy gì cả, làm ơn kiểm tra giúp!","false"
"Vào app ví điện tử mà bị khóa tài khoản, không biết làm sao để mở lại?","false"
"Tôi đã thanh toán hóa đơn truyền hình cáp nhưng không thấy tiền bị trừ?","false"
"Chờ mã OTP lâu quá để xác minh tài khoản game, có ai biết tại sao không?","false"
"Lỗi không thể đặt món ăn qua app, có ai gặp vấn đề này không?","false"
"Tại sao không nhận được thông báo từ ứng dụng mạng xã hội nữa?","false"
"Tôi đã nạp tiền vào tài khoản nhưng không thấy cập nhật trong ví điện tử","false"
"Bị trừ tiền mà không biết lý do trên ứng dụng thương mại điện tử, ai giúp tôi với?","false"
"Không vào được tài khoản xem phim, có ai biết cách khắc phục không?","false"
"Lỗi không xác nhận được số điện thoại trên app thanh toán, phải làm sao?","false"
"Đăng nhập vào ngân hàng online mà không nhận được mã xác thực qua SMS","false"
"Hóa đơn dịch vụ truyền hình cáp bị trễ, không biết liên hệ ai để hỏi?","false"
"Tôi muốn đổi số điện thoại trong tài khoản game nhưng không thấy chỗ đổi?","false"
"Mã OTP không gửi về cho ví điện tử, có ai biết lỗi này không?","false"
"App đặt xe không nhận diện được số điện thoại của tôi, ai có cách khắc phục?","false"
"Bị khóa tài khoản ví điện tử mà không nhận được thông báo gì từ hệ thống","false"
"Tôi không thể xem lại lịch sử giao dịch trên ứng dụng ngân hàng, giúp tôi với!","false"
"Không vào được kênh truyền hình yêu thích qua app, có ai gặp sự cố không?","false"
"Vào app xã hội mà không thấy tin nhắn nào, có ai bị giống tôi không?","false"
"Tôi không nhận được thông báo giao dịch trên app thanh toán, phải làm sao?","false"
"Bị lỗi khi đăng nhập vào nền tảng xem phim, ai giúp tôi với?","false"
"Lỗi mã OTP cho tài khoản game, không biết phải làm sao để nhận lại?","false"
"Có ai biết lý do không nhận được cập nhật qua số điện thoại trên app không?","false"
"Không thể xác minh tài khoản của mình qua số điện thoại, giúp tôi với!","false"
"Hóa đơn của dịch vụ internet cáp quang không hiện trên ứng dụng thanh toán","false"
"Tôi đã gửi yêu cầu hỗ trợ qua ví điện tử nhưng chưa được phản hồi","false"
"Khó khăn khi đăng nhập vào app đặt đồ ăn, có ai biết nguyên nhân không?","false"
"Tại sao tôi không nhận được thông báo từ ứng dụng gọi xe?","false"
"Bị trừ tiền mà không rõ lý do trên tài khoản ngân hàng, ai giúp tôi với!","false"
"Tôi không thể kết nối với kênh yêu thích trên dịch vụ truyền hình","false"
"Không nhận được mã xác thực qua SMS cho ví điện tử, ai biết cách khắc phục không?","false"
"Không thể xác nhận đăng nhập vào app ngân hàng vì không nhận được mã","false"
"Lỗi không xem được kênh trên app truyền hình cáp, ai có cách giải quyết không?","false"
"Tôi đã thanh toán qua app nhưng không thấy tiền vào tài khoản","false"
"Không thể nhận OTP để xác minh tài khoản game, có ai biết phải làm sao?","false"
"Tại sao không nhận được thông báo từ app thương mại điện tử nhỉ?","false"
"Mở app xã hội mà không thấy thông tin cập nhật gì, ai có cách khắc phục?","false"
"Bị khóa tài khoản trên ứng dụng thanh toán mà không rõ lý do, giúp tôi với!","false"
"Lỗi không nhận được mã xác thực qua số điện thoại cho app xem phim","false"
"Tôi không thể mở lại tài khoản ngân hàng của mình, có ai biết cách không?","false"
"Không nhận được thông báo từ hệ thống khi giao dịch qua ví điện tử","false"
"Tôi không thể đăng nhập vào tài khoản game vì không nhận được mã OTP","false"
"Lỗi không xem được kênh truyền hình qua ứng dụng, có ai gặp trục trặc không?","false"
"Không nhận được mã OTP từ app ngân hàng, ai có kinh nghiệm gì không?","false"
"Không thể đặt hàng qua ứng dụng thương mại điện tử, ai giúp tôi với?","false"
"Bị trừ tiền mà không thấy giao dịch hiện trên tài khoản, ai có cách giải quyết?","false"
"Không xem được kênh yêu thích trên ứng dụng truyền hình cáp, có ai giúp không?","false"
"Tôi không nhận được thông báo giao dịch trên app ví điện tử, có lý do gì không?","false"
"Không vào được tài khoản của tôi trên ứng dụng mạng xã hội, ai biết làm sao không?","false"
"Có ai gặp vấn đề không nhận được mã OTP cho tài khoản ngân hàng không?","false"
"Tôi đã thanh toán cho dịch vụ xem phim mà không thấy tiền trừ, giúp tôi với!","false"
"Lỗi không gửi được mã xác thực qua số điện thoại cho app thanh toán","false"
"Thì ra không nhận được tin nhắn xác nhận từ app đặt đồ ăn, ai biết cách xử lý?","false"
"Vào ứng dụng ngân hàng mà không thấy thông tin giao dịch mới, giúp tôi!","false"
"Bị khóa tài khoản ví điện tử mà không biết phải làm sao để mở lại?","false"
"Không nhận được thông báo từ dịch vụ truyền hình cáp, có ai có cách giải quyết?","false"
"Tôi đã gửi yêu cầu hỗ trợ cho app nhưng chưa thấy phản hồi, có ai biết không?","false"
"Lỗi không xem được kênh truyền hình yêu thích qua app, ai có cách khắc phục không?","false"
"Không vào được tài khoản game vì không nhận được mã xác thực qua SMS","false"
"Tại sao không nhận được thông báo từ ứng dụng thương mại điện tử?","false"
"Mã OTP không gửi về cho tôi để xác minh tài khoản ngân hàng, ai giúp tôi!","false"
"Tôi không thể đăng nhập vào ứng dụng xem phim vì không nhận được mã xác thực","false"
"Có ai biết lý do mà không nhận được mã OTP từ app thanh toán không?","false"
"Bị trừ tiền mà không thấy thông báo giao dịch trên app ví điện tử, có ai giúp không?","false"
"Không thể mở lại tài khoản trên ứng dụng ngân hàng, có ai biết cách không?","false"
"Không nhận được thông báo từ app đặt đồ ăn mà đã đặt hàng rồi, ai biết không?","false"
"Lỗi không gửi mã xác thực qua số điện thoại cho tài khoản game, có cách nào không?","false"
"Tôi không thấy thông tin giao dịch nào trên ứng dụng thương mại điện tử, giúp tôi!","false"
"Bị khóa tài khoản ví điện tử, không biết có thể làm gì để mở lại không?","false"
"Không thể xác minh được tài khoản của mình qua số điện thoại, ai có mẹo không?","false"
"Vào app xã hội mà không thấy thông tin mới, ai giúp tôi khắc phục vấn đề này?","false"
"Tôi đã thanh toán bill truyền hình cáp nhưng không thấy tiền bị trừ, ai biết lý do?","false"
"Tại sao không nhận được mã OTP cho việc đăng nhập vào tài khoản ngân hàng?","false"
"Không nhận được tin nhắn từ ứng dụng gọi xe, có ai biết cách khắc phục không?","false"
"Bị lỗi không xem được kênh qua dịch vụ truyền hình cáp, có ai giúp không?","false"
"Lỗi không vào được tài khoản game vì không nhận được mã xác thực qua SMS","false"
"Tại sao không nhận được thông báo giao dịch từ ứng dụng thanh toán nhỉ?","false"
"Bị trừ tiền mà không rõ lý do trên app ví điện tử, giúp tôi với!","false"
"Không vào được ứng dụng ngân hàng vì không nhận được mã xác thực, ai biết không?","false"
"Tôi không thể đăng nhập vào app xem phim vì không nhận được mã OTP, giúp tôi!","false"
"Lỗi không gửi mã xác thực qua số điện thoại cho ví điện tử, có ai biết cách không?","false"
"Không nhận được thông báo từ ứng dụng đặt đồ ăn, phải làm sao bây giờ?","false"
"Tôi đã thanh toán cho dịch vụ truyền hình nhưng không thấy giao dịch hiện lên","false"
"Bị khóa tài khoản game mà không nhận được thông báo gì từ hệ thống","false"
"Không thể đăng nhập vào ứng dụng thanh toán vì không nhận được mã xác thực","false"
"Có ai biết cách khắc phục lỗi không nhận được mã OTP cho tài khoản ngân hàng?","false"
"Tôi không thấy thông tin mới nào trên app mạng xã hội, giúp tôi với!","false"
"Lỗi không nhận được mã xác thực qua SMS cho ứng dụng thương mại điện tử, có ai biết không?","false"
"Bị trừ tiền mà không thấy giao dịch hiện trên tài khoản ngân hàng, ai giúp tôi!","false"
"Không thể vào app để xem kênh truyền hình yêu thích, có ai gặp lỗi không?","false"
"Không nhận được thông báo từ dịch vụ ví điện tử, tôi phải làm sao để khắc phục?","false"
"Không vào được tài khoản game vì không nhận được mã xác thực qua số điện thoại, ai giúp với!","false"
"Tại sao không thấy thông báo giao dịch trên app thanh toán nhỉ?","false"
"Không nhận được mã OTP để xác minh tài khoản ngân hàng của tôi, ai biết nguyên nhân không?","false"
"Bị khóa tài khoản trên ứng dụng đặt đồ ăn, không biết làm sao để mở lại?","false"
"Thế nào mà không nhận được thông báo từ ứng dụng gọi xe nhỉ?","false"
"Không thể xác minh tài khoản của mình qua số điện thoại trên app thương mại điện tử, ai giúp tôi!","false"
"Có ai biết tại sao không nhận được mã xác thực cho app ngân hàng không?","false"
"Bị lỗi không xem được kênh yêu thích trên dịch vụ truyền hình cáp, ai có cách khắc phục không?","false"
"Tôi không nhận được thông báo từ ứng dụng thanh toán, có ai biết lý do không?","false"
"Bị khóa tài khoản ví điện tử mà không nhận được thông báo nào từ hệ thống, giúp tôi!","false"
"Không thấy thông tin giao dịch nào trên ứng dụng thương mại điện tử, giúp tôi với!","false"
"Tôi đã thanh toán cho dịch vụ xem phim nhưng không thấy tiền trừ, có ai giúp không?","false"
"Lỗi không gửi mã xác thực qua số điện thoại cho tài khoản game, ai biết không?","false"
"Không thể vào tài khoản ngân hàng của tôi vì không nhận được mã xác thực, có ai giúp không?","false"
"Bị trừ tiền mà không rõ lý do trên app ví điện tử, ai có cách giải quyết không?","false"
"Không xem được kênh trên dịch vụ truyền hình qua ứng dụng, có ai gặp trục trặc không?","false"
"Mã OTP không gửi về cho tôi để xác minh tài khoản ngân hàng, có ai biết không?","false"
"Không thể đăng nhập vào tài khoản game vì không nhận được mã xác thực qua SMS","false"
"Tại sao không nhận được thông báo từ ứng dụng thương mại điện tử nhỉ?","false"
"Bị khóa tài khoản ví điện tử, không biết có thể làm gì để mở lại không?","false"
"Không thể xác minh tài khoản của mình qua số điện thoại, ai có mẹo không?","false"
"Vào app xã hội mà không thấy thông tin mới, ai giúp tôi khắc phục vấn đề này?","false"
"Tôi đã thanh toán bill truyền hình cáp nhưng không thấy tiền bị trừ, ai biết lý do?","false"
"Tại sao không nhận được mã OTP cho việc đăng nhập vào tài khoản ngân hàng?","false"
"Không nhận được tin nhắn từ ứng dụng gọi xe, có ai biết cách khắc phục không?","false"
"Bị lỗi không xem được kênh qua dịch vụ truyền hình cáp, có ai giúp không?","false"
"Lỗi không vào được tài khoản game vì không nhận được mã xác thực qua SMS","false"
"Tại sao không nhận được thông báo giao dịch từ ứng dụng thanh toán nhỉ?","false"
"Bị trừ tiền mà không rõ lý do trên app ví điện tử, giúp tôi với!","false"
"Không vào được ứng dụng ngân hàng vì không nhận được mã xác thực, ai biết không?","false"
"Tôi không thể đăng nhập vào app xem phim vì không nhận được mã OTP, giúp tôi!","false"
"Lỗi không gửi mã xác thực qua số điện thoại cho ví điện tử, có ai biết cách không?","false"
"Không nhận được thông báo từ ứng dụng đặt đồ ăn, phải làm sao bây giờ?","false"
"Tôi đã thanh toán cho dịch vụ truyền hình nhưng không thấy giao dịch hiện lên","false"
"Bị khóa tài khoản game mà không nhận được thông báo gì từ hệ thống","false"
"Không thể đăng nhập vào ứng dụng thanh toán vì không nhận được mã xác thực","false"
"Có ai biết cách khắc phục lỗi không nhận được mã OTP cho tài khoản ngân hàng?","false"
"Tôi không thấy thông tin mới nào trên app mạng xã hội, giúp tôi với!","false"
"Lỗi không nhận được mã xác thực qua SMS cho ứng dụng thương mại điện tử, có ai biết không?","false"
"Bị trừ tiền mà không thấy giao dịch hiện trên tài khoản ngân hàng, ai giúp tôi!","false"
"Không thể vào app để xem kênh truyền hình yêu thích, có ai gặp lỗi không?","false"
"Không nhận được thông báo từ dịch vụ ví điện tử, tôi phải làm sao để khắc phục?","false"
"Không vào được tài khoản game vì không nhận được mã xác thực qua số điện thoại, ai giúp với!","false"
"Tại sao không thấy thông báo giao dịch trên app thanh toán nhỉ?","false"
"Không nhận được mã OTP để xác minh tài khoản ngân hàng của tôi, ai biết nguyên nhân không?","false"
"Bị khóa tài khoản trên ứng dụng đặt đồ ăn, không biết làm sao để mở lại?","false"
"Thế nào mà không nhận được thông báo từ ứng dụng gọi xe nhỉ?","false"
"Không thể xác minh tài khoản của mình qua số điện thoại trên app thương mại điện tử, ai giúp tôi!","false"
"Có ai biết tại sao không nhận được mã xác thực cho app ngân hàng không?","false"
"Bị lỗi không xem được kênh yêu thích trên dịch vụ truyền hình cáp, ai có cách khắc phục không?","false"
"Tôi không nhận được thông báo từ ứng dụng thanh toán, có ai biết lý do không?","false"
"Bị khóa tài khoản ví điện tử mà không nhận được thông báo nào từ hệ thống, giúp tôi!","false"
"Không thấy thông tin giao dịch nào trên ứng dụng thương mại điện tử, giúp tôi với!","false"
"Tôi đã thanh toán cho dịch vụ xem phim nhưng không thấy tiền trừ, có ai giúp không?","false"
"Lỗi không gửi mã xác thực qua số điện thoại cho tài khoản game, ai biết không?","false"
"Không thể vào tài khoản ngân hàng của tôi vì không nhận được mã xác thực, có ai giúp không?","false"
"Bị trừ tiền mà không rõ lý do trên app ví điện tử, ai có cách giải quyết không?","false"
"Không xem được kênh trên dịch vụ truyền hình qua ứng dụng, có ai gặp trục trặc không?","false"
"Mã OTP không gửi về cho tôi để xác minh tài khoản ngân hàng, có ai biết không?","false"
"Không thể đăng nhập vào tài khoản game vì không nhận được mã xác thực qua SMS","false"
"Tại sao không nhận được thông báo từ ứng dụng thương mại điện tử nhỉ?","false"
"Bị khóa tài khoản ví điện tử, không biết có thể làm gì để mở lại không?","false"
"Không thể xác minh tài khoản của mình qua số điện thoại, ai có mẹo không?","false"
"Vào app xã hội mà không thấy thông tin mới, ai giúp tôi khắc phục vấn đề này?","false"
"Tôi đã thanh toán bill truyền hình cáp nhưng không thấy tiền bị trừ, ai biết lý do?","false"
"Tại sao không nhận được mã OTP cho việc đăng nhập vào tài khoản ngân hàng?","false"
"Không nhận được tin nhắn từ ứng dụng gọi xe, có ai biết cách khắc phục không?","false"
"Bị lỗi không xem được kênh qua dịch vụ truyền hình cáp, có ai giúp không?","false"
"Lỗi không vào được tài khoản game vì không nhận được mã xác thực qua SMS","false"
"Tại sao không nhận được thông báo giao dịch từ ứng dụng thanh toán nhỉ?","false"
"Bị trừ tiền mà không rõ lý do trên app ví điện tử, giúp tôi với!","false"
"Không vào được ứng dụng ngân hàng vì không nhận được mã xác thực, ai biết không?","false"
"Tôi không thể đăng nhập vào app xem phim vì không nhận được mã OTP, giúp tôi!","false"
"Lỗi không gửi mã xác thực qua số điện thoại cho ví điện tử, có ai biết cách không?","false"
"Không nhận được thông báo từ ứng dụng đặt đồ ăn, phải làm sao bây giờ?","false"
"Tôi đã thanh toán cho dịch vụ truyền hình nhưng không thấy giao dịch hiện lên","false"
"Bị khóa tài khoản game mà không nhận được thông báo gì từ hệ thống","false"
"Không thể đăng nhập vào ứng dụng thanh toán vì không nhận được mã xác thực","false"
"Có ai biết cách khắc phục lỗi không nhận được mã OTP cho tài khoản ngân hàng?","false"
"Tôi không thấy thông tin mới nào trên app mạng xã hội, giúp tôi với!","false"
"Lỗi không nhận được mã xác thực qua SMS cho ứng dụng thương mại điện tử, có ai biết không?","false"
"Em không nhận được mã OTP cho tài khoản ngân hàng, anh kiểm tra giúp em với.","false"
"Tại sao tài khoản game của tôi bị khóa mà không có thông báo gì hết vậy?","false"
"Chị ơi, em không vào được ứng dụng đặt đồ ăn, nó bảo lỗi xác minh số điện thoại.","false"
"Xin hãy giúp tôi, hóa đơn truyền hình cáp tháng này sao lại cao thế?","false"
"Tôi đã thanh toán qua ví điện tử mà vẫn chưa thấy tiền về tài khoản, sao vậy?","false"
"Bạn có biết tại sao mình không xem được kênh yêu thích trên truyền hình không?","false"
"App xem phim yêu cầu xác minh số điện thoại, nhưng tôi không nhận được mã xác thực.","false"
"Mình không nhận được tin nhắn xác nhận cho đơn hàng trên thương mại điện tử.","false"
"Tại sao tài khoản của tôi lại bị trừ tiền mà không có lý do gì?","false"
"Em đăng nhập vào ví điện tử nhưng bị báo lỗi số điện thoại không đúng.","false"
"Chồng tôi không nhận được OTP từ ngân hàng, làm sao để kiểm tra?","false"
"Tôi không thể sử dụng ví điện tử vì bị khóa tài khoản.","false"
"Có ai biết tại sao tôi không xem được phim trên app này không?","false"
"Tôi đã nạp tiền vào tài khoản mà vẫn không thấy số dư tăng lên!","false"
"Bạn có biết tại sao mình không nhận được thông báo từ app gọi xe không?","false"
"Hóa đơn tháng này của truyền hình cáp kỳ lạ quá, sao lại vậy?","false"
"Tôi không thể đăng nhập vào tài khoản game của mình, nó yêu cầu xác minh số điện thoại.","false"
"Em bị mất mã OTP để kích hoạt tài khoản ngân hàng, phải làm sao bây giờ?","false"
"Chồng tôi không nhận được mã xác thực cho app thanh toán, giúp với!","false"
"Bạn có biết làm sao để lấy lại tài khoản bị khóa trên ứng dụng mạng xã hội không?","false"
"Hôm nay tôi không thể gọi được món ăn qua ứng dụng, không nhận được thông báo gì.","false"
"Tôi không thể xem kênh yêu thích trên truyền hình, nó báo lỗi gì đó.","false"
"Em không thể vào app ngân hàng vì bị khóa tài khoản, có ai giúp em không?","false"
"Sao tài khoản tôi lại bị trừ tiền liên tục mà không biết lý do?","false"
"Xin hãy giúp tôi vào lại tài khoản game, nó báo lỗi xác minh số điện thoại.","false"
"Tại sao tôi không nhận được OTP từ app thanh toán nhỉ?","false"
"Có ai gặp lỗi không vào được app xem phim chưa?","false"
"Em không hiểu tại sao không thể nhận được mã OTP để kích hoạt tài khoản ngân hàng.","false"
"Tôi gặp lỗi không đăng nhập vào ví điện tử vì số điện thoại không hợp lệ.","false"
"Chị ơi, sao hóa đơn truyền hình cáp tháng này lại cao hơn tháng trước vậy?","false"
"Tôi đã thanh toán qua app mà sao vẫn chưa nhận được thông báo gì?","false"
"Em không vào được tài khoản game vì quên số điện thoại đăng ký, phải làm sao?","false"
"Đã hai lần tôi không nhận được mã xác nhận trên app gọi xe, sao vậy?","false"
"Tài khoản tôi bị khóa mà không có thông báo từ app thanh toán, phải làm sao?","false"
"Sao tôi không nhận được tin nhắn xác nhận cho đơn hàng vừa đặt nhỉ?","false"
"Em không thể xem được kênh trên truyền hình cáp, ai biết sửa không?","false"
"Có ai biết cách khôi phục tài khoản ngân hàng khi không nhận được mã xác thực không?","false"
"Tại sao khi tôi đăng nhập vào app lại báo số điện thoại không đúng nhỉ?","false"
"Tôi không thể thanh toán qua ví điện tử vì tài khoản bị khóa.","false"
"Em không hiểu sao hôm nay không thể xem phim trên app này nữa.","false"
"Tại sao tài khoản game của tôi không nhận được OTP khi đăng nhập?","false"
"Chồng tôi vừa nạp tiền vào tài khoản mà không thấy tăng, sao vậy?","false"
"Chị ơi, sao tháng này hóa đơn của truyền hình cáp lại cao hơn mọi khi?","false"
"Tôi bị mất quyền truy cập vào tài khoản game vì lỗi xác minh số điện thoại.","false"
"Tôi không thể đặt hàng qua app, nó yêu cầu xác minh số điện thoại không đúng.","false"
"Em không nhận được mã OTP để xác thực tài khoản ngân hàng, làm sao để lấy lại?","false"
"Chồng em không thể vào được ứng dụng để đặt món ăn vì bị lỗi xác nhận số điện thoại.","false"
"Tại sao tôi không nhận được thông báo từ app thanh toán sau khi thực hiện giao dịch?","false"
"Tôi không thể xem được phim trên nền tảng này, có ai gặp vấn đề giống không?","false"
"Em đã thanh toán qua ví điện tử nhưng vẫn không thấy tiền về tài khoản.","false"
"Chị ơi, tôi không nhận được mã xác thực từ app gọi xe, phải làm sao đây?","false"
"Tôi không thể đăng nhập vào tài khoản ngân hàng vì không nhận được OTP.","false"
"Mình không nhận được tin nhắn xác nhận cho đơn hàng trên mạng xã hội, sao vậy?","false"
"Chồng em không thể vào được tài khoản game mình vì bị khóa, ai biết giúp không?","false"
"Tại sao hóa đơn truyền hình cáp của tôi lại không đúng với thông tin đã đăng ký?","false"
"Tôi không thể xác thực tài khoản ngân hàng vì không nhận được mã OTP.","false"
"Em không hiểu tại sao hôm nay không thể vào được app đặt đồ ăn.","false"
"Sao tài khoản game của tôi lại bị trừ tiền mà không có lý do gì?","false"
"Tại sao tôi không nhận được mã xác thực khi đăng nhập vào ví điện tử?","false"
"Tôi không thấy thông báo gì từ app thanh toán sau khi thực hiện giao dịch.","false"
"Chị ơi, sao tháng này hóa đơn truyền hình cáp lại cao hơn mọi khi đấy?","false"
"Em không thể xem được kênh trên truyền hình cáp, có ai biết tại sao không?","false"
"Tôi không nhận được OTP cho tài khoản ngân hàng, phải làm sao để lấy lại?","false"
"Chồng em vừa nạp tiền vào tài khoản nhưng không thấy tiền đâu cả.","false"
"Chị có biết làm sao để khôi phục tài khoản game khi không nhận được mã xác thực không?","false"
"Sao tôi không thể đăng nhập vào app xem phim vì mã xác minh không gửi?","false"
"Tại sao không thể đặt món ăn qua app mà không có thông báo gì?","false"
"Tôi không nhận được mã OTP khi xác thực tài khoản ngân hàng, giúp tôi với!","false"
"Em đã thanh toán qua app mà không thấy tiền vào tài khoản, sao lại như vậy?","false"
"Chồng tôi không nhận được mã xác thực cho ứng dụng thanh toán, phải làm sao bây giờ?","false"
"Tại sao tài khoản tôi lại bị khóa mà không có thông báo từ app gọi xe?","false"
"Tôi không thể vào ứng dụng truyền hình vì nó yêu cầu xác minh số điện thoại.","false"
"Em không nhận được mã OTP từ ngân hàng, nhờ anh kiểm tra giúp em nhé.","false"
"Tại sao tôi không thể vào được tài khoản game của mình vì bị báo lỗi xác nhận số điện thoại?","false"
"Mình không nhận được thông báo từ app thanh toán dù đã thực hiện giao dịch.","false"
"Em không thể xem kênh trên truyền hình cáp, có ai biết tại sao không?","false"
"Tôi phải làm sao khi tài khoản ngân hàng không nhận được mã OTP xác thực?","false"
"Chồng tôi không thể sử dụng ví điện tử vì báo lỗi số điện thoại không đúng.","false"
"Sao tháng này hóa đơn của truyền hình cáp tôi thấy cao hơn mọi tháng nhỉ?","false"
"Em không hiểu sao hôm nay không thể đặt hàng qua ứng dụng mạng xã hội.","false"
"Tại sao tôi không nhận được OTP cho ví điện tử sau khi đăng ký?","false"
"Tại sao tài khoản game của mình lại không nhận được mã xác thực khi đăng nhập?","false"
"Chồng em vừa nạp tiền nhưng không thấy số dư tăng lên, có ai biết lý do không?","false"
"Tôi đã thanh toán mà không nhận được tin nhắn xác nhận từ app gọi xe.","false"
"Tại sao tôi không nhận được mã xác thực từ ứng dụng thanh toán nhỉ?","false"
"Em không vào được tài khoản ngân hàng vì không nhận được mã OTP, nhờ giúp. ","false"
"Tôi bị khóa tài khoản game mà không biết lý do, yêu cầu xác minh số điện thoại?","false"
"Chị ơi, sao tháng này hóa đơn truyền hình cáp lại cao hơn tháng trước nhỉ?","false"
"Tôi không thể xem phim trên app này, có ai gặp lỗi giống không?","false"
"Mình không nhận được mã xác thực cho tài khoản ngân hàng, phải làm sao bây giờ?","false"
"Chồng em không vào được ứng dụng đặt món ăn, báo lỗi xác minh số điện thoại.","false"
"Nếu không nhận được OTP cho ví điện tử thì phải làm sao đây?","false"
"Em không thể đăng nhập vào tài khoản game vì mã xác minh không gửi về.","false"
"Tại sao tài khoản của tôi lại bị trừ tiền mà không có thông báo gì?","false"
"Em không nhận được mã xác thực từ app thanh toán, cứu em với!","false"
"Sao hôm nay tôi không thể đặt hàng qua app gọi xe?","false"
"Tôi không nhận được tin nhắn xác nhận cho đơn hàng qua ứng dụng mạng xã hội.","false"
"Chồng em vừa nạp tiền vào tài khoản nhưng không thấy tiền đâu cả, sao lại như vậy?","false"
"Em không rõ tại sao không thể vào được tài khoản ngân hàng của mình.","false"
"Tại sao tôi không xem được kênh truyền hình cáp yêu thích của mình?","false"
"Tôi đã thanh toán qua ví điện tử mà không thấy tiền vào tài khoản.","false"
"Em không nhận được mã OTP từ app ngân hàng, nhờ anh kiểm tra giúp em nhé!","false"
"Sao tài khoản game của tôi lại không nhận được mã xác thực khi đăng nhập?","false"
"Chị ơi, sao tháng này hóa đơn truyền hình cáp lại cao hơn tháng trước nhỉ?","false"
"Tôi không thể vào được ứng dụng đặt món ăn, nó báo lỗi gì đó.","false"
"Em không hiểu tại sao hôm nay không thể xem phim trên app này nữa.","false"
"Tại sao tài khoản của tôi lại bị khóa mà không có thông báo từ app thanh toán?","false"
"Chồng tôi vừa nạp tiền vào tài khoản game mà không thấy số dư tăng lên, sao vậy?","false"
"Tại sao tôi không nhận được mã xác thực khi đăng nhập vào ví điện tử?","false"
"Em không nhận được mã OTP từ ngân hàng, phải làm sao để lấy lại?","false"
"Tại sao tôi không xem được kênh yêu thích trên truyền hình không?","false"
"Chồng tôi không thể vào được tài khoản game vì bị khóa, ai biết giúp không?","false"
"Tôi gặp lỗi không đăng nhập vào ví điện tử vì số điện thoại không hợp lệ.","false"
"Nếu không nhận được mã OTP cho tài khoản ngân hàng thì phải làm sao đây?","false"
"Chồng tôi không nhận được mã xác thực khi đăng nhập vào app thanh toán, phải làm sao?","false"
"Tại sao tài khoản tôi lại bị trừ tiền mà không có lý do gì?","false"
"Tôi không nhận được tin nhắn xác nhận cho đơn hàng qua ứng dụng mạng xã hội, sao vậy?","false"
"Em không vào được tài khoản game vì quên số điện thoại đăng ký, phải làm sao?","false"
"Chị ơi, sao hóa đơn tháng này của truyền hình cáp lại cao hơn mọi khi vậy?","false"
"Tôi phải làm sao khi tài khoản ngân hàng không nhận được mã OTP?","false"
"Em không thể xem được kênh trên truyền hình cáp, có ai biết tại sao không?","false"
"Tôi không nhận được mã xác thực cho tài khoản ngân hàng, nhờ giúp với!","false"
"Chồng em vừa nạp tiền vào tài khoản nhưng không thấy tiền đâu cả, sao lại như vậy?","false"
"Tại sao tôi không nhận được OTP từ ngân hàng khi xác thực tài khoản?","false"
"Em không thể vào ứng dụng đặt món ăn, báo lỗi xác minh số điện thoại.","false"
"Đã hai lần tôi không nhận được mã xác nhận trên app gọi xe, sao vậy?","false"
"Sao tôi không thể thanh toán qua ví điện tử vì tài khoản bị khóa?","false"
"Tại sao tài khoản game của tôi không nhận được mã xác thực khi đăng nhập?","false"
"Em không hiểu sao hôm nay không thể vào được tài khoản ngân hàng của mình.","false"
"Chồng em không vào được tài khoản game vì bị khóa, ai biết giúp không?","false"
"Tôi không thể xem phim trên app này, có ai gặp vấn đề giống không?","false"
"Chồng tôi vừa nạp tiền vào tài khoản nhưng không thấy số dư tăng lên, sao vậy?","false"
"Tại sao tôi không nhận được mã OTP khi xác thực tài khoản ngân hàng?","false"
"Em không thể xem được kênh trên truyền hình cáp, có ai biết tại sao không?","false"
"Tôi không nhận được mã xác thực từ app thanh toán, cứu em với!","false"
"Chị ơi, em không nhận được mã OTP để đăng nhập vào tài khoản ngân hàng.","false"
"Xin chào, không thấy khoản tiền bị trừ cho dịch vụ đặt đồ ăn, có ai biết không?","false"
"Tại sao em không thể xem kênh truyền hình yêu thích qua app được nhỉ?","false"
"Em bị khóa tài khoản ví điện tử, phải làm sao để mở lại đây?","false"
"Đặt xe mà không nhận được thông báo gì từ app, ai có cách khắc phục không?","false"
"Không thể thanh toán qua app, có phải do lỗi gì không mọi người?","false"
"Em đã nhập số điện thoại nhưng vẫn không nhận được mã xác thực để đăng nhập.","false"
"Không hiểu sao tiền trong tài khoản game bị trừ mà không chơi gì cả?","false"
"Tại sao không xem được phim trên ứng dụng, có ai gặp tình trạng này không?","false"
"Chị ơi, em không thể nạp tiền vào ví điện tử, có ai biết tại sao không?","false"
"Em đang gặp vấn đề với tài khoản thương mại điện tử, nhờ mọi người giúp!","false"
"Không nhận được thông báo từ ứng dụng gọi xe, có phải lỗi gì không mọi người?","false"
"Em đang tìm cách khôi phục tài khoản mà không thấy email xác nhận.","false"
"Chả hiểu sao app thanh toán không nhận thẻ của em, ai biết cách không?","false"
"Em bị lỗi không truy cập được vào kênh truyền hình yêu thích, ai biết cách không?","false"
"Sao không gửi được mã xác minh qua số điện thoại khi đăng ký ví điện tử vậy nhỉ?","false"
"Đã thử thoát ra vào lại mà vẫn không thanh toán được, có ai biết cách khắc phục không?","false"
"Em không tìm thấy hóa đơn điện nước trong app của mình, có ai biết không?","false"
"Chị ơi, sao em không nhận được thông báo giao hàng từ ứng dụng nữa?","false"
"Em nhờ chị kiểm tra lại tài khoản ngân hàng giúp em, có bị lỗi gì không?","false"
"Không thể xem lại các phim đã đặt trên ứng dụng, ai biết cách khắc phục không?","false"
"Em mãi không thấy số tiền trong tài khoản game, không biết có bị lỗi không?","false"
"Bị khóa tài khoản giao hàng, phải làm sao mới mở lại được đây?","false"
"Không thể sử dụng ví điện tử để thanh toán ở cửa hàng, ai biết tại sao không?","false"
"Em không nhận được tin nhắn xác thực từ app xem phim, có cần làm gì không?","false"
"Sao em không truy cập được vào tài khoản truyền hình cáp của mình nữa?","false"
"Chị ơi, em cần trợ giúp với tài khoản ngân hàng, bị khóa rồi!","false"
"Không nhận được thông báo từ app gọi xe, không biết có lỗi gì không?","false"
"Em thử đăng nhập vào ví điện tử mà không thấy mã OTP đâu cả!","false"
"Hóa đơn điện nước không hiện lên trong app, có ai biết cách khắc phục không?","false"
"Em không tìm thấy lịch sử giao dịch trong ví điện tử, có ai biết không?","false"
"Sao em không thể thanh toán qua app thương mại điện tử vậy nhỉ?","false"
"Chị ơi, sao không nhận được mã xác thực từ ngân hàng nữa?","false"
"Em không thể xem được các kênh truyền hình yêu thích trên app, giúp em!","false"
"Không hiểu sao không nhận được tiền trả lại từ app đặt đồ ăn nữa?","false"
"Em bị lỗi không đăng nhập được vào tài khoản game, có ai biết sửa không?","false"
"Đã thử nhiều lần mà không nhận được mã OTP để xác minh tài khoản ngân hàng.","false"
"Sao em không thấy thông báo vận chuyển từ ứng dụng gọi xe nữa?","false"
"Chị ơi, em không thể nạp tiền vào tài khoản truyền hình cáp, có ai gặp không?","false"
"Em không nhận được thông báo từ app thanh toán, có lỗi gì không?","false"
"Đã nhập số điện thoại mà vẫn không nhận được mã xác thực từ ví điện tử.","false"
"Sao em không thể đặt hàng qua app thương mại điện tử hôm nay nhỉ?","false"
"Chị ơi, em không thấy số tiền trong tài khoản ngân hàng của mình nữa!","false"
"Em không tìm thấy hóa đơn của dịch vụ truyền hình internet, có ai giúp không?","false"
"Không hiểu sao em không thể đăng nhập vào tài khoản xem phim của mình.","false"
"Em đang bị khóa tài khoản ví điện tử, không biết làm sao để mở lại đây?","false"
"Sao em không nhận được thông báo từ ứng dụng gọi xe khi đặt xe nhỉ?","false"
"Chị ơi, em thử đăng nhập vào tài khoản game mà không thấy mã xác thực đâu!","false"
"Không thể xem được các kênh trên truyền hình cáp, ai biết tại sao không?","false"
"Em không nhận được thông báo thanh toán từ app, có ai gặp tình trạng này không?","false"
"Chị ơi, phải làm sao để lấy lại tài khoản ngân hàng bị khóa từ hôm qua?","false"
"Em không thể thanh toán bằng ví điện tử ở cửa hàng hôm nay, ai biết không?","false"
"Không nhận được mã xác minh qua số điện thoại cho app gọi xe, làm thế nào?","false"
"Em thấy tiền trong tài khoản game bị trừ mà không biết lý do, nhờ mọi người giúp!","false"
"Tại sao không nhận được hóa đơn từ dịch vụ truyền hình internet nhỉ?","false"
"Em thử đăng nhập vào ví điện tử mà mã OTP không về, có cách nào không?","false"
"Bị lỗi không thanh toán được qua app, có cách nào khắc phục không chị?","false"
"Em không thấy thông báo giao hàng từ ứng dụng đặt đồ ăn nữa, sao vậy?","false"
"Chị ơi, em không nhận được mã xác nhận từ app ngân hàng, có cách nào không?","false"
"Em không tìm thấy lịch sử giao dịch trong tài khoản ví điện tử của mình.","false"
"Sao em không thể đăng nhập vào app thương mại điện tử được nữa nhỉ?","false"
"Chị ơi, tại sao em không nhận được thông báo từ ứng dụng gọi xe nhỉ?","false"
"Không hiểu sao không nhận được mã xác minh qua số điện thoại cho app xem phim.","false"
"Em bị lỗi không thể thanh toán qua app thanh toán, có ai biết không?","false"
"Tại sao không thấy hóa đơn của dịch vụ truyền hình cáp trong app nhỉ?","false"
"Em không nhận được thông báo từ ví điện tử, phải làm sao để kiểm tra?","false"
"Sao không thể thanh toán qua app thương mại điện tử được nhỉ?","false"
"Em thử vào lại app mà không nhận được mã OTP để xác minh tài khoản ngân hàng.","false"
"Chị ơi, sao em không thể đặt xe qua app gọi xe nữa?","false"
"Em không thấy hóa đơn thanh toán điện nước trong tài khoản, ai giúp em với!","false"
"Không nhận được thông báo từ app thanh toán khi có giao dịch mới, sao vậy?","false"
"Chị ơi, em không thể xem được các kênh trên truyền hình cáp, có cách nào không?","false"
"Em bị khóa tài khoản ví điện tử, không biết phải làm sao để mở lại đây?","false"
"Không hiểu tại sao không nhận được mã OTP để xác minh tài khoản game.","false"
"Sao không thể thanh toán qua ví điện tử ở cửa hàng hôm nay được nhỉ?","false"
"Em không nhận được thông báo từ ứng dụng đặt đồ ăn, ai biết cách khắc phục không?","false"
"Chị ơi, em không thể đăng nhập vào tài khoản ngân hàng, có ai biết không?","false"
"Đã thử nhập số điện thoại mà vẫn không nhận được mã xác thực trong app gọi xe.","false"
"Chả hiểu sao hóa đơn truyền hình internet không hiện ra trong app của em nữa.","false"
"Em không thấy thông báo từ ví điện tử khi giao dịch, có ai biết cách kiểm tra không?","false"
"Tại sao không thể đăng nhập vào app thương mại điện tử được nhỉ?","false"
"Em không nhận được mã OTP để xác minh tài khoản ngân hàng, có cách nào không?","false"
"Sao không thấy thông báo giao hàng từ ứng dụng đặt đồ ăn nữa nhỉ?","false"
"Chị ơi, em bị lỗi không truy cập được vào tài khoản game của mình, có ai giúp không?","false"
"Em không nhận được mã xác minh khi đăng ký tài khoản ví điện tử, làm thế nào?","false"
"Không thấy hóa đơn truyền hình cáp trong app, có ai biết sao không?","false"
"Chị ơi, phải làm sao để lấy lại tài khoản ngân hàng bị khóa đây?","false"
"Em không thể thanh toán qua app thanh toán ở cửa hàng hôm nay, ai biết không?","false"
"Không nhận được mã xác thực qua số điện thoại cho app gọi xe, có cách nào không?","false"
"Em không thấy số tiền trong tài khoản thương mại điện tử của mình nữa, có ai giúp không?","false"
"Sao em không thể xem được kênh truyền hình yêu thích trên app nhỉ?","false"
"Chị ơi, em cần trợ giúp với tài khoản ngân hàng, bị khóa rồi!","false"
"Em không nhận được thông báo giao hàng từ ứng dụng, có ai giúp em không?","false"
"Đã nhập số điện thoại mà vẫn không nhận được mã xác thực từ ví điện tử.","false"
"Sao em không thấy thông báo từ app thương mại điện tử khi có giao dịch mới?","false"
"Chị ơi, em không nhận được mã xác minh khi đăng nhập vào tài khoản ngân hàng.","false"
"Em không thể thanh toán qua app gọi xe, có ai biết lý do không?","false"
"Tại sao không thấy hóa đơn của dịch vụ truyền hình cáp trong app nhỉ?","false"
"Em bị lỗi không truy cập được vào tài khoản game, giúp em với!","false"
"Không hiểu sao em không thể đăng nhập vào ví điện tử của mình nữa.","false"
"Sao không thấy thông báo từ app thanh toán khi có giao dịch mới nhỉ?","false"
"Chị ơi, em không thể xem được các kênh trên truyền hình internet, có cách nào không?","false"
"Em không nhận được mã OTP để xác minh tài khoản ngân hàng, có cách nào không?","false"
"Đã thử nhiều lần mà vẫn không thấy số tiền trong tài khoản ví điện tử.","false"
"Em không thấy thông báo từ ứng dụng đặt đồ ăn, có ai biết không?","false"
"Chị ơi, em không thể thanh toán qua app thương mại điện tử, sao vậy nhỉ?","false"
"Sao không nhận được mã xác thực qua số điện thoại cho app gọi xe nhỉ?","false"
"Em bị khóa tài khoản ví điện tử, không biết làm sao để mở lại đây?","false"
"Chả hiểu sao hóa đơn điện nước không hiện lên trong app của em nữa, ai biết không?","false"
"Em không nhận được thông báo từ app thanh toán khi có giao dịch mới, có ai biết không?","false"
"Chị ơi, em không thể xem được các kênh trên truyền hình cáp, có cách nào không?","false"
"Sao em không nhận được mã xác minh khi đăng ký tài khoản ví điện tử?","false"
"Em không thấy thông báo từ ứng dụng giao hàng, có ai biết lý do không?","false"
"Chị ơi, tại sao em không thể đặt xe qua app gọi xe được nhỉ?","false"
"Em không nhận được mã OTP để xác minh tài khoản game, có cách nào không?","false"
"Không hiểu sao không thấy hóa đơn truyền hình internet trong app của mình nữa.","false"
"Chị ơi, em cần trợ giúp với tài khoản ngân hàng bị khóa, có ai biết không?","false"
"Em không thể thanh toán qua app đặt đồ ăn hôm nay, có ai giúp không?","false"
"Sao không thấy thông báo từ app thương mại điện tử khi có giao dịch nhỉ?","false"
"Em không thể đăng nhập vào tài khoản game của mình nữa, có ai giúp không?","false"
"Chị ơi, em không nhận được mã xác thực khi đăng nhập vào tài khoản ngân hàng, phải làm sao?","false"
"Chả hiểu sao hôm nay không nhận được mã OTP cho tài khoản ngân hàng","false"
"Em không vào được ví điện tử, nó cứ báo lỗi xác thực số điện thoại","false"
"Tại sao mình bị trừ tiền trên app gọi xe mà không thấy thông báo gì cả?","false"
"Không xem được kênh nào trên truyền hình cáp mặc dù đã nạp tiền cho gói dịch vụ","false"
"Mình quên mật khẩu tài khoản game, có gửi mã về số điện thoại nhưng không nhận được","false"
"Làm ơn giúp mình với, số điện thoại đăng nhập ví điện tử không nhận được OTP","false"
"App xem phim yêu cầu xác minh số điện thoại nhưng cứ báo lỗi không gửi mã xác thực","false"
"Hóa đơn dịch vụ truyền hình cáp tháng này sao lại cao thế nhỉ?","false"
"Không đặt được đồ ăn qua app, nó cứ hiện lỗi khi nhập số điện thoại","false"
"Mình không thể truy cập vào tài khoản ngân hàng qua app, có cần mã OTP không?","false"
"Tại sao không vào được tài khoản game, nó yêu cầu xác minh qua số điện thoại?","false"
"Chắc mình phải gọi điện cho dịch vụ khách hàng của cái app thanh toán này thôi","false"
"Em bị khóa tài khoản trên ví điện tử, nhưng không nhận được thông báo gì cả","false"
"Đã nạp tiền cho truyền hình cáp rồi mà sao vẫn không xem được kênh","false"
"Lỗi không nhận được mã xác thực để kích hoạt tài khoản app gọi xe","false"
"Số điện thoại này đã đăng ký nhiều tài khoản trên app thanh toán, giờ không vào được","false"
"Mình không biết tại sao lại bị trừ tiền trên app thương mại điện tử này","false"
"App streaming phim yêu cầu xác minh SMS mà không gửi mã về số điện thoại","false"
"Tại sao hóa đơn dịch vụ internet lại không trừ qua số điện thoại của mình?","false"
"Em không nhận được thông báo gì từ ngân hàng qua số điện thoại đã đăng ký","false"
"Số điện thoại của mình liên kết với ví điện tử mà không nhận được OTP","false"
"Không thể thanh toán qua ví điện tử vì không nhận được mã xác thực","false"
"Em đang bị lỗi khi đăng nhập vào tài khoản game, có cần mã OTP không?","false"
"Truyền hình cáp báo lỗi không mở được kênh, nhưng đã thanh toán rồi","false"
"Bị trừ tiền trên app giao hàng nhưng không thấy xác nhận gì","false"
"Em đã thử nhập số điện thoại vào app thanh toán nhưng không nhận được mã xác thực","false"
"Không vào được tài khoản ngân hàng, nó bảo phải xác minh qua SMS","false"
"Tại sao lại không nhận được mã OTP cho app đặt đồ ăn nhỉ?","false"
"Mình cần hỗ trợ vì không thể đăng nhập vào tài khoản ví điện tử","false"
"Đã nạp thẻ cho ứng dụng mà vẫn không xem được phim","false"
"Số điện thoại của mình không nhận được mã xác thực cho app này","false"
"Bị khóa tài khoản trên app game nhưng không nhận được thông báo nào","false"
"Mọi người ơi, sao không thấy hóa đơn của dịch vụ truyền hình cáp nhỉ?","false"
"Sao không thanh toán được qua ví điện tử, nó cứ báo lỗi liên quan đến số điện thoại","false"
"App gọi xe yêu cầu gửi mã xác thực qua số điện thoại mà mình không nhận được","false"
"Làm sao để lấy lại mật khẩu cho tài khoản game khi không nhận được OTP?","false"
"Mình không nhận được thông báo từ ngân hàng qua số điện thoại đã đăng ký","false"
"Truyền hình cáp báo lỗi nhưng mình đã thanh toán trước đó rồi mà","false"
"Em không thể xem kênh trên app truyền hình, mặc dù đã có gói dịch vụ","false"
"Lỗi không đưa mã xác thực vào số điện thoại cho app thanh toán này","false"
"Truyền hình cáp báo không có tín hiệu nhưng mình đã nạp tiền đầy đủ","false"
"Có ai biết cách lấy lại tài khoản game không, mình không nhận được mã OTP?","false"
"Chả biết sao hóa đơn tháng này lại cao vậy, có ai giống mình không?","false"
"Em đã thử nhiều lần mà vẫn không đăng nhập được vào ví điện tử","false"
"Tại sao mình không nhận được mã xác thực cho tài khoản ngân hàng nhỉ?","false"
"Không thể xem được phim vì app báo lỗi, dù đã thanh toán dịch vụ","false"
"Mình không vào được tài khoản ngân hàng, có cần mã OTP gửi về số điện thoại không?","false"
"Em không nhận được mã xác thực khi đăng nhập vào app gọi xe","false"
"Sao không gửi mã xác thực cho số điện thoại của mình trên app thanh toán nhỉ?","false"
"Khi nào tài khoản game của mình được khôi phục, không có mã OTP gửi về?","false"
"Truyền hình cáp không hoạt động, mà đã có thanh toán cho tháng này rồi mà","false"
"Số điện thoại này không nhận được mã OTP cho app ví điện tử","false"
"Không vào được app ngân hàng, không thấy mã xác thực nào gửi về cả","false"
"Em bị trừ tiền trên app gọi đồ ăn nhưng không nhận được thông tin gì","false"
"Vì sao mình không thể xác minh tài khoản game qua số điện thoại nhỉ?","false"
"Bị khóa tài khoản trên app thanh toán mà không nhận được thông báo gì cả","false"
"Kênh truyền hình không mở được mà đã thanh toán cho gói kênh này rồi","false"
"Không thể đăng nhập vào app vì không nhận được mã OTP xác thực","false"
"Tại sao mình không nhận được thông báo từ dịch vụ ngân hàng nhỉ?","false"
"Không vào được tài khoản trên app thanh toán, có cần mã OTP không nhỉ?","false"
"Hóa đơn tháng này cho truyền hình cáp sao lại cao thế, ai biết không?","false"
"Số điện thoại không nhận được mã xác thực cho app gọi xe, phải làm sao?","false"
"Bị lỗi không xem được phim qua app, mặc dù đã nạp tiền","false"
"Không nhận được mã xác thực cho tài khoản game, làm ơn giúp em với","false"
"Em không vào được ví điện tử, có cần mã OTP không?","false"
"Mình không nhận được thông báo gì từ dịch vụ thanh toán qua số điện thoại này","false"
"App truyền hình cáp không mở được kênh, mặc dù mình đã thanh toán","false"
"Sao lại không có mã OTP gửi về số điện thoại cho app ngân hàng nhỉ?","false"
"Em không vào được tài khoản ngân hàng, mã OTP không gửi về","false"
"Khi nào tài khoản game của mình được mở khóa, không có mã OTP gửi về?","false"
"Bị trừ tiền trên app giao hàng nhưng không thấy thông báo gì cả","false"
"Chả nhẽ phải gọi điện cho dịch vụ khách hàng để hỏi về hóa đơn truyền hình cáp sao?","false"
"Không thể thanh toán qua ví điện tử vì không nhận được mã xác thực","false"
"Sao không nhận được mã OTP cho app thanh toán này nhỉ?","false"
"Bị khóa tài khoản game nhưng không nhận được thông báo nào từ số điện thoại","false"
"Truyền hình cáp thông báo lỗi nhưng đã thanh toán rồi mà sao vẫn không xem được?","false"
"Số điện thoại của mình không nhận được mã xác thực cho app gọi xe","false"
"Em không thể xem được kênh trên app truyền hình cáp mặc dù đã thanh toán","false"
"Mình đã thử rất nhiều lần nhưng vẫn không nhận được mã OTP cho tài khoản ngân hàng","false"
"Sao hóa đơn tháng này lại cao hơn mọi khi, có ai biết không?","false"
"Làm ơn giúp mình với, không vào được tài khoản ví điện tử vì không nhận được mã xác thực","false"
"Số điện thoại này không nhận được mã OTP cho app thanh toán, phải làm sao giờ?","false"
"Tại sao không thể đăng nhập vào tài khoản game, mã OTP không gửi về số điện thoại?","false"
"Truyền hình cáp báo lỗi không xem được kênh, nhưng đã thanh toán cho gói dịch vụ rồi mà","false"
"Em không nhận được mã xác thực cho tài khoản ngân hàng, làm ơn giúp em với","false"
"Chả hiểu sao không nhận được thông báo từ dịch vụ ví điện tử này nhỉ?","false"
"Bị trừ tiền trên app gọi đồ ăn nhưng không thấy thông báo gì từ số điện thoại","false"
"Không mở được kênh truyền hình cáp, dù đã thanh toán gói kênh này rồi","false"
"Không vào được tài khoản ngân hàng vì mã OTP không gửi về số điện thoại của mình","false"
"App giao hàng yêu cầu xác minh số điện thoại, nhưng mình không nhận được mã xác thực","false"
"Em không thể đăng nhập vào tài khoản game vì không nhận được mã xác thực","false"
"Có ai biết tại sao không nhận được mã OTP cho app thanh toán hay không?","false"
"Số điện thoại này không nhận được mã xác thực cho app ví điện tử, phải làm sao?","false"
"Mình không vào được tài khoản ngân hàng, không thấy mã OTP gửi về","false"
"Truyền hình cáp thông báo không có tín hiệu, đã thanh toán rồi mà sao vẫn không xem được?","false"
"Làm sao để lấy lại tài khoản game khi không nhận được mã xác thực nhỉ?","false"
"Chả nhẽ phải gọi điện cho dịch vụ khách hàng để hỏi về hóa đơn truyền hình cáp sao?","false"
"Bị trừ tiền trên app giao hàng mà không thấy thông báo gì cả","false"
"Em không nhận được mã xác thực từ ngân hàng, làm ơn giúp em với","false"
"Em không nhận được mã OTP để đăng nhập vào ngân hàng, giờ phải làm sao?","false"
"Tại sao ví điện tử của tôi lại bị khóa, tôi không thể thanh toán?","false"
"Nhà em không xem được kênh truyền hình cáp hôm nay, có ai biết không?","false"
"Đặt đồ ăn mà không nhận được xác nhận đơn, ai biết lý do không?","false"
"Tại sao tôi không nhận được thông báo giao dịch từ tài khoản ngân hàng?","false"
"App xem phim yêu cầu xác minh số điện thoại, nhưng mã không gửi về?","false"
"Em bị trừ tiền từ tài khoản ví điện tử mà không biết lý do, có ai gặp chưa?","false"
"Làm thế nào để lấy lại tài khoản game bị khóa, có cần số điện thoại không?","false"
"Giờ tôi không xem được các kênh trên truyền hình internet, ai biết cách xử lý?","false"
"Không nhận được OTP cho app thanh toán, có cách nào khắc phục không?","false"
"Mọi người có biết tại sao tài khoản thương mại điện tử của mình bị khóa không?","false"
"Đặt xe mà không thấy thông báo gì, có ai bị giống tôi không?","false"
"Tôi không nhận được thông báo nạp tiền cho ví điện tử, có vấn đề gì không?","false"
"Giúp tôi với, không vào được trang web thanh toán, tất cả đều báo lỗi!","false"
"Truyền hình cáp nhà tôi hôm nay không có tín hiệu, làm thế nào đây?","false"
"Em vừa nạp tiền vào ví nhưng không thấy tiền về đâu cả, sao vậy?","false"
"Đăng nhập vào ứng dụng ngân hàng mà không nhận được mã xác thực, ai biết không?","false"
"Không thể xem được kênh yêu thích trên truyền hình internet, có ai có cách xử lý không?","false"
"Tôi không biết làm thế nào để lấy lại mật khẩu ví điện tử bị quên, nhờ ai giúp!","false"
"App gọi xe không xác nhận được chuyến đi, ai đã gặp trường hợp này chưa?","false"
"Hóa đơn tháng này của truyền hình cáp sao lại tăng cao vậy, có ai giải thích không?","false"
"Tại sao tôi không nhận được thông báo giao dịch từ tài khoản game?","false"
"App đặt đồ ăn không hiển thị địa chỉ của tôi, có ai biết cách khắc phục không?","false"
"Em không thể truy cập vào tài khoản ngân hàng, có ai gặp vấn đề tương tự không?","false"
"Giờ không xem được bất kỳ kênh nào trên truyền hình cáp, mọi người có biết không?","false"
"App thanh toán yêu cầu mã xác thực nhưng không gửi về, ai giúp tôi với!","false"
"Chả hiểu sao tài khoản thương mại điện tử của tôi bỗng dưng bị khóa, xin hỗ trợ!","false"
"Em không nhận được thông báo từ ví điện tử, giờ tôi phải làm gì đây?","false"
"Có cách nào để khôi phục lại mật khẩu tài khoản game không mọi người?","false"
"Truyền hình cáp nhà tôi không xem được, ai biết bảo trì không hay hỏng?","false"
"Đặt xe xong mà không thấy ai đến đón, ai biết lý do không?","false"
"Tôi không nhận được mã OTP cho app ngân hàng, vậy phải làm sao?","false"
"Phí hàng tháng của ví điện tử này sao lại cao hơn trước, có ai biết không?","false"
"Không vào được ứng dụng thanh toán, có ai biết có lỗi gì không?","false"
"Tôi nhấn xác nhận nhưng không thấy kênh truyền hình nào hoạt động, có ai giúp không?","false"
"Em không nhận được thông báo từ tài khoản thương mại điện tử, nhờ ai giúp!","false"
"Giờ không vào được app gọi xe, ai có cách nào khắc phục không?","false"
"Tại sao ví điện tử lại báo lỗi khi tôi cố gắng chuyển tiền, có ai biết không?","false"
"Đã nạp tiền cho tài khoản game nhưng không thấy tiền đâu cả, ai biết không?","false"
"Truyền hình cáp không có tín hiệu, tôi phải làm gì để khắc phục đây?","false"
"Chả hiểu sao tôi không nhận được mã xác thực cho app thanh toán, có ai biết không?","false"
"Không hiểu sao tài khoản ngân hàng của tôi lại bị khóa, xin chỉ giúp!","false"
"App xem phim không cho phép tôi đăng nhập, có ai gặp phải không?","false"
"Tôi không thể xem được kênh yêu thích trên truyền hình cáp, ai có cách xử lý không?","false"
"Giúp tôi với, ví điện tử báo lỗi khi tôi cố gắng thanh toán, có ai biết không?","false"
"Không nhận được thông báo từ tài khoản thương mại điện tử, sao vậy?","false"
"Đặt đồ ăn mà không thấy ai giao, có ai bị giống tôi không?","false"
"Tôi không vào được ứng dụng ngân hàng, có ai biết có lỗi gì không?","false"
"Hóa đơn truyền hình cáp tháng này sao lại khác lạ vậy, có ai giải thích không?","false"
"Giờ không nhận được mã OTP cho ví điện tử, nhờ ai hỗ trợ!","false"
"App gọi xe không hiển thị địa chỉ của tôi, có cách nào để sửa không?","false"
"Tôi không thể xem kênh nào trên truyền hình internet, có ai biết sao không?","false"
"Em không nhận được mã xác thực cho app thanh toán, làm thế nào để khắc phục?","false"
"Phí hàng tháng của tài khoản game sao lại tăng lên bất ngờ, ai biết tại sao không?","false"
"Truyền hình cáp nhà em không có tín hiệu, có ai biết cách xử lý không?","false"
"Đã nạp tiền vào ví nhưng thấy tài khoản vẫn không thay đổi, sao lại như vậy?","false"
"Em không thể đăng nhập vào ứng dụng ngân hàng, ai có cách nào hỗ trợ không?","false"
"Tôi không nhận được OTP cho app thương mại điện tử, giờ phải làm sao?","false"
"Chả hiểu sao tài khoản ví điện tử của tôi lại bị khóa, có ai biết không?","false"
"App đặt đồ ăn không hiển thị món ăn, có ai biết cách khắc phục không?","false"
"Tôi không vào được trang thanh toán, có ai gặp lỗi tương tự không?","false"
"Không nhận được thông báo từ tài khoản game, giờ phải làm gì đây?","false"
"Giúp tôi với, truyền hình cáp không hiển thị kênh nào, có ai biết không?","false"
"Không hiểu sao tôi không nhận được mã OTP cho ngân hàng, có ai biết không?","false"
"Tại sao ví điện tử lại báo lỗi khi tôi thanh toán, có ai giúp không?","false"
"Em không nhận được xác nhận từ app gọi xe, làm thế nào để biết đơn hàng?","false"
"Tôi không vào được kênh yêu thích trên truyền hình, có ai biết cách khắc phục không?","false"
"Đặt đồ ăn mà không thấy ai giao, giờ phải làm sao, nhờ ai giúp!","false"
"Có cách nào để khôi phục tài khoản game bị khóa không, ai biết không?","false"
"Truyền hình cáp không có tín hiệu, ai biết lý do không?","false"
"Nhà em không xem được các kênh trên truyền hình, có ai biết khắc phục không?","false"
"Giúp tôi với, không thể đăng nhập vào ứng dụng ngân hàng, ai biết không?","false"
"Phí hàng tháng của tài khoản thương mại điện tử sao lại tăng hơn, ai biết lý do?","false"
"Giờ không nhận được thông báo từ ví điện tử, có cách nào để kiểm tra không?","false"
"App thanh toán báo lỗi khi tôi cố gắng chuyển tiền, có ai biết khắc phục không?","false"
"Tôi không thể xem kênh nào trên truyền hình cáp, có ai giúp không?","false"
"Em không nhận được mã xác thực cho app gọi xe, giờ phải làm sao?","false"
"Chả hiểu sao tài khoản ngân hàng lại bị khóa, có ai biết cách lấy lại không?","false"
"App xem phim yêu cầu xác minh số điện thoại, nhưng không gửi mã, ai biết không?","false"
"Đã nạp tiền cho ví điện tử nhưng không thấy tiền về, có ai gặp không?","false"
"Tôi không vào được ứng dụng thanh toán, có lỗi gì không?","false"
"Truyền hình cáp không có tín hiệu, ai biết cách khắc phục không?","false"
"Em không nhận được mã OTP cho tài khoản game, vậy phải làm sao?","false"
"Đặt đồ ăn mà không thấy ai giao hàng, có ai biết tại sao không?","false"
"Tôi không vào được app ngân hàng, ai có cách nào hỗ trợ không?","false"
"Hóa đơn tháng này của tài khoản thương mại điện tử sao lại cao vậy, có ai biết không?","false"
"Không hiểu sao tài khoản ví điện tử lại không thể thanh toán, ai biết lý do không?","false"
"Em không nhận được xác nhận từ app xem phim, có ai giúp không?","false"
"Truyền hình cáp không hiển thị kênh nào, có ai biết gì không?","false"
"Giúp tôi với, không thể truy cập vào ví điện tử, có lỗi gì không?","false"
"Đã nạp tiền cho tài khoản game nhưng không thấy tiền, có ai biết tại sao không?","false"
"Có cách nào để lấy lại mật khẩu tài khoản thương mại điện tử không?","false"
"Em không thể xem được kênh yêu thích trên truyền hình cáp, ai biết cách xử lý không?","false"
"Tại sao ví điện tử lại báo lỗi khi thanh toán, có cách nào khắc phục không?","false"
"Giờ không nhận được mã xác thực cho app gọi xe, có ai biết cách làm không?","false"
"Không vào được trang thanh toán, có ai biết cách khắc phục không?","false"
"Tôi không nhận được thông báo từ tài khoản game, giờ phải làm gì?","false"
"Giúp tôi với, truyền hình cáp không hoạt động, ai có cách nào xử lý không?","false"
"Em không nhận được OTP cho ngân hàng, sao lại như vậy?","false"
"Phí hàng tháng của ví điện tử lại cao hơn, có ai biết lý do không?","false"
"Tôi không thể xem được kênh nào trên truyền hình, có ai giúp không?","false"
"Đặt đồ ăn mà không thấy ai giao, giờ phải làm sao?","false"
"Có cách nào khôi phục tài khoản game bị khóa không, ai biết không?","false"
"Truyền hình cáp không có tín hiệu, làm thế nào để khắc phục?","false"
"Giờ không nhận được mã OTP cho ví điện tử, nhờ ai giúp!","false"
"App gọi xe không xác nhận được chuyến đi, có ai gặp phải không?","false"
"Giúp tôi với, không vào được ứng dụng ngân hàng, có lỗi gì không?","false"
"Hóa đơn truyền hình cáp tháng này sao lại khác lạ, có ai giải thích không?","false"
"Giờ không nhận được mã OTP cho app thanh toán, làm thế nào để khắc phục?","false"
"Tại sao tài khoản thương mại điện tử của tôi bị khóa, có ai biết không?","false"
"Em không nhận được thông báo từ ví điện tử, giờ tôi phải làm gì?","false"
"Đặt xe mà không thấy thông báo gì, có ai biết lý do không?","false"
"Tôi không vào được trang thanh toán, có ai gặp lỗi tương tự không?","false"
"Không thể xem được bất kỳ kênh nào trên truyền hình cáp, ai có cách xử lý không?","false"
"Có cách nào để khôi phục tài khoản game bị khóa không, ai biết không?","false"
"Truyền hình cáp không có tín hiệu, làm thế nào để khắc phục?","false"
"Nhà em không xem được các kênh trên truyền hình, có ai biết khắc phục không?","false"
"Giúp tôi với, không thể đăng nhập vào ứng dụng ngân hàng, ai biết không?","false"
"Phí hàng tháng của tài khoản thương mại điện tử sao lại tăng hơn, ai biết lý do?","false"
"Giờ không nhận được thông báo từ ví điện tử, có cách nào để kiểm tra không?","false"
"App thanh toán báo lỗi khi tôi cố gắng chuyển tiền, có ai giúp không?","false"
"Tôi không thể xem kênh nào trên truyền hình cáp, có ai giúp không?","false"
"Em không nhận được mã xác thực cho app gọi xe, giờ phải làm sao?","false"
"Chả hiểu sao tài khoản ngân hàng lại bị khóa, có ai biết cách lấy lại không?","false"
"App xem phim yêu cầu xác minh số điện thoại, nhưng không gửi mã, ai biết không?","false"
"Đã nạp tiền cho ví điện tử nhưng không thấy tiền về, có ai gặp không?","false"
"Tôi không vào được ứng dụng thanh toán, có lỗi gì không?","false"
"Truyền hình cáp không có tín hiệu, ai biết cách khắc phục không?","false"
"Em không nhận được mã OTP cho tài khoản game, vậy phải làm sao?","false"
"Đặt đồ ăn mà không thấy ai giao hàng, có ai biết tại sao không?","false"
"Tôi không vào được app ngân hàng, ai có cách nào hỗ trợ không?","false"
"Hóa đơn tháng này của tài khoản thương mại điện tử sao lại cao vậy, có ai biết không?","false"
"Không hiểu sao tài khoản ví điện tử lại không thể thanh toán, ai biết lý do không?","false"
"Em không nhận được xác nhận từ app xem phim, có ai giúp không?","false"
"Truyền hình cáp không hiển thị kênh nào, có ai biết gì không?","false"
"Giúp tôi với, không thể truy cập vào ví điện tử, có lỗi gì không?","false"
"Đã nạp tiền cho tài khoản game nhưng không thấy tiền, có ai biết tại sao không?","false"
"Có cách nào để lấy lại mật khẩu tài khoản thương mại điện tử không?","false"
"Em không thể xem được kênh yêu thích trên truyền hình cáp, ai biết cách xử lý không?","false"
"Tại sao ví điện tử lại báo lỗi khi thanh toán, có cách nào khắc phục không?","false"
"Giờ không nhận được mã xác thực cho app gọi xe, có ai biết cách làm không?","false"
"Không vào được trang thanh toán, có ai biết cách khắc phục không?","false"
"Tôi không nhận được thông báo từ tài khoản game, giờ phải làm gì?","false"
"Giúp tôi với, truyền hình cáp không hoạt động, ai có cách nào xử lý không?","false"
"Em không nhận được mã OTP để xác minh tài khoản ngân hàng của mình","false"
"Tại sao tài khoản ví điện tử của tôi lại bị khóa, tôi cần lấy lại tiền gấp","false"
"Chi phí truyền hình cáp của tôi tăng lên mà không có thông báo nào cả","false"
"Tôi không thể xem được kênh yêu thích trên truyền hình internet, có ai biết tại sao không?","false"
"App đặt đồ ăn yêu cầu tôi nhập số điện thoại nhưng không gửi mã xác thực","false"
"Tôi cần hỗ trợ về việc không nhận được thông báo từ ứng dụng gọi xe","false"
"Tháng này tôi bị trừ tiền nhiều hơn cho dịch vụ streaming, có ai bị giống tôi không?","false"
"Giúp tôi với, tôi không thể đăng nhập vào tài khoản game của mình do bị khóa","false"
"Vì sao tôi không nhận được thông báo giao dịch từ ngân hàng qua SMS?","false"
"Tôi không xem được video trên app xem phim, tại sao lại lỗi như vậy?","false"
"Hóa đơn thanh toán của truyền hình cáp có sai sót, ai có thể giúp tôi không?","false"
"Tôi đã nạp tiền vào ví điện tử nhưng không thấy tiền vào tài khoản","false"
"Mã OTP không được gửi về số điện thoại của tôi cho app thanh toán, làm sao đây?","false"
"Ứng dụng gọi xe báo lỗi không thể xác minh số điện thoại của tôi","false"
"Có ai đó đã gặp tình trạng không nhận được mã xác thực khi đăng nhập không?","false"
"Cost của dịch vụ truyền hình cáp quá cao, ai biết cách nào khiếu nại không?","false"
"Tôi không thể sử dụng app thanh toán vì bị khóa tài khoản, làm sao để mở lại?","false"
"Vì sao hóa đơn ngân hàng lại không khớp với số tiền đã chi tiêu của tôi?","false"
"Vấn đề gì khiến tôi không nhận được notification từ app gọi xe?","false"
"Tôi muốn biết tại sao tài khoản game của tôi lại bị khóa mà không có lý do?","false"
"Ứng dụng xem phim yêu cầu xác minh số điện thoại mà tôi chưa nhận được mã","false"
"Có ai biết cách lấy lại số tiền đã bị trừ trong tài khoản ví điện tử không?","false"
"Tôi đã nhắn tin cho ngân hàng mà vẫn không nhận được phản hồi nào cả","false"
"Tại sao tôi không nhận được mã xác nhận khi đăng ký tài khoản mới trên app?","false"
"Tôi không thể xem được các kênh truyền hình cáp, có ai biết cách khắc phục không?","false"
"Tôi cần giúp đỡ vì tài khoản ngân hàng của tôi không hiển thị giao dịch mới","false"
"Chắc chắn là tôi đã nhập đúng số điện thoại mà sao không nhận được OTP?","false"
"Có ai gặp phải vấn đề không thể đăng nhập vào app ngân hàng không?","false"
"Sao bỗng dưng tài khoản ví của tôi lại bị trừ tiền mà tôi không hề giao dịch gì?","false"
"Chả nhẽ tháng này tôi lại bị tính phí nhiều hơn cho truyền hình cáp sao?","false"
"Mình không nhận được thông báo từ app đặt đồ ăn mặc dù đã đặt hàng thành công","false"
"Tôi không hiểu tại sao mã xác thực gửi đến số điện thoại của tôi lại trễ quá lâu","false"
"Tài khoản game của tôi bị khóa, làm ơn hãy giúp tôi mở lại với!","false"
"Mọi người có biết vì sao không nhận được OTP trên điện thoại khi đăng nhập không?","false"
"Tôi không tìm thấy kênh mình hay xem trên truyền hình cáp, ai biết không?","false"
"Tôi đã thử vài lần mà vẫn không thể xác minh số điện thoại cho app thanh toán","false"
"Có ai biết cách kiểm tra số dư trong tài khoản ngân hàng không?","false"
"Tại sao tôi không nhận được thông báo về hóa đơn tháng này từ truyền hình cáp?","false"
"Tôi cần trợ giúp về việc không thể truy cập vào tài khoản của mình trên app","false"
"Hy vọng là không có vấn đề gì xảy ra với tài khoản của tôi trên ví điện tử","false"
"Tôi không nhận được mã xác thực từ app gọi xe mặc dù đã nhập đúng số điện thoại","false"
"Hóa đơn truyền hình cáp bị tính sai, tôi muốn khiếu nại nhưng không biết phải làm gì?","false"
"Có ai đã từng gặp vấn đề không thể xem video trên nền tảng streaming không?","false"
"Tại sao ứng dụng ngân hàng lại không hiển thị thông báo mới nhất của tôi?","false"
"Tôi bị trừ tiền từ ví điện tử nhưng không rõ lỗi ở đâu, ai giúp tôi với?","false"
"Không nhập được mã OTP cho ứng dụng gọi xe, có ai gặp tình trạng như vậy không?","false"
"Có lý do gì khiến tôi không xem được một số kênh trên truyền hình cáp không?","false"
"App thanh toán yêu cầu mã xác thực nhưng lại không gửi đến số điện thoại của tôi","false"
"Tháng này hóa đơn của dịch vụ streaming lại cao hơn bình thường, có ai biết lý do không?","false"
"Mình không nhận được tin nhắn xác nhận từ app đặt đồ ăn, làm sao đây?","false"
"Tôi đã nhập đúng số điện thoại nhưng không nhận được mã OTP từ ngân hàng","false"
"Khoản phí truyền hình cáp tháng này tăng mạnh, có ai cũng bị giống tôi không?","false"
"Vì sao tôi không thể kiểm tra số dư tài khoản ngân hàng của mình qua app?","false"
"Có ai đã gặp lỗi không đăng nhập được vào tài khoản game khi nhập số điện thoại không?","false"
"Hóa đơn không giống như dự kiến, tôi cần biết lý do từ nhà cung cấp dịch vụ truyền hình cáp","false"
"Tôi không nhận được mã xác thực từ ứng dụng ví điện tử, cần giúp đỡ!","false"
"Khi nào tôi mới nhận được thông báo từ ngân hàng về giao dịch của mình đây?","false"
"Tại sao tôi không nhận được thông báo khi có giao dịch mới trên ví điện tử?","false"
"Có ai biết cách mở khóa tài khoản game khi bị khóa do không đăng nhập không?","false"
"Sao mà tôi lại không xem được kênh yêu thích trên truyền hình cáp thế này?","false"
"Tại sao hóa đơn của tháng này lại cao hơn bình thường với dịch vụ truyền hình cáp?","false"
"Tôi không nhận được một thông báo nào từ ứng dụng gọi xe, có ai giúp không?","false"
"Sao tôi không thể xác thực được tài khoản ngân hàng của mình qua số điện thoại?","false"
"Tôi không hiểu vì sao tôi không thể xem được video trên app xem phim này!","false"
"Giúp tôi với, tôi không thể nhập mã OTP vào tài khoản ngân hàng của mình được!","false"
"Có ai biết lý do tại sao tài khoản ví điện tử của tôi lại bị khóa không?","false"
"Chi phí cho dịch vụ truyền hình cáp của tôi lại tăng lên mà không có thông báo nào","false"
"Tôi đã nhập đúng thông tin nhưng vẫn không thấy mã xác thực từ app thanh toán","false"
"Tôi bị trừ tiền cho dịch vụ không tôi sử dụng từ ví điện tử, có ai giúp tôi không?","false"
"Vấn đề gì khiến tôi không nhận được mã xác thực khi đăng nhập vào tài khoản?","false"
"Tại sao tôi không thể kiểm tra lịch sử giao dịch của mình trong tài khoản ngân hàng?","false"
"Chả nhẽ dịch vụ streaming của tôi lại bị tính phí nhiều hơn mà không có lý do gì sao?","false"
"Có phải ai đó biết cách lấy lại mã xác thực cho tài khoản ví điện tử không?","false"
"Sao mà tôi không thể xem được kênh truyền hình mà tôi đã đăng ký?","false"
"Tôi không nhận được thông báo về giao dịch từ ngân hàng mặc dù đã thực hiện","false"
"App gọi xe đã yêu cầu xác minh số điện thoại nhưng tôi lại không nhận được mã xác thực","false"
"Tại sao hóa đơn của tháng này lại chênh lệch quá lớn đối với dịch vụ truyền hình cáp?","false"
"Khi nào tôi mới nhận được thông báo từ ví điện tử sau khi thực hiện giao dịch?","false"
"Tài khoản game của tôi không hoạt động, tôi không biết phải làm sao để mở lại?","false"
"Mọi người có gặp lỗi không nhận được OTP khi đăng nhập vào ứng dụng không?","false"
"Tôi không thể xem được video trên nền tảng streaming, có ai biết cách khắc phục không?","false"
"Tại sao hóa đơn từ dịch vụ truyền hình cáp lại không giống như dự kiến của tôi?","false"
"Có ai đã từng không nhận được mã xác thực từ ứng dụng giao hàng không?","false"
"Giúp mình với, tôi không thể xác minh số điện thoại cho tài khoản ngân hàng của mình!","false"
"Sao mà tài khoản ví điện tử của tôi không hiển thị số dư mới nhất nhỉ?","false"
"Vì sao tháng này dịch vụ truyền hình cáp lại tính phí cao hơn bình thường?","false"
"Có ai biết tại sao không thể kiểm tra tài khoản ngân hàng qua điện thoại không?","false"
"Tôi không nhận được tin nhắn xác nhận từ app đặt đồ ăn, có ai giúp tôi không?","false"
"Chi phí cho dịch vụ truyền hình cáp của tôi bỗng dưng tăng cao, có ai cũng gặp không?","false"
"Tại sao mã xác thực không được gửi về số điện thoại của tôi cho ví điện tử?","false"
"Mình không nhận được thông báo từ ngân hàng về giao dịch, có ai biết cách xử lý không?","false"
"Tôi không thể đăng nhập vào tài khoản game của mình, có ai biết cách lấy lại không?","false"
"Vì sao tôi không xem được kênh mà tôi đã đăng ký trên truyền hình cáp?","false"
"Tôi đã nhập đúng số điện thoại nhưng không nhận được mã OTP từ app ngân hàng","false"
"Có ai biết lý do tại sao tài khoản ví tôi không hiển thị giao dịch mới nhất không?","false"
"Mọi người có biết làm sao để giải quyết việc không nhận được mã xác thực không?","false"
"Sao mà tôi lại không thể xác minh số điện thoại trên ứng dụng gọi xe được?","false"
"Tôi không thể kiểm tra số dư tài khoản ngân hàng của mình, làm sao đây?","false"
"Giúp tôi với, tôi không thể đăng nhập vào tài khoản của mình trên ví điện tử!","false"
"Có ai biết cách khiếu nại về vấn đề hóa đơn sai từ dịch vụ truyền hình cáp không?","false"
"Sao mà không thể xem được video trên nền tảng streaming này thế nhỉ?","false"
"Tôi không nhận được mã xác thực từ app thanh toán, có ai giúp tôi không?","false"
"Tại sao tháng này tôi lại bị tính phí cao hơn cho dịch vụ truyền hình cáp?","false"
"Có vấn đề gì khiến tôi không nhận được thông báo từ ngân hàng không?","false"
"Vì sao ứng dụng gọi xe không xác nhận được số điện thoại của tôi?","false"
"Tôi đã thử nhiều lần nhưng vẫn không thể đăng nhập vào tài khoản game của mình!","false"
"Mình không nhận được tin nhắn xác nhận từ ngân hàng, có ai gặp lỗi tương tự không?","false"
"Giúp tôi với, tôi không thấy giao dịch mới nhất trong tài khoản ví điện tử của mình!","false"
"Sao mà tôi không thể xem được bất kỳ video nào trên dịch vụ streaming này nhỉ?","false"
"Tại sao không nhận được mã xác thực từ ứng dụng gọi xe nhỉ?","false"
"Tôi cần trợ giúp vì không thể kiểm tra thông tin tài khoản ngân hàng của mình!","false"
"Chi phí cho dịch vụ truyền hình cáp đã tăng lên mà không có lý do rõ ràng!","false"
"Mọi người có biết cách khắc phục việc không nhận được mã OTP không?","false"
"Vì sao tôi không thể xác minh số điện thoại cho tài khoản ngân hàng của mình?","false"
"Tại sao hóa đơn của dịch vụ streaming lại cao hơn tháng trước nhiều vậy?","false"
"Tôi không nhận được thông báo từ ứng dụng đặt đồ ăn, có ai biết lý do không?","false"
"Giúp tôi với, tôi không thể truy cập vào tài khoản game của mình được!","false"
"Tại sao tháng này dịch vụ truyền hình cáp của tôi lại tính phí cao hơn bình thường?","false"
"Mình không hiểu tại sao không nhận được mã xác thực từ ngân hàng khi đăng nhập?","false"
"Có ai biết làm sao để lấy lại mã xác thực cho tài khoản ví điện tử không?","false"
"Tôi không thể xem được kênh truyền hình tôi đã đăng ký, ai có kinh nghiệm không?","false"
"Sao mà tôi không nhận được thông báo từ ngân hàng về giao dịch nữa?","false"
"Tại sao ứng dụng ngân hàng lại không hiển thị thông báo mới nhất của tôi?","false"
"Khi nào tôi mới nhận được mã xác thực cho tài khoản ngân hàng của mình đây?","false"
"Tôi không thể đăng nhập vào tài khoản game của mình, có ai giúp không?","false"
"Có lý do gì khiến tôi không nhận được mã xác thực khi đăng nhập không?","false"
"Khi nào tôi mới nhận được thông báo về hóa đơn tháng này từ ngân hàng?","false"
"Tại sao tôi không thể kiểm tra số dư tài khoản ngân hàng qua ứng dụng được?","false"
"Tôi đã nạp tiền vào ví điện tử mà không thấy tiền vào tài khoản, phải làm sao?","false"
"Tại sao tôi không xem được video trên nền tảng streaming này nhỉ?","false"
"Có ai biết cách xử lý việc không nhận được mã OTP từ ngân hàng không?","false"
"Tôi cần hỗ trợ vì tài khoản ngân hàng của tôi không hiển thị giao dịch mới","false"
"Có ai biết vì sao không nhận được thông báo giao dịch từ ngân hàng không?","false"
"Chi phí cho dịch vụ truyền hình cáp tháng này tăng mạnh, có ai bị giống tôi không?","false"
"Tôi không thể xác minh được tài khoản game của mình do lỗi số điện thoại!","false"
"Hóa đơn truyền hình cáp có sai sót, ai có thể giúp tôi không?","false"
"Em không nhận được mã OTP vào số điện thoại để đăng nhập vào tài khoản ngân hàng của mình","false"
"Tại sao tôi không thể xem được kênh trên truyền hình cáp, có phải do lỗi gì không?","false"
"Chả hiểu sao ví điện tử của tôi bị khóa, hãy giúp tôi mở lại tài khoản nhé!","false"
"Mình đã đăng ký gói dịch vụ xem phim nhưng vẫn không xem được, làm ơn kiểm tra giúp!","false"
"Lỗi không nhận được mã xác thực từ app thanh toán, có cách nào khắc phục không?","false"
"Sao mình không thể nạp tiền vào tài khoản game, có vấn đề gì với app không?","false"
"Chào bạn, mình muốn biết hóa đơn tháng này của truyền hình cáp, có gửi về không?","false"
"Khi nào thì mình nhận được tiền hoàn lại từ giao dịch trên app thương mại điện tử?","false"
"Không thấy hóa đơn thanh toán của tháng này cho gói kênh, ai đó hỗ trợ mình với!","false"
"Tôi đang gặp lỗi không đăng nhập được vào ứng dụng gọi xe, có ai biết tại sao không?","false"
"Nhờ bạn kiểm tra giúp tôi giao dịch bị trừ tiền nhưng không hoàn tiền lại vào ví nhé!","false"
"Em không nhận được thông báo gì từ app xem phim, có ai biết bị lỗi không?","false"
"Làm thế nào để mở lại tài khoản ví điện tử bị khóa, mình cần gấp lắm!","false"
"Tôi không thể xem lại video trên truyền hình internet, có vấn đề về kết nối không?","false"
"Sao lại không gửi mã xác thực vào số điện thoại của tôi khi đăng nhập vào app ngân hàng?","false"
"Có ai gặp lỗi không tải được ứng dụng đặt đồ ăn như mình không?","false"
"Tại sao tôi bị trừ phí dịch vụ nhưng không được thông báo từ app thương mại điện tử?","false"
"Hóa đơn tháng này không đúng, mình cần kiểm tra lại với dịch vụ truyền hình cáp nhé!","false"
"Chả lẽ tài khoản game của tôi bị khóa rồi, không biết có ai hỗ trợ không?","false"
"Mình đã gửi yêu cầu nhưng không thấy xác nhận từ app thanh toán, sao lại thế?","false"
"Lỗi không vào được trang xem phim này, có người nào gặp trường hợp giống mình không?","false"
"Chờ mã OTP mà lâu quá không thấy, có phải số điện thoại mình đăng ký không đúng không?","false"
"App gọi xe của mình không hoạt động, ai đó giúp tôi với!","false"
"Tôi đã thanh toán cho gói kênh nhưng không thấy cập nhật trên tài khoản truyền hình cáp!","false"
"Không thể sử dụng ví điện tử để thanh toán, có ai biết cách khắc phục không?","false"
"Sao lại không nhận được thông báo từ ứng dụng mạng xã hội, có vấn đề gì không?","false"
"Chờ mã xác thực lâu quá, không biết có cách nào khác để đăng nhập vào app ngân hàng không?","false"
"Tôi không thể kiểm tra được hóa đơn của mình trên app thương mại điện tử, có ai biết không?","false"
"Rất khó chịu khi không xem được phim yêu thích trên nền tảng đó, có lỗi gì không?","false"
"Tại sao tài khoản của tôi bị khóa mà không có thông báo nào từ ứng dụng gọi xe vậy?","false"
"Làm ơn giúp tôi mở lại tài khoản ví điện tử, đã bị khóa 3 ngày rồi!","false"
"Chả hiểu sao không thể xác minh số điện thoại cho tài khoản ngân hàng của mình!","false"
"Tôi cảm thấy thất vọng vì không nhận được mã OTP từ app thanh toán, mong được giúp đỡ!","false"
"Sao tôi lại không trừ được tiền từ ví điện tử để thanh toán hóa đơn truyền hình cáp nhỉ?","false"
"Có ai biết tại sao không thể xem trực tiếp kênh yêu thích trên truyền hình internet không?","false"
"Em đã thử gửi yêu cầu hỗ trợ nhưng không nhận được phản hồi từ app gọi xe, sao vậy?","false"
"Không thể đăng nhập vào tài khoản game, mã xác minh gửi về chậm quá!","false"
"Cần hỗ trợ kiểm tra giao dịch bị lỗi trên app thương mại điện tử, làm ơn giúp tôi!","false"
"Sao lại không nhận được thông báo khi có giao dịch trên ví điện tử, rất bất tiện!","false"
"Chờ mã xác thực từ app xem phim mà không thấy gì, không biết có vấn đề gì không?","false"
"Tôi không thể truy cập tài khoản ngân hàng, mã xác thực gửi về vẫn chưa có!","false"
"Chưa thấy thông báo hóa đơn tháng này từ dịch vụ truyền hình cáp, có ai biết không?","false"
"Tôi đang gặp khó khăn khi nạp tiền vào ví điện tử, nhờ hỗ trợ với!","false"
"Không thấy hóa đơn tháng này cho dịch vụ gọi xe, có ai kiểm tra giúp tôi không?","false"
"Làm ơn kiểm tra lại tài khoản của tôi trên app thương mại điện tử, bị khóa không rõ lý do!","false"
"Chả hiểu sao không nhận được mã OTP cho tài khoản ngân hàng, ai biết không?","false"
"Tôi vừa thanh toán mà vẫn không xem được kênh trên truyền hình cáp, có lỗi gì không?","false"
"Không nhận được mã xác thực cho app đặt đồ ăn, có ai biết tại sao không?","false"
"Sao tài khoản của tôi lại bị khóa mà không thông báo từ app gọi xe nhỉ?","false"
"Tôi cần hỗ trợ về phí dịch vụ trên app thương mại điện tử mà không thấy ai phản hồi!","false"
"Chờ mã OTP mà lâu quá không thấy, không biết có vấn đề gì với số điện thoại không?","false"
"App xem phim của tôi không hoạt động, có ai gặp vấn đề tương tự không?","false"
"Tháng này không thấy hóa đơn dịch vụ truyền hình cáp, có cần kiểm tra gì không?","false"
"Sao lại không nhận được thông báo từ app gọi xe, rất bực mình!","false"
"Tôi không thể đăng nhập vào tài khoản game, mã xác thực vẫn chưa gửi về!","false"
"Cần giúp đỡ về tài khoản ví điện tử của mình bị khóa, không biết làm sao?","false"
"Vừa thanh toán cho dịch vụ gọi xe mà không thấy xác nhận, có vấn đề gì không?","false"
"Sao hóa đơn tháng này không đúng, cần kiểm tra lại với dịch vụ truyền hình cáp!","false"
"Làm thế nào để nhận lại tiền đã bị trừ nhưng không thấy giao dịch trên app thương mại điện tử?","false"
"Chờ mã xác thực quá lâu cho tài khoản ngân hàng, không biết có vấn đề gì không?","false"
"Tại sao tôi không thể xem kênh trên truyền hình internet, có lỗi gì không?","false"
"Mình gặp vấn đề khi đăng nhập vào ví điện tử, nhờ hỗ trợ giúp!","false"
"Sao không nhận được thông báo về giao dịch trên app gọi xe, rất khó chịu!","false"
"Chẳng hiểu sao không vào được tài khoản game của mình, mã xác minh đâu rồi?","false"
"Em đã thử mở lại tài khoản ví điện tử nhưng không nhận được phản hồi, có ai giúp?","false"
"Tôi muốn kiểm tra hóa đơn tháng này cho dịch vụ truyền hình cáp, không thấy gửi về!","false"
"Chờ mã xác thực cho app thanh toán mà không có gì, có ai biết cách nào không?","false"
"Tôi không thể thực hiện giao dịch trên app thương mại điện tử, có lỗi gì không?","false"
"Sao lại không nhận được mã OTP cho app ngân hàng, rất bực bội!","false"
"Không thấy hóa đơn tháng này từ dịch vụ truyền hình cáp, ai đó hỗ trợ giúp tôi với!","false"
"Chả hiểu sao không vào được ứng dụng đặt đồ ăn, có ai biết tại sao không?","false"
"Làm ơn kiểm tra lại tài khoản của tôi trên app gọi xe, có vấn đề gì không?","false"
"Sao lại không nhận được thông báo giao dịch trên ví điện tử, rất bất tiện?","false"
"Cần hỗ trợ mở lại tài khoản ngân hàng nhưng không biết ai giúp đỡ?","false"
"Chờ mã xác thực từ dịch vụ xem phim mà không thấy gì, ai biết tại sao không?","false"
"Tôi cần kiểm tra giao dịch bị lỗi trên app thương mại điện tử, làm ơn giúp tôi!","false"
"Làm ơn giúp tôi với, không thể lấy mã OTP cho tài khoản ngân hàng!","false"
"Sao lại không nhận được hóa đơn từ dịch vụ gọi xe tháng này, có gì sai không?","false"
"Tôi đang gặp khó khăn khi nạp tiền vào tài khoản game, nhờ hỗ trợ giúp!","false"
"Chả hiểu sao không nhận được mã xác thực cho app thanh toán, ai biết không?","false"
"Tại sao tôi bị trừ tiền nhưng không thấy giao dịch trên app thương mại điện tử?","false"
"Chờ mã OTP lâu quá, không biết số điện thoại mình đăng ký có chính xác không?","false"
"Tôi không thể xem kênh trên truyền hình internet, có người nào gặp tương tự không?","false"
"Gửi yêu cầu hỗ trợ qua app gọi xe mà không nhận được phản hồi, sao vậy?","false"
"Cần hỗ trợ khôi phục tài khoản ví điện tử bị khóa, ai biết làm thế nào không?","false"
"Chả hiểu sao không nhận được thông báo khi có giao dịch trên app thanh toán!","false"
"Tôi không thể xem được video trên app xem phim, có ai biết tại sao không?","false"
"Làm ơn kiểm tra giúp tôi tài khoản ngân hàng của mình bị khóa, rất cần!","false"
"Sao lại không nhận được mã xác thực cho app đặt đồ ăn, rất khó chịu!","false"
"Chờ mã OTP mà không thấy, có vấn đề gì với số điện thoại là sao?","false"
"Không thấy hóa đơn tháng này cho dịch vụ truyền hình cáp, có ai kiểm tra giúp không?","false"
"Tôi không thể đăng nhập vào tài khoản game, mã xác minh vẫn chưa gửi về!","false"
"Nếu không nhận được thông báo từ app gọi xe thì sao, rất bực bội!","false"
"Chả hiểu sao không thể nạp tiền vào ví điện tử, có ai biết nguyên nhân không?","false"
"Tôi không thể kiểm tra giao dịch trên app thương mại điện tử, có vấn đề gì không?","false"
"Sao khi thanh toán mà không nhận được hóa đơn từ dịch vụ truyền hình cáp nhỉ?","false"
"Làm ơn giúp tôi mở lại tài khoản ngân hàng, đã bị khóa mấy ngày rồi!","false"
"Chờ mã xác thực từ app thanh toán mà không thấy gì, ai biết lý do không?","false"
"Không thấy hóa đơn từ dịch vụ gọi xe tháng này, có ai biết không?","false"
"Tại sao tôi không thể xem kênh trên truyền hình internet, có lỗi gì không?","false"
"Chờ mã OTP mà lâu quá không thấy, không biết sao nhỉ?","false"
"Chả hiểu sao không thể đăng nhập vào tài khoản game, mã xác minh đâu rồi?","false"
"Tôi cần kiểm tra giao dịch trên app thương mại điện tử mà không thấy gì!","false"
"Chả hiểu sao không nhận được thông báo khi có giao dịch trên ví điện tử!","false"
"Làm ơn giúp tôi với, không thể lấy mã xác thực cho app thanh toán!","false"
"Sao hóa đơn tháng này không đúng, cần kiểm tra lại với dịch vụ truyền hình cáp!","false"
"Tôi đã gửi yêu cầu nhưng không thấy ai phản hồi từ app gọi xe, sao vậy?","false"
"Cần hỗ trợ về tài khoản ví điện tử của mình bị khóa, không biết làm sao?","false"
"Sao lại không nhận được mẫu tin từ app thương mại điện tử, rất khó chịu!","false"
"Sao mã xác thực cho tài khoản ngân hàng không gửi về, rất bực mình!","false"
"Chờ mã xác thực từ dịch vụ xem phim mà không thấy gì, ai biết tại sao không?","false"
"Tôi cần kiểm tra hóa đơn tháng này cho dịch vụ truyền hình cáp, không thấy gửi về!","false"
"Chờ mã OTP mà không thấy, không biết có vấn đề gì với số điện thoại không?","false"
"Chả hiểu sao không vào được tài khoản game của mình, mã xác minh đâu rồi?","false"
"Cần giúp đỡ về phí dịch vụ trên app thương mại điện tử mà không thấy ai phản hồi!","false"
"Em không nhận được mã OTP để vào ứng dụng ngân hàng","false"
"Chị ơi, sao tài khoản ví điện tử của em bị khóa vậy?","false"
"Tại sao em không xem được một số kênh trên truyền hình cáp nữa?","false"
"Mã xác nhận gửi đến số điện thoại của em nhưng không thấy đâu cả!","false"
"Em cần hỗ trợ vì không đăng nhập vào tài khoản game được","false"
"Làm ơn giúp em, sao không thanh toán được qua app đó?","false"
"Sao tự dưng bị trừ tiền trong ví điện tử của em vậy?","false"
"Em có đặt đồ ăn qua app nhưng không thấy đơn hàng đâu cả!","false"
"Không thể xác minh số điện thoại của em trên nền tảng xem phim.","false"
"Tại sao không nhận được thông báo về hóa đơn cáp?","false"
"Em đã nạp tiền vào ví nhưng không thấy số dư thay đổi!","false"
"Anh có gặp lỗi khi sử dụng ứng dụng gọi xe không?","false"
"Em muốn biết gói kênh nào mà đang bị lỗi không xem được.","false"
"Làm sao để lấy lại tài khoản trên app mạng xã hội của em?","false"
"Tại sao không gửi được ảnh qua app chat, em đang cần gấp!","false"
"Em bị mất tài khoản thanh toán, có ai hỗ trợ không?","false"
"Làm ơn cho em biết sao không xem được video trên app?","false"
"Sao hóa đơn tháng này lại cao hơn bình thường vậy?","false"
"Em vừa mua hàng online mà chưa thấy ai giao hàng đến cả!","false"
"Không nhận được thông báo giao hàng qua số điện thoại của em!","false"
"Em không thể đăng nhập vào app theo dõi đơn hàng của mình.","false"
"Giúp em với, app ngân hàng không nhận mã xác thực của em!","false"
"Em cần hỗ trợ vì sao không đổi được mật khẩu ví điện tử.","false"
"Sao em không xem được phim trên app yêu thích nữa?","false"
"Có ai biết cách phục hồi tài khoản game không?","false"
"Em không nhận được mã xác minh số điện thoại cho app đó.","false"
"Chị ơi, sao tự dưng không truy cập được vào tài khoản mình?","false"
"Tại sao không thể kết nối với ứng dụng gọi xe khi đi ra ngoài?","false"
"Em muốn hủy đơn hàng trên app mua sắm, nhưng không tìm thấy.","false"
"Em đã nhập mã OTP nhưng vẫn không vào được tài khoản ngân hàng!","false"
"Bị trừ tiền trong ví điện tử mà không hề mua sắm gì!","false"
"App xem phim yêu cầu em xác minh số điện thoại nhưng không nhận được mã.","false"
"Mọi người ơi, ai biết sao không truy cập được trang web ngân hàng không?","false"
"Làm sao để kiểm tra hóa đơn truyền hình cáp của em đây?","false"
"Em có thắc mắc về phí dịch vụ thanh toán qua app này.","false"
"Em không thể thanh toán qua ứng dụng vì không nhận được OTP.","false"
"Tại sao lại bị khóa tài khoản trên app mạng xã hội của em vậy?","false"
"Em đã đặt hàng trong app nhưng không thấy xác nhận gì cả.","false"
"Tại sao không xem được kênh truyền hình mà em đã đăng ký?","false"
"Sao không nhận được thông báo về đơn hàng đã giao của em?","false"
"Làm ơn cho em biết làm sao để lấy lại tài khoản game của mình?","false"
"Tại sao không thể vào app đặt đồ ăn, có ai gặp lỗi này không?","false"
"Em không thể xem được video trong ứng dụng, có lỗi gì không?","false"
"Chồng em ơi, sao tài khoản ví điện tử của mình lại bị trừ tiền không lý do?","false"
"Em không nhận được OTP để xác minh tài khoản trên app.","false"
"Tại sao không xem được chương trình yêu thích trên truyền hình cáp?","false"
"Em cần hỗ trợ vì mã xác thực không gửi về số điện thoại của em.","false"
"Sao không hủy được đơn hàng trên ứng dụng thương mại điện tử?","false"
"Em không đăng nhập được vào tài khoản mạng xã hội của mình!","false"
"Giúp em với, sao không nhận được mã xác minh cho ví điện tử?","false"
"Em cần giúp, không thể xem được một số kênh truyền hình.","false"
"Tại sao không thể xem video trên ứng dụng xem phim được?","false"
"Em không nhận được thông báo xác nhận qua số điện thoại cả.","false"
"Giúp em với, sao không vào được tài khoản ngân hàng?","false"
"Em cần hỗ trợ gấp vì bị khóa tài khoản trên app gọi xe!","false"
"Sao tự dưng không truy cập được vào tài khoản mua sắm của em?","false"
"Em không thể thay đổi gói kênh truyền hình cáp của mình được.","false"
"Sao không thanh toán được cho đơn hàng đặt qua app?","false"
"Em có đang gặp lỗi không vào được ứng dụng ngân hàng không?","false"
"Em cần biết cách xử lý khi không nhận được mã OTP cho ví điện tử.","false"
"Tại sao bị lỗi không giao hàng khi đã đặt qua app?","false"
"Em không nhận được thông báo về thanh toán qua số điện thoại.","false"
"Sao lại không xem được kênh yêu thích trên app truyền hình?","false"
"Em có đặt đồ ăn nhưng không thấy ai mang đến cả.","false"
"Em không thấy thông báo giao hàng cho đơn đặt qua app.","false"
"Làm ơn cho em biết sao không nhận được mã OTP từ ứng dụng?","false"
"Em không đăng nhập được vào ví điện tử, có ai giúp không?","false"
"Sao không thể kiểm tra được hóa đơn tháng này qua app nữa?","false"
"Em không nhận được thông báo xác thực từ số điện thoại đã đăng ký!","false"
"Em cần hỗ trợ vì không đổi được mật khẩu trên app ngân hàng.","false"
"Sao không xem được phim trên ứng dụng yêu thích của em?","false"
"Em không nhận được mã xác thực khi đăng nhập vào tài khoản game!","false"
"Tại sao không thể vào được tài khoản trên app mua sắm?","false"
"Em cần biết sao không nhận được OTP khi đăng nhập vào ví điện tử.","false"
"Sao không xem được một số kênh trên truyền hình cáp của em?","false"
"Em không nhận được thông báo về đơn hàng đã giao qua app. Ai biết không?","false"
"Chồng em nói muốn hủy đơn hàng trên app mà không làm được!","false"
"Em không thể thanh toán cho đơn hàng qua app mãi mà không được!","false"
"Sao không thể lên được tài khoản trên ứng dụng gọi xe?","false"
"Em không nhận được thông báo đâu, nhưng có chuyện gì xảy ra không?","false"
"Em không vào được tài khoản ngân hàng hôm nay nữa, có ai biết không?","false"
"Sao app xem phim yêu cầu xác minh số điện thoại nhưng không gửi mã?","false"
"Em có bị trừ tiền trên ví điện tử nhưng không hiểu sao!","false"
"Tại sao không truy cập được vào tài khoản mua sắm của em?","false"
"Em không nhận được OTP để truy cập vào app ngân hàng, có ai giúp không?","false"
"Bây giờ sao không xem được kênh truyền hình mà em đã đăng ký?","false"
"Em cần hỗ trợ vì không đăng nhập vào tài khoản game được!","false"
"Sao không nhận được thông báo giao hàng cho đơn hàng của mình?","false"
"Có ai biết là sao không xem được kênh trên truyền hình cáp của mình không?","false"
"Tại sao không thể thanh toán qua app khi đã nhập mã OTP đúng?","false"
"Em không nhận được mã xác minh khi đăng nhập vào app này.","false"
"Sao hôm nay không vào được tài khoản ví điện tử của em?","false"
"Có ai gặp lỗi không nhận được thông báo khi giao hàng không?","false"
"Em có đặt đồ ăn qua ứng dụng mà không thấy ai giao hàng!","false"
"Tại sao hóa đơn tháng này lại không được gửi qua email như mọi khi?","false"
"Em không thể vào được tài khoản ngân hàng của mình, ai biết không?","false"
"Sao không thể xem được video qua app mà em hay sử dụng?","false"
"Em không nhận được mã xác minh số điện thoại cho tài khoản của mình.","false"
"Giúp em với, sao không thanh toán được cho đơn hàng trên app?","false"
"Sao tự dưng lại không vào được tài khoản game của em nữa?","false"
"Em đã nhập mã xác thực nhưng vẫn không vào được ví điện tử.","false"
"Tại sao không xem được kênh mà em đã đăng ký trên truyền hình cáp?","false"
"Em cần hỗ trợ vì mã OTP không gửi về số điện thoại của em.","false"
"Em đã nạp tiền vào ví nhưng không thấy số dư thay đổi!","false"
"Em có thắc mắc về phí dịch vụ thanh toán qua app này.","false"
"Em không đăng nhập được vào tài khoản ngân hàng của mình!","false"
"Em đã đặt đồ ăn qua app nhưng không thấy xác nhận gì cả!","false"
"Làm ơn cho em biết sao không nhận được mã OTP từ ứng dụng?","false"
"Tại sao không thể vào được tài khoản trên app mua sắm?","false"
"Em không nhận được thông báo xác thực từ số điện thoại đã đăng ký!","false"
"Sao không thể thanh toán cho đơn hàng qua app?","false"
"Em không thể vào được tài khoản ngân hàng hôm nay nữa, có ai biết không?","false"
"Sao không xem được kênh yêu thích trên app truyền hình?","false"
"Tại sao không nhận được mã OTP để vào ví điện tử của em?","false"
"Em không nhận được thông báo về đơn hàng đã giao qua app. Ai biết không?","false"
"Sao hôm nay không vào được tài khoản ví điện tử của em?","false"
"Em không thể xem được phim trong ứng dụng, có lỗi gì không?","false"
"Em đã nhập mã OTP nhưng vẫn không vào được tài khoản ngân hàng!","false"
"Giúp em với, sao không xem được video trên app?","false"
"Em không nhận được mã xác minh khi đăng nhập vào app này.","false"
"Tại sao không xem được chương trình yêu thích trên truyền hình cáp?","false"
"Em cần hỗ trợ vì không đổi được mật khẩu ví điện tử.","false"
"Sao hôm nay không nhận được thông báo về giao hàng cho đơn hàng đã đặt?","false"
"Em không thể thanh toán cho đơn hàng qua app khi đã nhập mã OTP đúng!","false"
"Bây giờ sao không xem được kênh truyền hình mà em đã đăng ký?","false"
"Không nhận được mã OTP cho tài khoản ngân hàng của mình","false"
"Tại sao tôi không thể xem kênh truyền hình cáp hôm nay?","false"
"Làm thế nào để khôi phục tài khoản ví điện tử bị khóa?","false"
"Chờ mã xác thực từ app giao đồ ăn mà mãi không thấy đâu!","false"
"Tôi đã thanh toán hóa đơn truyền hình nhưng không thấy cập nhật.","false"
"Gọi điện cho tổng đài ngân hàng mà không ai bắt máy, phiền ghê!","false"
"Sao số điện thoại của tôi không nhận được mã xác minh để xem phim nhỉ?","false"
"Vừa bị trừ tiền từ ví điện tử mà không biết lý do gì!","false"
"App xem phim yêu cầu xác minh số điện thoại nhưng mã OTP không gửi.","false"
"Tôi không thể đăng nhập vào tài khoản game, nó yêu cầu mã từ số điện thoại.","false"
"Bị khóa tài khoản ví điện tử rồi, không biết làm sao để mở lại đây?","false"
"Tại sao hóa đơn của tôi trên app không đúng với số tiền thanh toán?","false"
"Kiểm tra mã OTP cho app ngân hàng mà không thấy gì gửi về số điện thoại.","false"
"Có ai đó dùng số điện thoại của tôi để đăng ký tài khoản mà tôi không biết!","false"
"Tôi không thể đặt xe qua app vì mã xác nhận không gửi về cho tôi.","false"
"Làm ơn chỉ cho tôi cách lấy lại tài khoản truyền hình cáp bị mất!","false"
"Tại sao app thanh toán của tôi không nhận mã từ số điện thoại nhỉ?","false"
"Không nhận được thông báo gì từ tài khoản ngân hàng, thấy lo quá!","false"
"Bị trừ phí không rõ lý do, liên hệ tổng đài mà không thấy ai trả lời!","false"
"Nhờ kiểm tra giùm tôi hóa đơn trên app thương mại điện tử nhé!","false"
"Tôi có thấy mất kênh yêu thích trên truyền hình cáp, có ai biết lý do không?","false"
"Không thể xác minh tài khoản ví điện tử vì mã OTP không gửi về số điện thoại.","false"
"Tôi không biết làm thế nào để lấy lại tài khoản game bị khóa của mình.","false"
"Ghi chú thanh toán trên app không khớp với số tiền đã trừ trong tài khoản.","false"
"Liệu có ai đó đăng ký tài khoản xem phim bằng số điện thoại của tôi không?","false"
"Chưa thấy thông báo biến động tài khoản ngân hàng từ hôm qua, cần hỗ trợ!","false"
"Không thể xác thực tài khoản trên app đặt đồ ăn do mã gửi về không có.","false"
"Chờ mã OTP từ ngân hàng mà không thấy gì, thưởng gì không nhận được!","false"
"Sao app thanh toán không gửi mã xác minh vào số điện thoại của tôi?","false"
"Gọi tổng đài xem truyền hình cáp mà không ai nghe máy, thật bực mình!","false"
"Làm sao để xem lại hóa đơn tháng trước trên app thương mại điện tử?","false"
"Không vào được tài khoản xem phim, yêu cầu xác minh số điện thoại mà mã không gửi.","false"
"Nhờ bạn xem hộ hóa đơn internet truyền hình cáp của tôi có đúng không?","false"
"App giao hàng yêu cầu xác minh số điện thoại, nhưng mã không gửi.","false"
"Bị trừ tiền từ ví điện tử mà không có giao dịch nào cả, giúp tôi với!","false"
"Mã OTP cho tài khoản không về, làm sao để đăng nhập ngân hàng đây?","false"
"Tôi không thể xem kênh truyền hình này, ai giúp tôi kiểm tra với!","false"
"Chờ mã xác minh tài khoản game mà mãi chưa thấy gì từ số điện thoại cả.","false"
"Không vào được ví điện tử của mình, nó bảo cần xác minh số điện thoại.","false"
"Gọi cho tổng đài ngân hàng mà không ai nghe máy, rất phiền phức!","false"
"Đã thanh toán nhưng không thấy cập nhật trên app truyền hình cáp.","false"
"Làm ơn giúp tôi mở lại tài khoản ví điện tử đã bị khóa này!","false"
"Chờ mã OTP cho app xem phim nhưng mãi không thấy, sao lại thế nhỉ?","false"
"Bị trừ tiền không rõ lý do từ tài khoản ngân hàng, cần trợ giúp!","false"
"Tôi không thể đặt món ăn qua app, nó yêu cầu xác minh số điện thoại.","false"
"Khi nào thì tôi nhận được mã OTP từ app thanh toán đây?","false"
"Sao mà mã xác minh cho tài khoản ngân hàng không gửi về cho tôi?","false"
"Kiểm tra giùm tôi hóa đơn trên app, thấy không đúng với số tiền đã thanh toán.","false"
"Gọi điện cho hỗ trợ khách hàng về truyền hình cáp mà không ai nghe máy.","false"
"App xem phim không cho tôi đăng nhập vì mã xác minh không gửi.","false"
"Không thể xác minh tài khoản ví điện tử của mình, mã OTP không nhận được!","false"
"Tôi không thấy hóa đơn thanh toán trong app thương mại điện tử, có lỗi gì không?","false"
"Chờ mã OTP cho tài khoản ngân hàng mà sao không thấy gửi về nhỉ?","false"
"Bị khóa tài khoản game, cần mã từ số điện thoại mà không nhận được!","false"
"Sao tôi không thể xem kênh truyền hình sau khi thanh toán?","false"
"Liệu có ai đó đã dùng số điện thoại của tôi để đăng ký tài khoản không?","false"
"Tôi không thể lấy lại tài khoản ví điện tử, cần mã từ số điện thoại của mình.","false"
"Mã OTP cho app giao đồ ăn không gửi về, không biết làm sao để đặt hàng?","false"
"Tại sao tôi không nhận được thông báo gì từ tài khoản ngân hàng nhỉ?","false"
"Sao không thể đăng nhập vào tài khoản xem phim bởi mã xác thực không gửi về?","false"
"Làm thế nào để kiểm tra hóa đơn trên app truyền hình cáp nhỉ?","false"
"Bị trừ tiền mà không biết lý do, nhờ các bạn kiểm tra giùm!","false"
"Chờ mã từ số điện thoại cho app thanh toán mãi không thấy gì!","false"
"Làm ơn giúp tôi với, không tìm thấy hóa đơn trên app thương mại điện tử.","false"
"Tôi không nhận được mã OTP để đăng nhập vào tài khoản game của mình.","false"
"Gọi tổng đài ngân hàng mà không thấy ai trả lời, thật là khó chịu!","false"
"Sao không xem được kênh yêu thích trên truyền hình cáp nhỉ?","false"
"Nhờ bạn kiểm tra giùm tôi tình trạng tài khoản ví điện tử bị khóa nhé!","false"
"Tại sao tôi không nhận được mã xác minh cho app ăn uống này?","false"
"Bị trừ tiền không rõ từ tài khoản ngân hàng, thật lo lắng!","false"
"Tôi không thể xác minh tài khoản xem phim vì mã OTP không gửi vào số điện thoại.","false"
"Bị khóa tài khoản ngân hàng mà không biết phải làm sao để lấy lại?","false"
"Thật bực mình, tôi không thấy hóa đơn tháng này trên app truyền hình cáp.","false"
"Chờ mã OTP cho ví điện tử mà mãi không nhận được, cần giúp đỡ!","false"
"Làm sao để lấy lại tài khoản game đã bị khóa đây?","false"
"Tại sao hóa đơn trên app không khớp với số tiền đã thanh toán?","false"
"Có ai đó đã đăng ký tài khoản bằng số điện thoại của tôi, phiền ghê!","false"
"Sao app này yêu cầu xác minh số điện thoại mà mã không gửi gì cả?","false"
"Bị trừ tiền từ ví điện tử không có giao dịch nào, nhờ kiểm tra giùm!","false"
"Không nhận được mã OTP để đăng nhập vào tài khoản ngân hàng của tôi!","false"
"Gọi cho dịch vụ hỗ trợ mà không thấy ai trả lời, thật phiền!","false"
"Tôi không thể xem kênh truyền hình cáp nào cả, làm ơn giúp tôi!","false"
"Chờ mã xác minh từ số điện thoại cho app xem phim mà không thấy gì.","false"
"Kiểm tra hóa đơn trên app thương mại điện tử mà không thấy gì, thật bực mình!","false"
"Sao mà mã OTP cho tài khoản ngân hàng không gửi về cho tôi nhỉ?","false"
"Không thể đăng nhập vào ví điện tử của mình, cần mã từ số điện thoại mà không thấy.","false"
"Bị khóa tài khoản game, cần mã từ số điện thoại mà không rõ lý do!","false"
"Tại sao không nhận được hóa đơn thanh toán trên app truyền hình cáp nhỉ?","false"
"Làm ơn giúp tôi, tôi không nhận được mã xác minh từ app thanh toán!","false"
"Tôi đã thanh toán tiền nhưng không thấy cập nhật trên app xem phim.","false"
"Tôi không thể đăng nhập vào tài khoản ngân hàng của mình, mã xác minh không gửi.","false"
"Sao mà không nhận được mã OTP cho app giao đồ ăn nhỉ?","false"
"Mã xác minh tài khoản game không gửi về, ai đó có biết không?","false"
"Bị trừ tiền từ tài khoản ngân hàng nhưng không rõ lý do, cần hỗ trợ!","false"
"Không vào được ứng dụng xem phim, mã xác minh không gửi về cho tôi.","false"
"Tại sao hóa đơn tháng này không đúng với số tiền đã thanh toán trên app?","false"
"Liệu có ai đã dùng số điện thoại của tôi để đăng ký tài khoản không?","false"
"Sao không nhận được mã xác nhận cho app thanh toán mà tôi đang sử dụng?","false"
"Bị khóa tài khoản ví điện tử rồi, không biết phải làm sao để mở lại?","false"
"Sao mà không thể xem được kênh yêu thích trên truyền hình cáp nhỉ?","false"
"Gọi tổng đài hỗ trợ nhưng không thấy ai nghe, thật là khó chịu!","false"
"Kiểm tra giùm tôi hóa đơn trên app thương mại điện tử, sao lại sai số tiền?","false"
"Chờ mã OTP cho tài khoản ngân hàng mà không thấy gì cả, thật bực mình!","false"
"Sao mà mã xác minh cho tài khoản game không gửi về nhỉ?","false"
"Tôi không thấy hóa đơn thanh toán trên app truyền hình cáp, làm ơn hỗ trợ!","false"
"Bị trừ tiền từ ví điện tử mà không có giao dịch nào, nhờ kiểm tra giúp!","false"
"Làm ơn giúp tôi với, không nhận được mã OTP cho app giao đồ ăn!","false"
"Tại sao tôi không thể đăng nhập vào tài khoản ngân hàng, mã xác minh không gửi?","false"
"Sao mà không thấy thông báo từ tài khoản ngân hàng, có ai biết không?","false"
"Bị khóa tài khoản game, cần mã từ số điện thoại mà không nhận được mã!","false"
"Chờ mã xác nhận từ app thanh toán mà mãi không thấy gửi về!","false"
"Tôi không thể vào được trang web xem phim do mã xác nhận không gửi.","false"
"Sao mà không nhận được hóa đơn trên app thương mại điện tử nhỉ?","false"
"Bị trừ ít tiền từ ví điện tử mà không có giao dịch nào cả, cần hỗ trợ!","false"
"Tại sao tôi không nhận được mã OTP cho tài khoản ngân hàng của mình?","false"
"Sao không thể xác minh tài khoản xem phim vì mã OTP không gửi về?","false"
"Tôi không thấy hóa đơn tháng này trên app truyền hình cáp, ai giúp tôi với!","false"
"Bị khóa tài khoản ngân hàng mà không biết phải làm sao để mở lại!","false"
"Làm ơn giúp tôi kiểm tra hóa đơn trên app thương mại điện tử nhé!","false"
"Chờ mã OTP cho app giao đồ ăn mà mãi không thấy gửi về, sao lại thế nhỉ?","false"
"Sao mà không nhận được mã xác minh cho tài khoản game nhỉ?","false"
"Bị trừ tiền từ tài khoản ngân hàng mà không biết lý do gì cả, giúp tôi với!","false"
"Không thể vào được app xem phim, mã xác minh không gửi về cho tôi.","false"
"Tại sao hóa đơn trên app thanh toán không đúng với số tiền đã trừ?","false"
"Tôi không nhận được mã OTP cho tài khoản ngân hàng, ai giúp tôi với!","false"
"Bị khóa tài khoản game mà không rõ lý do gì, cần giúp đỡ!","false"
"Sao mà không thấy thông báo cập nhật từ tài khoản ngân hàng nhỉ?","false"
"Chờ mã xác minh từ số điện thoại cho app thanh toán mà không thấy gì!","false"
"Tại sao tôi không thể đăng nhập vào tài khoản ngân hàng của mình?","false"
"Sao mà không nhận được hóa đơn thanh toán trên app truyền hình cáp nhỉ?","false"
"Bị trừ tiền từ ví điện tử mà không có giao dịch nào cả, thật khó chịu!","false"
"Làm sao để lấy lại tài khoản game đã bị khóa?","false"
"Tại sao không thấy mã OTP cho tài khoản ngân hàng gửi về số điện thoại?","false"
"Bị khóa tài khoản ngân hàng mà không biết phải làm sao để mở lại?","false"
"Tại sao không nhận được mã xác minh cho app đặt đồ ăn nhỉ?","false"
"Chờ mã OTP cho tài khoản ngân hàng mà không thấy gì từ số điện thoại cả.","false"
"Mã xác minh cho tài khoản game không gửi về, thật là khó chịu!","false"
"Tại sao không thể xem kênh yêu thích trên truyền hình cáp nhỉ?","false"
"Làm ơn giúp tôi với, tôi không nhận được mã OTP cho app thanh toán!","false"
"Bị trừ tiền không rõ nguyên nhân từ tài khoản ngân hàng, cần hỗ trợ!","false"
"Cho mình hỏi tại sao mình không nhận được mã OTP để đăng nhập ngân hàng nhỉ?","false"
"Tại sao mình không xem được kênh yêu thích trên truyền hình cáp?","false"
"Đã nạp tiền vào ví điện tử mà sao không thấy tiền vào tài khoản nhỉ?","false"
"Mình muốn hỏi về phí dịch vụ của app đặt đồ ăn này là bao nhiêu?","false"
"Không nhận được xác thực qua số điện thoại khi dùng app xem phim, bạn giúp mình với!","false"
"Máy mình bị lỗi không đăng nhập được tài khoản game, có phải do số điện thoại không?","false"
"Tại sao mình không thể truy cập vào tài khoản mạng xã hội, có phải do bị khóa không?","false"
"Giúp mình kiểm tra xem tại sao không nhận được thông báo từ ví điện tử nhé!","false"
"Mình đã đăng ký gói kênh nhưng sao không xem được phim trên truyền hình internet?","false"
"Số điện thoại của mình bị lỗi nên không nhận được mã xác minh cho app ngân hàng, bạn có biết không?","false"
"Tại sao mình không thể sử dụng tài khoản của mình trên app giao hàng nhỉ?","false"
"Không thấy thông báo nào từ app thanh toán, có phải bị trục trặc không?","false"
"Mình quên mật khẩu mà không nhận được mã OTP để khôi phục tài khoản game, làm sao bây giờ?","false"
"Lỗi không xem được video trên app xem phim, liệu có phải do số điện thoại không?","false"
"Cho mình hỏi cách kiểm tra hóa đơn truyền hình cáp hàng tháng như thế nào?","false"
"Tại sao mình không nhận được thông báo khi có giao dịch trên ví điện tử?","false"
"Mình cần hỗ trợ vì không thấy tiền trong tài khoản sau khi nạp tiền vào app đặt đồ ăn. ","false"
"Sao app mạng xã hội cứ đòi mã xác thực qua điện thoại mà mình không nhận được?","false"
"Làm thế nào để biết tài khoản của mình có bị khóa trên app ngân hàng không?","false"
"Chả hiểu sao không thể xem kênh truyền hình yêu thích, có ai biết nguyên nhân không?","false"
"Mình đã gửi yêu cầu nhưng chưa nhận được phản hồi từ dịch vụ khách hàng của app gọi xe.","false"
"Không nhận được mã OTP khi đăng nhập tài khoản game, ai biết cách khắc phục không?","false"
"Bạn có biết tại sao mình không nhận được thông báo từ app thanh toán không?","false"
"Máy mình không thể xác thực tài khoản mạng xã hội, có phải do điện thoại không hoạt động không?","false"
"Không thấy hóa đơn của tháng trước cho truyền hình cáp, ai biết phải làm sao không?","false"
"Đã thanh toán qua ví điện tử mà sao không thấy ghi nhận trong tài khoản nhỉ?","false"
"Làm sao để kiểm tra tình trạng tài khoản trên app đặt đồ ăn?","false"
"Tại sao không thể nhận OTP để vào tài khoản ngân hàng mặc dù đã kiểm tra số điện thoại?","false"
"Mình không xem được kênh truyền hình mặc dù đã đăng ký dịch vụ, có ai biết không?","false"
"Không nhận được thông báo khi có giao dịch mới trên ví điện tử, có ai gặp tình trạng tương tự không?","false"
"Sao mình không thể đăng nhập vào tài khoản game, có phải bị khóa không?","false"
"Mình đã đăng ký tài khoản mà sao vẫn không nhận được mã xác thực qua điện thoại?","false"
"Tại sao không thể xác minh số điện thoại trên app xem phim nhỉ?","false"
"Chả hiểu sao app giao hàng cứ báo lỗi mà không nhận được thông báo gì cả?","false"
"Làm ơn cho mình biết tại sao không nhận được mã xác minh cho tài khoản ngân hàng?","false"
"Không thấy thông báo từ app thanh toán về giao dịch vừa rồi, có ai biết nguyên nhân không?","false"
"Chả hiểu sao mình không thể kiểm tra lịch sử giao dịch trên ví điện tử. ","false"
"Mình không biết làm thế nào để kiểm tra tình trạng tài khoản trên app đặt đồ ăn. ","false"
"Giúp mình với, sao không nhận được mã OTP khi đăng nhập vào tài khoản game vậy?","false"
"Tại sao không thấy hóa đơn thẻ cào mà đã nạp tiền vào app ngân hàng?","false"
"Không nhận được tin nhắn xác nhận từ app xem phim, có ai biết cách khắc phục không?","false"
"Mình không thể xem được kênh yêu thích mặc dù đã đăng ký đầy đủ, sao vậy nhỉ?","false"
"Làm sao để biết tài khoản của mình trên app giao hàng có bị khóa không?","false"
"Tại sao mình không nhận được thông báo giao dịch từ ví điện tử nhỉ?","false"
"Không thấy mã OTP gửi về số điện thoại khi muốn xác minh tài khoản ngân hàng.","false"
"Mình cần hỗ trợ vì không thể xác thực tài khoản trên app mạng xã hội.","false"
"Chả hiểu sao mình không thể đăng nhập vào tài khoản ví điện tử, có ai giúp mình không?","false"
"Tại sao không nhận được thông báo từ app đặt đồ ăn nhỉ, có ai gặp phải không?","false"
"Không thấy hóa đơn của tháng này cho dịch vụ truyền hình cáp, ai biết phải làm sao không?","false"
"Mình đã nạp tiền vào ví nhưng sao không thấy ghi nhận, có ai biết không?","false"
"Sao cứ báo lỗi khi mình đăng nhập vào tài khoản game vậy, có phải số điện thoại không?","false"
"Không nhận được mã OTP khi xác minh số điện thoại cho app ngân hàng, có ai biết tại sao không?","false"
"Cho mình hỏi tại sao không xem được kênh trên truyền hình internet nhỉ?","false"
"Làm ơn cho mình biết tại sao không nhận được thông báo từ app thanh toán?","false"
"Chả hiểu sao máy mình không thể xác thực tài khoản mạng xã hội, ai biết không?","false"
"Mình không biết phải làm sao để kiểm tra tài khoản trên app đặt đồ ăn nữa.","false"
"Không thấy thông báo từ ví điện tử dù đã thực hiện giao dịch, có ai biết không?","false"
"Tại sao không nhận được mã xác minh cho tài khoản game nhỉ?","false"
"Mình đã đăng ký nhưng sao không xem được kênh yêu thích trên truyền hình cáp?","false"
"Giúp mình kiểm tra tại sao không nhận được thông báo từ app thanh toán nhé!","false"
"Tại sao không thể đăng nhập vào tài khoản ngân hàng mà vẫn nhận được mã OTP?","false"
"Không thấy thông báo khi giao dịch thành công trên ví điện tử, có ai biết tại sao không?","false"
"Sao app giao hàng của mình không xác minh được số điện thoại nhỉ?","false"
"Chả hiểu sao mình không thể kiểm tra tình trạng tài khoản trên app đặt đồ ăn.","false"
"Tại sao không nhận được mã OTP khi cố gắng đăng nhập vào tài khoản game?","false"
"Giúp mình với, mình đã nạp tiền vào ví điện tử mà không thấy tiền vào tài khoản.","false"
"Mình không biết tại sao không thể xem được kênh trên truyền hình cáp nhỉ?","false"
"Không thấy thông báo xác minh qua số điện thoại cho app ngân hàng, có ai biết không?","false"
"Tại sao không nhận được mã OTP để xác minh tài khoản mạng xã hội nhỉ?","false"
"Mình cần hỗ trợ vì không thể truy cập tài khoản ví điện tử của mình.","false"
"Sao mình không nhận được thông báo khi có giao dịch trên app đặt đồ ăn nhỉ?","false"
"Tại sao không thể xác thực số điện thoại khi muốn xem phim trên app?","false"
"Giúp mình với, không thấy hóa đơn truyền hình cáp tháng này, có ai biết không?","false"
"Làm ơn cho mình hỏi tại sao không nhận được mã OTP cho tài khoản game?","false"
"Chả hiểu sao mình không xem được kênh yêu thích mặc dù đã đăng ký dịch vụ truyền hình.","false"
"Không nhận được thông báo từ ví điện tử khi thực hiện giao dịch, có ai biết không?","false"
"Tại sao không thể đăng nhập vào tài khoản ngân hàng mặc dù đã nhận mã xác minh?","false"
"Mình không biết phải làm sao để kiểm tra tài khoản trên app giao hàng.","false"
"Giúp mình kiểm tra tại sao không nhận được thông báo từ app thanh toán nhé!","false"
"Sao cứ báo lỗi không thể xác thực tài khoản mạng xã hội khi dùng số điện thoại nhỉ?","false"
"Không thấy hóa đơn của tháng trước cho dịch vụ truyền hình cáp, làm sao để kiểm tra?","false"
"Mình đã nạp tiền vào ví nhưng không thấy trong tài khoản, có ai biết nguyên nhân không?","false"
"Tại sao không nhận được mã OTP khi xác minh tài khoản game vậy?","false"
"Chả hiểu sao mình không thể xem được kênh trên truyền hình mặc dù đã đăng ký đầy đủ.","false"
"Giúp mình với, sao không nhận được thông báo từ app đặt đồ ăn nhỉ?","false"
"Tại sao không nhận được mã xác minh cho tài khoản ngân hàng mặc dù đã kiểm tra số điện thoại?","false"
"Mình không thấy bất kỳ thông báo nào từ ví điện tử, có ai biết tại sao không?","false"
"Sao mình không thể đăng nhập vào tài khoản game dù đã nhận được mã xác minh?","false"
"Không nhận được mã OTP khi muốn xác thực tài khoản ngân hàng, ai biết tại sao không?","false"
"Giúp mình tìm hiểu tại sao không thể xem được kênh trên truyền hình cáp nhé!","false"
"Tại sao mình không nhận được thông báo khi có giao dịch mới trên ví điện tử nhỉ?","false"
"Mình cần trợ giúp vì không thể truy cập tài khoản mạng xã hội của mình.","false"
"Sao cứ báo lỗi không xác thực được số điện thoại cho app đặt đồ ăn nhỉ?","false"
"Không thấy thông báo khi giao dịch thành công trên app thanh toán, có ai biết không?","false"
"Tại sao không thể nhận mã OTP khi đăng nhập vào tài khoản game nhỉ?","false"
"Giúp mình với, đã nạp tiền vào ví điện tử mà không thấy tiền vào tài khoản.","false"
"Mình không biết kiếm tra hóa đơn truyền hình cáp hàng tháng ở đâu.","false"
"Tại sao không nhận được tin nhắn xác nhận từ app ngân hàng, có ai biết không?","false"
"Sao mình không thể xác thực tài khoản mạng xã hội dù đã nhận mã xác minh?","false"
"Tại sao không thấy thông báo từ app đặt đồ ăn khi có đơn hàng mới?","false"
"Không nhận được mã OTP khi xác minh tài khoản game, ai biết cách khắc phục không?","false"
"Mình đã đăng ký nhưng không thể xem được kênh yêu thích trên truyền hình cáp, sao vậy nhỉ?","false"
"Không thấy thông báo từ ví điện tử dù đã thực hiện giao dịch, có ai biết không?","false"
"Tại sao không thể đăng nhập vào tài khoản ngân hàng mặc dù đã nhận mã OTP?","false"
"Giúp mình kiểm tra tại sao không nhận được thông báo từ app giao hàng nhé!","false"
"Sao cứ báo lỗi không xác thực được số điện thoại cho app xem phim nhỉ?","false"
"Nhận mã OTP cho tài khoản ngân hàng nhưng không thấy gì cả","false"
"Cho tôi hỏi sao tôi không thể xem được kênh truyền hình cáp mà đã thanh toán rồi?","false"
"Tại sao ứng dụng đặt đồ ăn không gửi thông báo đến số điện thoại của tôi?","false"
"Tôi bị khóa tài khoản ví điện tử và không nhận được mã xác thực, giúp tôi với!","false"
"Làm sao để lấy lại mã OTP cho ứng dụng thanh toán?","false"
"Tôi không thể đăng nhập vào tài khoản game của mình, có cần xác minh số điện thoại không?","false"
"Không nhận được tin nhắn từ app gọi xe, có ai gặp tình trạng này không?","false"
"Hoa don dịch vụ truyền hình bị tính sai, ai giúp tôi kiểm tra với?","false"
"Sao mỗi lần thanh toán qua ví điện tử lại báo lỗi thế này?","false"
"Ứng dụng xem phim yêu cầu tôi xác minh số điện thoại nhưng không gửi mã xác thực","false"
"Tôi đã thanh toán cho gói cước xem phim mà vẫn không xem được, ai có kinh nghiệm không?","false"
"Mọi người cho tôi hỏi, tôi không nhận được OTP từ app ngân hàng, làm sao đây?","false"
"App gọi xe bị lỗi không thể tìm kiếm địa điểm, có ai biết cách khắc phục không?","false"
"Truyền hình cáp báo lỗi không xem được chương trình mặc dù đã thanh toán","false"
"Tại sao tài khoản ngân hàng của tôi lại bị khóa vậy?","false"
"Ứng dụng thanh toán không cho tôi thanh toán vì tài khoản bị lỗi, có ai biết không?","false"
"Tôi không nhận được mã xác thực khi đăng nhập vào ứng dụng mạng xã hội","false"
"Sao hóa đơn dịch vụ truyền hình lại cao hơn bình thường?","false"
"Làm cách nào để khôi phục tài khoản game bị khóa do không nhận được mã OTP?","false"
"Cho tôi hỏi, lỗi không nhận được tin nhắn xác thực từ app ví điện tử có thường xảy ra không?","false"
"Tôi đã cố gắng đăng nhập vào tài khoản nhưng không thấy mã xác minh gửi đến số điện thoại","false"
"Truyền hình cáp báo lỗi khi tôi muốn xem lại chương trình đã phát","false"
"Sao tôi lại bị tính phí khi sử dụng dịch vụ xem phim mà không xem được?","false"
"Ứng dụng thanh toán cứ báo lỗi, không biết có ai gặp trường hợp tương tự không?","false"
"Nếu tôi không nhận được OTP cho tài khoản ngân hàng thì tôi phải làm sao?","false"
"App gọi xe yêu cầu gửi mã xác thực nhưng không thấy gì cả","false"
"Hoa don truyền hình cáp không đúng với những gì tôi đã chọn, ai biết làm thế nào không?","false"
"Cho tôi hỏi, tại sao không nhận được tin nhắn từ ví điện tử khi thực hiện giao dịch?","false"
"Tôi đã bị khóa tài khoản game mà không nhận được mã xác thực, làm sao để khôi phục?","false"
"Có ai biết tại sao tôi không nhận được mã OTP từ ứng dụng thanh toán không?","false"
"Truyền hình cáp thông báo lỗi khi tôi muốn xem lại chương trình yêu thích","false"
"Sao tôi không thể thanh toán cho dịch vụ xem phim mặc dù đã đủ tiền trong tài khoản?","false"
"Ứng dụng ví điện tử báo lỗi khi tôi muốn chuyển tiền cho bạn, có ai biết không?","false"
"Làm sao tôi có thể lấy lại mã xác minh cho tài khoản ngân hàng của mình?","false"
"Sao không nhận được OTP từ app gọi xe để xác nhận đơn hàng?","false"
"Tại sao hóa đơn truyền hình cáp lại không khớp với những gì tôi đã xem?","false"
"Ứng dụng thanh toán không cho tôi thực hiện giao dịch, ai có cách khắc phục không?","false"
"Nhận mã xác thực cho tài khoản game nhưng vẫn không thể đăng nhập được!","false"
"Sao tôi lại không thấy mã OTP cho tài khoản ngân hàng của mình?","false"
"Tôi có cần xác thực số điện thoại khi sử dụng app xem phim không?","false"
"Truyền hình cáp không cho tôi xem kênh mà đã thanh toán, giúp tôi với!","false"
"Ứng dụng gọi xe không gửi mã xác thực tới số điện thoại của tôi, phải làm sao?","false"
"Tại sao tôi không nhận được tin nhắn từ ví điện tử khi thanh toán?","false"
"Có ai biết lỗi không nhận được mã OTP cho app ngân hàng không?","false"
"Sao truyền hình cáp báo lỗi không xem được chương trình yêu thích?","false"
"Không nhận được mã xác minh cho tài khoản game, làm thế nào để khôi phục?","false"
"App thanh toán không gửi mã xác thực, có ai gặp phải vấn đề này không?","false"
"Tôi không thể xác minh tài khoản ngân hàng của mình vì không nhận được mã OTP","false"
"Làm sao để khắc phục lỗi không nhận được mã xác thực từ ứng dụng gọi xe?","false"
"Hóa đơn dịch vụ truyền hình cáp cao hơn bình thường, ai có thể giải thích không?","false"
"Sao tôi lại không nhận được mã OTP khi đăng nhập vào ứng dụng thanh toán?","false"
"Truyền hình cáp không cho tôi xem kênh trong gói đã đăng ký, ai cũng bị như vậy không?","false"
"Ứng dụng ví điện tử báo lỗi không gửi mã xác minh, có ai biết cách giải quyết không?","false"
"Sao tài khoản game của tôi lại bị khóa mà không nhận được mã xác thực?","false"
"Có cách nào để lấy lại mã OTP cho tài khoản ngân hàng của mình không?","false"
"Sao tôi không nhận được mã xác thực từ app xem phim để đăng nhập?","false"
"Tôi không thể thực hiện thanh toán qua ví điện tử vì không nhận được mã xác minh, làm sao?","false"
"Hoa don truyền hình cáp không khớp với gói dịch vụ tôi đã đăng ký","false"
"Tại sao ứng dụng gọi xe không gửi mã xác thực vào số điện thoại của tôi?","false"
"Không nhận được OTP từ app ngân hàng, đã thử nhiều lần nhưng vẫn không thấy","false"
"Sao tôi không thấy thông báo thanh toán cho dịch vụ xem phim?","false"
"Tôi bị khóa tài khoản ví điện tử và không nhận được mã xác thực, ai giúp tôi?","false"
"App thanh toán không cho tôi thực hiện giao dịch, có cách nào khắc phục không?","false"
"Tại sao hóa đơn truyền hình cáp lại tính phí thêm cho gói dịch vụ đã đăng ký?","false"
"Nhận mã xác thực cho ứng dụng game nhưng không thể đăng nhập được","false"
"Sao tôi không nhận được OTP cho tài khoản ngân hàng mà đã yêu cầu?","false"
"Truyền hình cáp báo lỗi không xem được chương trình trong gói kênh đã đăng ký","false"
"Ứng dụng ví điện tử không gửi mã xác thực khi tôi thực hiện giao dịch, có ai biết không?","false"
"Tôi không nhận được mã xác minh cho tài khoản game của mình, làm sao để khôi phục?","false"
"Nếu không nhận được mã OTP từ app thanh toán thì tôi phải làm sao?","false"
"Truyền hình cáp không cho tôi xem kênh mà tôi đã mua, có ai biết cách khắc phục không?","false"
"Ứng dụng gọi xe không gửi mã xác thực tới số điện thoại của tôi, phải làm sao?","false"
"Sao tôi không nhận được tin nhắn từ ví điện tử khi thực hiện giao dịch?","false"
"Có ai biết tại sao tôi không nhận được mã OTP từ ứng dụng ngân hàng không?","false"
"Sao truyền hình cáp không cho tôi xem chương trình đã hẹn giờ?","false"
"Không nhận được mã xác thực cho tài khoản game, ai có thể giúp tôi không?","false"
"Tôi không thể xác minh tài khoản ngân hàng vì không nhận được mã OTP","false"
"Làm sao để khắc phục lỗi không nhận được mã xác thực từ ứng dụng gọi xe?","false"
"Hóa đơn dịch vụ truyền hình cáp cao hơn bình thường, ai có thể giải thích không?","false"
"Sao tôi không nhận được mã OTP khi đăng nhập vào ứng dụng thanh toán?","false"
"Truyền hình cáp không cho tôi xem kênh trong gói đã đăng ký, ai cũng bị như vậy không?","false"
"Ứng dụng ví điện tử báo lỗi không gửi mã xác minh, có ai biết cách giải quyết không?","false"
"Sao tài khoản game của tôi lại bị khóa mà không nhận được mã xác thực?","false"
"Có cách nào để lấy lại mã OTP cho tài khoản ngân hàng của mình không?","false"
"Sao tôi không nhận được mã xác thực từ app xem phim để đăng nhập?","false"
"Tôi không thể thực hiện thanh toán qua ví điện tử vì không nhận được mã xác minh, làm sao?","false"
"Hoa don truyền hình cáp không khớp với gói dịch vụ tôi đã đăng ký","false"
"Tại sao ứng dụng gọi xe không gửi mã xác thực vào số điện thoại của tôi?","false"
"Không nhận được OTP từ app ngân hàng, đã thử nhiều lần nhưng vẫn không thấy","false"
"Sao tôi không thấy thông báo thanh toán cho dịch vụ xem phim?","false"
"Tôi bị khóa tài khoản ví điện tử và không nhận được mã xác thực, ai giúp tôi?","false"
"App thanh toán không cho tôi thực hiện giao dịch, có cách nào khắc phục không?","false"
"Tại sao hóa đơn truyền hình cáp lại tính phí thêm cho gói dịch vụ đã đăng ký?","false"
"Nhận mã xác thực cho ứng dụng game nhưng không thể đăng nhập được","false"
"Sao tôi không nhận được OTP cho tài khoản ngân hàng mà đã yêu cầu?","false"
"Truyền hình cáp báo lỗi không xem được chương trình trong gói kênh đã đăng ký","false"
"Ứng dụng ví điện tử không gửi mã xác thực khi tôi thực hiện giao dịch, có ai biết không?","false"
"Tôi không nhận được mã xác minh cho tài khoản game của mình, làm sao để khôi phục?","false"
"Nếu không nhận được mã OTP từ app thanh toán thì tôi phải làm sao?","false"
"Truyền hình cáp không cho tôi xem kênh mà tôi đã mua, có ai biết cách khắc phục không?","false"
"Ứng dụng gọi xe không gửi mã xác thực tới số điện thoại của tôi, phải làm sao?","false"
"Sao tôi không nhận được tin nhắn từ ví điện tử khi thực hiện giao dịch?","false"
"Có ai biết tại sao tôi không nhận được mã OTP từ ứng dụng ngân hàng không?","false"
"Sao truyền hình cáp không cho tôi xem chương trình đã hẹn giờ?","false"
"Không nhận được mã xác thực cho tài khoản game, ai có thể giúp tôi không?","false"
"Không nhận được mã OTP để xác minh tài khoản ngân hàng của tôi","false"
"Tôi không thể đăng nhập vào ví điện tử vì tài khoản bị khóa","false"
"Làm ơn giúp tôi với hóa đơn truyền hình cáp, tôi không xem được kênh nào","false"
"App xem phim yêu cầu tôi xác minh số điện thoại nhưng không gửi mã xác thực","false"
"Tôi đã bị trừ tiền không rõ lý do từ tài khoản game, có ai đó giúp tôi không?","false"
"Chả hiểu sao không vào được trang thương mại điện tử, có ai biết không?","false"
"Có thể gửi lại mã OTP cho tôi không? Tôi không thấy nó trong tin nhắn","false"
"Tại sao tôi không xem được video trên app? Kênh bị lỗi hay sao?","false"
"Tôi không nhận được thông báo từ ví điện tử về giao dịch gần đây","false"
"Giúp tôi với, tài khoản ngân hàng của tôi bị khóa, không đăng nhập được","false"
"Xác minh số điện thoại cho app đặt đồ ăn mãi vẫn chưa nhận được","false"
"Tôi có thể kiểm tra lại hóa đơn tháng trước của truyền hình cáp không?","false"
"Ứng dụng mạng xã hội của tôi không thể gửi ảnh, có ai biết vì sao không?","false"
"Tôi không thể thanh toán hóa đơn qua app vì bị lỗi kết nối","false"
"Đã nạp tiền vào ví điện tử nhưng không thấy số dư tăng lên","false"
"Tại sao số điện thoại của tôi không nhận được mã xác thực từ dịch vụ nào đó?","false"
"Tôi không thấy thông báo về giao dịch gần đây trên app ngân hàng","false"
"Giúp tôi kiểm tra lại tài khoản game, tôi không thể truy cập được","false"
"Tôi đã thử nhiều lần nhưng app không gửi mã OTP để xác minh tài khoản","false"
"App gọi xe không hoạt động, tôi không thể đặt xe được","false"
"Xin hãy giúp tôi với vấn đề không thể đăng nhập vào tài khoản ngân hàng","false"
"Tôi cần trợ giúp với lỗi không xem được video trên mạng xã hội","false"
"Có ai gặp lỗi không nhận được thông báo từ ứng dụng mua sắm không?","false"
"Tôi không hiểu sao không nhận được mã xác thực từ app thanh toán","false"
"Quá lâu tôi không nhận được tin nhắn xác minh cho tài khoản của mình","false"
"Tôi không thể truy cập vào ứng dụng xem phim, có ai có cách khắc phục không?","false"
"Ví điện tử của tôi báo lỗi khi cố gắng thực hiện giao dịch","false"
"Chả hiểu sao không thể thực hiện thanh toán qua app đặt đồ ăn","false"
"Có ai biết cách giải quyết vấn đề không nhận được OTP không?","false"
"Tại sao tôi không xem được kênh yêu thích trên truyền hình cáp?","false"
"Làm ơn giúp tôi tìm hiểu tại sao tài khoản game của tôi bị khóa","false"
"App thanh toán yêu cầu xác minh số điện thoại nhưng không gửi mã","false"
"Tôi không nhận được thông báo về giao dịch trên ứng dụng của tôi","false"
"Có ai có kinh nghiệm với ứng dụng mạng xã hội bị lỗi không?","false"
"Đã chuyển tiền mà không thấy vào tài khoản, có ai giúp không?","false"
"Tôi đang gặp vấn đề không thể đăng nhập vào ứng dụng điện thoại","false"
"Giúp tôi với, hóa đơn truyền hình cáp không đúng, có thể kiểm tra lại không?","false"
"Số điện thoại của tôi không nhận được xác minh cho app ngân hàng","false"
"Ứng dụng truyền hình internet không hoạt động, không biết làm sao","false"
"Tại sao tôi không thể xem video qua app mua sắm được?","false"
"Điều gì xảy ra với mã OTP cho ứng dụng thanh toán của tôi?","false"
"Tôi không thấy thông báo từ dịch vụ gọi xe, có ai có cách khắc phục không?","false"
"Có ai giúp tôi không, tôi không nhận được mã xác thực từ ngân hàng?","false"
"Làm ơn gửi lại mã OTP cho tôi để xác minh tài khoản game","false"
"Tôi không thể đăng nhập vào ví điện tử vì quên mật khẩu, có ai biết giúp tôi không?","false"
"Chả hiểu sao không nhận được bất kỳ thông báo nào từ app","false"
"Giúp tôi với, tôi không nhận được tin nhắn xác minh tài khoản mạng xã hội","false"
"Tôi đã thử nhiều lần nhưng tài khoản không nhận được mã OTP","false"
"Có ai biết cách giải quyết vấn đề không thể thanh toán qua app không?","false"
"App không gửi mã xác thực khi tôi muốn xác minh số điện thoại","false"
"Sao tôi không thể xem được kênh truyền hình cáp mà tôi đã đăng ký?","false"
"Tôi không thể thực hiện giao dịch qua ví điện tử, có ai biết lý do không?","false"
"Giúp tôi với, tôi không nhận được mã OTP từ ứng dụng gọi xe","false"
"Tại sao tôi không thể truy cập vào tài khoản ngân hàng của mình?","false"
"Làm ơn giúp tôi kiểm tra lại hóa đơn tháng này cho truyền hình cáp","false"
"Tôi không thể đăng nhập vào app xem phim do mất kết nối","false"
"Có ai biết tại sao tài khoản game của tôi không hoạt động không?","false"
"App thanh toán không gửi mã OTP xác minh, giờ tôi không biết phải làm sao","false"
"Giúp tôi! Hóa đơn truyền hình cáp không chính xác, có ai có cách giải quyết không?","false"
"Vừa rồi tôi đã nạp tiền vào ví nhưng không thấy phản hồi gì","false"
"Chả hiểu sao không nhận được mã xác thực từ dịch vụ nào đó","false"
"Đã qua vài tiếng mà tôi vẫn không nhận được tin nhắn OTP","false"
"Tôi không thể thực hiện thanh toán qua app đặt đồ ăn, có cách nào không?","false"
"Tại sao tôi không nhận được thông báo nào từ ứng dụng mua sắm?","false"
"Có ai biết cách giải quyết vấn đề không thể truy cập vào tài khoản ngân hàng không?","false"
"Tôi không thấy thông báo giao dịch trên app, có vấn đề gì không?","false"
"Giúp tôi với, tài khoản game của tôi bị khóa và tôi không biết lý do","false"
"App không gửi mã OTP để xác minh tài khoản ví điện tử của tôi","false"
"Tôi không thể xem kênh yêu thích trên truyền hình cáp, có ai có kinh nghiệm không?","false"
"Chả hiểu sao không giao dịch được trên ứng dụng thanh toán của tôi","false"
"Giúp tôi với, tôi không nhận được mã xác thực từ app gọi xe","false"
"Tại sao số điện thoại của tôi không nhận được thông báo từ ngân hàng?","false"
"Tôi không thể đăng nhập vào tài khoản của mình trong app mạng xã hội","false"
"Người dùng nào có kinh nghiệm với app thanh toán bị lỗi không?","false"
"Tôi không thấy xác minh số điện thoại cho app đặt đồ ăn, có ai biết giải quyết không?","false"
"Chả hiểu sao không nhận được bất kỳ thông báo nào từ ứng dụng","false"
"Tôi không thể thực hiện thanh toán vì ứng dụng không hoạt động","false"
"Giúp tôi với, tôi không nhận được mã xác thực từ dịch vụ nào đó","false"
"Tại sao tôi không thể xem video qua app mua sắm không?","false"
"Điều gì xảy ra với mã OTP cho ứng dụng thanh toán của tôi?","false"
"Tôi không nhận được thông báo từ dịch vụ gọi xe, có ai có cách khắc phục không?","false"
"Có ai giúp tôi không, tôi không nhận được mã xác thực từ ngân hàng?","false"
"Giúp tôi gửi lại mã OTP cho tôi để xác minh tài khoản game","false"
"Tôi không thể đăng nhập vào ví điện tử vì quên mật khẩu, có ai biết giúp tôi không?","false"
"Có ai biết tại sao tài khoản game của tôi không hoạt động không?","false"
"Tôi không thể thực hiện thanh toán qua ví điện tử, có ai biết lý do không?","false"
"Giúp tôi với, tôi không nhận được mã OTP từ ứng dụng gọi xe","false"
"Tại sao tôi không thể xem được kênh truyền hình cáp mà tôi đã đăng ký?","false"
"Tôi không thể thực hiện giao dịch qua ví điện tử, có ai biết lý do không?","false"
"Chả hiểu sao không nhận được bất kỳ thông báo nào từ app","false"
"Giúp tôi với, tôi không nhận được tin nhắn xác minh tài khoản mạng xã hội","false"
"Tôi đã thử nhiều lần nhưng tài khoản không nhận được mã OTP","false"
"Có ai biết cách giải quyết vấn đề không thể thanh toán qua app không?","false"
"App không gửi mã xác thực khi tôi muốn xác minh số điện thoại","false"
"Sao tôi không thể xem được kênh truyền hình cáp mà tôi đã đăng ký?","false"
"Tôi không thể thực hiện giao dịch qua ví điện tử, có ai biết lý do không?","false"
"Giúp tôi với, tôi không nhận được mã OTP từ ứng dụng gọi xe","false"
"Tại sao tôi không thể đăng nhập vào tài khoản ngân hàng của mình?","false"
"Làm ơn giúp tôi kiểm tra lại hóa đơn tháng này cho truyền hình cáp","false"
"Tôi không thể đăng nhập vào app xem phim do mất kết nối","false"
"Có ai biết tại sao tài khoản game của tôi không hoạt động không?","false"
"App thanh toán không gửi mã OTP xác minh, giờ tôi không biết phải làm sao","false"
"Giúp tôi! Hóa đơn truyền hình cáp không chính xác, có ai có cách giải quyết không?","false"
"Vừa rồi tôi đã nạp tiền vào ví nhưng không thấy phản hồi gì","false"
"Chả hiểu sao không nhận được mã xác thực từ dịch vụ nào đó","false"
"Đã qua vài tiếng mà tôi vẫn không nhận được tin nhắn OTP","false"
"Tôi không thể thực hiện thanh toán qua app đặt đồ ăn, có cách nào không?","false"
"Tại sao tôi không nhận được thông báo nào từ ứng dụng mua sắm?","false"
"Có ai biết cách giải quyết vấn đề không thể truy cập vào tài khoản ngân hàng không?","false"
"Tôi không thấy thông báo giao dịch trên app, có vấn đề gì không?","false"
"Giúp tôi với, tài khoản game của tôi bị khóa và tôi không biết lý do","false"
"App không gửi mã OTP để xác minh tài khoản ví điện tử của tôi","false"
"Tôi không thể xem kênh yêu thích trên truyền hình cáp, có ai có kinh nghiệm không?","false"
"Chả hiểu sao không giao dịch được trên ứng dụng thanh toán của tôi","false"
"Giúp tôi với, tôi không nhận được mã xác thực từ app gọi xe","false"
"Tại sao số điện thoại của tôi không nhận được thông báo từ ngân hàng?","false"
"Tôi không thể đăng nhập vào tài khoản của mình trong app mạng xã hội","false"
"Người dùng nào có kinh nghiệm với app thanh toán bị lỗi không?","false"
"Tôi không thấy xác minh số điện thoại cho app đặt đồ ăn, có ai biết giải quyết không?","false"
"Không nhận được OTP của ngân hàng, bạn có biết làm sao để lấy lại không?","false"
"Tôi không thể đăng nhập vào ví điện tử vì bị khóa tài khoản, có cách nào khôi phục không?","false"
"Làm ơn giúp tôi kiểm tra xem tại sao tôi không xem được kênh trên truyền hình cáp?","false"
"App đặt đồ ăn không gửi mã xác thực vào số điện thoại của tôi, bạn có biết tại sao không?","false"
"Tôi cần mã OTP để xác nhận giao dịch nhưng không thấy trên số điện thoại, có vấn đề gì không?","false"
"Lỗi không thể thanh toán qua ứng dụng, có cần phải liên hệ hỗ trợ không?","false"
"Tại sao tài khoản game của tôi bị khóa, tôi đã nhập đúng số điện thoại để khôi phục?","false"
"Tôi không thể xem phim trên app vì cần mã xác minh số điện thoại, bạn có biết cách lấy không?","false"
"Phí dịch vụ truyền hình cáp tăng lên mà không có thông báo gì, có ai biết lý do không?","false"
"Tôi không nhận được thông báo giao dịch qua số điện thoại, bạn có biết cách khắc phục không?","false"
"Gửi mã OTP cho ví điện tử mà không thấy gì, có cần thay đổi số điện thoại không?","false"
"Tại sao tôi không thể thanh toán hóa đơn qua app, có cần liên hệ ngân hàng không?","false"
"Tôi quên mật khẩu tài khoản nhưng nhận mã qua số điện thoại vẫn không đăng nhập được, làm sao bây giờ?","false"
"Không vào được tài khoản ngân hàng trực tuyến, có ai biết sao không?","false"
"Tôi đã vừa nạp tiền vào ví nhưng không thấy số dư cập nhật, có lỗi gì không?","false"
"App giao hàng yêu cầu xác minh số điện thoại nhưng tôi không nhận được mã, ai giúp tôi với?","false"
"Gói dịch vụ truyền hình cáp của tôi bị ngắt kết nối, có cần phải gọi điện không?","false"
"Không thể mở ứng dụng xem phim, nó bảo cần mã xác thực gửi qua số điện thoại, có cách nào khác không?","false"
"Đã bị trừ tiền nhưng không thấy giao dịch nào trên ví điện tử, có ai gặp vấn đề tương tự không?","false"
"Tại sao tài khoản game của tôi lại bị khóa mà không có lý do, đã xác minh số điện thoại rồi mà?","false"
"App thanh toán không gửi thông báo đến số điện thoại, có cần phải cập nhật gì không?","false"
"Không nhận được thông báo từ ngân hàng cho giao dịch vừa rồi, có ai biết cách xử lý không?","false"
"Giá cước truyền hình cáp tăng mà không có thông báo, có ai biết lý do không?","false"
"Tôi không thể xem các kênh yêu thích trên truyền hình cáp, có lỗi gì từ nhà mạng không?","false"
"Không vào được ví điện tử, yêu cầu gửi mã OTP mà không thấy đâu, có ai biết sửa không?","false"
"Tài khoản của tôi bị khóa do nhập sai mật khẩu nhiều lần, có cách nào khôi phục không?","false"
"Lỗi không thể thanh toán đơn hàng trên app, có ai gặp phải không?","false"
"Chờ mã xác minh từ app gọi xe nhưng chưa thấy gì, có cách nào nhận nhanh không?","false"
"Không nhận được hóa đơn từ dịch vụ truyền hình cáp, có cần phải kiểm tra gì không?","false"
"Sao tôi không nhận được mã OTP để xác thực giao dịch ngân hàng?","false"
"Tại sao hóa đơn trong app không hiện lên, tôi cần thanh toán mà?","false"
"Không thể truy cập vào tài khoản vì lỗi xác thực qua số điện thoại, bạn có biết cách khắc phục không?","false"
"Lỗi không thể xem video trên ứng dụng, có ai biết có vấn đề gì không?","false"
"Tôi đã nhập đúng số điện thoại nhưng vẫn không nhận được mã xác thực từ ví điện tử, giúp tôi với!","false"
"Không thấy thông báo giao dịch ngân hàng, có vấn đề gì không?","false"
"Tại sao app thanh toán lại yêu cầu mã xác minh mà tôi không nhận được?","false"
"Không xem được kênh yêu thích trên truyền hình cáp mà vẫn phải trả phí, có ai biết lý do không?","false"
"Tôi đã nhận mã OTP cho tài khoản nhưng không vào được, bạn có biết tại sao không?","false"
"Lỗi không thể cập nhật thông tin tài khoản trong app, có cần liên hệ hỗ trợ không?","false"
"Giá cước dịch vụ truyền hình cáp tăng mà không có thông báo, có ai biết rõ không?","false"
"App gọi xe không gửi mã xác thực qua số điện thoại, tôi cần đi gấp, làm sao bây giờ?","false"
"Tại sao tài khoản ví điện tử của tôi liên tục bị khóa mà tôi không làm gì sai?","false"
"Không nhận được hóa đơn từ dịch vụ truyền hình cáp, tôi phải làm gì để lấy lại?","false"
"Tôi cần mã số xác minh nhưng không thấy gửi tới số điện thoại của mình, có cách nào khác không?","false"
"Không thể thanh toán qua app nhưng thấy tài khoản vẫn bị trừ tiền, có ai biết giải quyết không?","false"
"Đã gửi mã OTP cho ngân hàng nhưng không thấy gì, chắc có lỗi gì đó?","false"
"Tôi không vào được tài khoản vì lỗi xác thực qua số điện thoại, bạn có biết cách khắc phục không?","false"
"Gọi điện cho dịch vụ khách hàng nhưng không được, có cách nào lấy lại mã OTP không?","false"
"Không nhận được thông báo về giao dịch trên app gọi xe, có ai biết lý do không?","false"
"Lỗi không thể đăng nhập vào tài khoản vì không nhận được mã xác thực, giúp tôi với!","false"
"Gói dịch vụ truyền hình cáp của tôi bị ngắt kết nối, có cần phải liên hệ không?","false"
"Tôi không thể thanh toán tiền dịch vụ qua app vì không nhận được mã xác thực, có cách nào khác không?","false"
"Tại sao tài khoản game của tôi bị khóa mà tôi chưa vi phạm gì?","false"
"Phí dịch vụ truyền hình cáp tăng mà không có thông báo, sao lại thế?","false"
"Tôi đã làm theo hướng dẫn nhưng vẫn không nhận được mã OTP cho ví điện tử, có ai biết không?","false"
"Không nhận được thông báo giao dịch từ ngân hàng, có lỗi gì không?","false"
"Tại sao tôi không thể xem các kênh trên truyền hình cáp, có vấn đề gì không?","false"
"App giao hàng không gửi mã xác thực vào số điện thoại, có cách nào nhận nhanh không?","false"
"Tôi không nhận được mã OTP để xác thực giao dịch ngân hàng qua số điện thoại, có giải pháp nào không?","false"
"Tại sao tài khoản của tôi lại bị khóa, đã xác minh số điện thoại rồi mà?","false"
"Phí dịch vụ truyền hình cáp tăng mà không có thông báo trước, có ai biết lý do không?","false"
"Tôi cần mã xác minh cho app thanh toán nhưng không nhận được, có ai biết làm sao không?","false"
"Không thể xem phim trên ứng dụng vì không nhận mã xác thực, ai giúp tôi với?","false"
"Gọi điện cho dịch vụ hỗ trợ nhưng không ai nghe máy, có cách nào khôi phục tài khoản không?","false"
"Tại sao tôi không nhận được thông báo từ ngân hàng cho giao dịch vừa rồi?","false"
"Lỗi không thể mở ứng dụng xem phim, có ai biết có vấn đề gì không?","false"
"App đặt đồ ăn không gửi mã xác thực vào số điện thoại, làm sao để nhận được?","false"
"Tôi đã nhập đúng số điện thoại nhưng vẫn không nhận được mã xác thực từ ví điện tử, giúp tôi với!","false"
"Gói dịch vụ truyền hình cáp của tôi bị ngắt kết nối, có cần phải gọi điện không?","false"
"Tại sao hóa đơn trong app không hiện lên, tôi cần thanh toán mà?","false"
"Không thể thanh toán đơn hàng trên app giao hàng, có ai biết cách xử lý không?","false"
"Chờ mã xác minh từ app gọi xe nhưng chưa thấy gì, có cách nào nhận nhanh không?","false"
"Không nhận được hóa đơn từ dịch vụ truyền hình cáp, có cần phải kiểm tra gì không?","false"
"Sao tôi không nhận được mã OTP để xác thực giao dịch ngân hàng?","false"
"Tại sao hóa đơn trong app không hiện lên, tôi cần thanh toán mà?","false"
"Không thể truy cập vào tài khoản vì lỗi xác thực qua số điện thoại, bạn có biết cách khắc phục không?","false"
"Lỗi không thể xem video trên ứng dụng, có ai biết có vấn đề gì không?","false"
"Tôi đã nhập đúng số điện thoại nhưng vẫn không nhận được mã xác thực từ ví điện tử, giúp tôi với!","false"
"Không thấy thông báo giao dịch ngân hàng, có vấn đề gì không?","false"
"Tại sao app thanh toán lại yêu cầu mã xác minh mà tôi không nhận được?","false"
"Không xem được kênh yêu thích trên truyền hình cáp mà vẫn phải trả phí, có ai biết lý do không?","false"
"Tôi đã nhận mã OTP cho tài khoản nhưng không vào được, bạn có biết tại sao không?","false"
"Lỗi không thể cập nhật thông tin tài khoản trong app, có cần liên hệ hỗ trợ không?","false"
"Giá cước dịch vụ truyền hình cáp tăng mà không có thông báo, có ai biết rõ không?","false"
"App gọi xe không gửi mã xác thực qua số điện thoại, tôi cần đi gấp, làm sao bây giờ?","false"
"Tại sao tài khoản ví điện tử của tôi liên tục bị khóa mà tôi không làm gì sai?","false"
"Không nhận được hóa đơn từ dịch vụ truyền hình cáp, tôi phải làm gì để lấy lại?","false"
"Tôi cần mã số xác minh nhưng không thấy gửi tới số điện thoại của mình, có cách nào khác không?","false"
"Không thể thanh toán qua app nhưng thấy tài khoản vẫn bị trừ tiền, có ai biết giải quyết không?","false"
"Đã gửi mã OTP cho ngân hàng nhưng không thấy gì, chắc có lỗi gì đó?","false"
"Tôi không vào được tài khoản vì lỗi xác thực qua số điện thoại, bạn có biết cách khắc phục không?","false"
"Gọi điện cho dịch vụ khách hàng nhưng không được, có cách nào lấy lại mã OTP không?","false"
"Không nhận được thông báo giao dịch từ app gọi xe, có ai biết lý do không?","false"
"Lỗi không thể đăng nhập vào tài khoản vì không nhận được mã xác thực, giúp tôi với!","false"
"Gói dịch vụ truyền hình cáp của tôi bị ngắt kết nối, có cần phải liên hệ không?","false"
"Tôi không thể thanh toán tiền dịch vụ qua app vì không nhận được mã xác thực, có cách nào khác không?","false"
"Tại sao tài khoản game của tôi bị khóa mà tôi chưa vi phạm gì?","false"
"Phí dịch vụ truyền hình cáp tăng mà không có thông báo, sao lại thế?","false"
"Tôi đã làm theo hướng dẫn nhưng vẫn không nhận được mã OTP cho ví điện tử, có ai biết không?","false"
"Không nhận được thông báo về giao dịch trên app gọi xe, có ai biết cách khắc phục không?","false"
"Chờ mã xác minh từ app gọi xe nhưng chưa thấy gì, có cách nào nhận nhanh không?","false"
"Không nhận được mã OTP cho tài khoản ngân hàng, có cách nào kiểm tra không?","false"
"Tại sao tôi lại không nhận được thông báo giao dịch qua số điện thoại của ví điện tử?","false"
"Tôi cần mã OTP để xác nhận giao dịch nhưng không thấy trên số điện thoại, có cách nào lấy lại không?","false"
"Lỗi không thể thanh toán hóa đơn qua app, có cần liên hệ ngân hàng không?","false"
"Tại sao tài khoản game của tôi lại bị khóa mà không có lý do, đã xác minh số điện thoại rồi mà?","false"
"Phí dịch vụ truyền hình cáp tăng mà không có thông báo gì, có ai biết lý do không?","false"
"Tôi không thể xem phim trên app vì cần mã xác minh số điện thoại, bạn có biết cách lấy không?","false"
"Gọi điện cho dịch vụ khách hàng nhưng không ai nghe máy, có cách nào lấy lại mã OTP không?","false"
"Không nhận được hóa đơn từ dịch vụ truyền hình cáp, tôi phải làm gì để lấy lại?","false"
"Tôi cần mã số xác minh nhưng không thấy gửi tới số điện thoại của mình, có cách nào khác không?","false"
"Không thể thanh toán qua app nhưng thấy tài khoản vẫn bị trừ tiền, có ai biết giải quyết không?","false"
"Đã gửi mã OTP cho ngân hàng nhưng không thấy gì, chắc có lỗi gì đó?","false"
"Tôi không vào được tài khoản vì lỗi xác thực qua số điện thoại, bạn có biết cách khắc phục không?","false"
"Gọi điện cho dịch vụ khách hàng nhưng không được, có cách nào lấy lại mã OTP không?","false"
"Không nhận được thông báo giao dịch từ app gọi xe, có ai biết lý do không?","false"
"Lỗi không thể đăng nhập vào tài khoản vì không nhận được mã xác thực, giúp tôi với!","false"
"Gói dịch vụ truyền hình cáp của tôi bị ngắt kết nối, có cần phải liên hệ không?","false"
"Tôi không thể thanh toán tiền dịch vụ qua app vì không nhận được mã xác thực, có cách nào khác không?","false"
"Tại sao tài khoản game của tôi bị khóa mà tôi chưa vi phạm gì?","false"
"Phí dịch vụ truyền hình cáp tăng mà không có thông báo, sao lại thế?","false"
"Tôi đã làm theo hướng dẫn nhưng vẫn không nhận được mã OTP cho ví điện tử, có ai biết không?","false"
"Cho tôi hỏi tại sao không nhận được mã OTP để đăng nhập vào ví điện tử?","false"
"Tôi bị khóa tài khoản ngân hàng và không biết cách lấy lại, ai có thể giúp tôi?","false"
"Làm ơn cho tôi biết làm sao để xem lại hóa đơn truyền hình cáp tháng này?","false"
"App đặt đồ ăn không cho tôi đặt món, có ai bị giống tôi không?","false"
"Tôi không nhận được xác minh qua số điện thoại cho tài khoản game, rất bực!","false"
"Chả hiểu sao không vào được tài khoản ngân hàng, có ai biết lý do không?","false"
"Làm sao để kiểm tra gói kênh truyền hình cáp của tôi?","false"
"Tôi bị trừ tiền trong ví điện tử mà không biết lý do, ai biết giúp tôi không?","false"
"Không nhận được thông báo từ app gọi xe, làm ơn giải quyết vấn đề này!","false"
"Xin cho hỏi cách để khôi phục tài khoản bị khóa của tôi trên mạng xã hội?","false"
"App xem phim yêu cầu xác minh số điện thoại nhưng tôi không nhận được tin nhắn!","false"
"Lỗi không xem được kênh yêu thích trên truyền hình cáp, ai đó có cách khắc phục không?","false"
"Tại sao tôi không thể vào được tài khoản ví điện tử của mình, ai đã gặp trường hợp này chưa?","false"
"Tôi không nhận được hóa đơn của dịch vụ truyền hình internet tháng này!","false"
"Đã nhập mã OTP nhưng app ngân hàng vẫn không cho tôi đăng nhập, sao vậy?","false"
"Cho hỏi làm sao để kiểm tra trạng thái tài khoản trên app thương mại điện tử?","false"
"App gọi xe thông báo sự cố nhưng không thể đặt xe, ai có cách nào không?","false"
"Có ai biết vì sao không nhận được mã xác thực để đăng nhập vào tài khoản game không?","false"
"Không truy cập được vào trang thanh toán của ngân hàng, có ai có biện pháp nào không?","false"
"Tôi đã nạp tiền vào ví điện tử nhưng sao không thấy tiền đâu cả?","false"
"Tôi không thể đăng nhập vào tài khoản mạng xã hội, có ai giúp được không?","false"
"Chả nhẽ tôi lại phải đợi lâu như vậy để kiểm tra hóa đơn truyền hình cáp?","false"
"Sao mà app xem phim cứ bị lỗi mãi, không tài nào xem được!","false"
"Tôi không nhận được thông báo từ app giao hàng, ai đã gặp vấn đề này chưa?","false"
"Làm sao để khôi phục tài khoản ngân hàng bị khóa, tôi không biết gọi ai?","false"
"Chờ mã OTP từ ngân hàng mà mãi không thấy, ai có cách gì giúp không?","false"
"Tôi gặp vấn đề với tài khoản game, không xác minh được số điện thoại, làm sao đây?","false"
"Không biết sao mà hóa đơn tháng này lại cao hơn bình thường, cần kiểm tra!","false"
"Tôi không thể truy cập app gọi xe, ai đó đã xử lý được chưa?","false"
"Xin cho hỏi tại sao app thương mại điện tử không cho tôi thanh toán?","false"
"Làm ơn giúp tôi với, tôi không vào được tài khoản ngân hàng qua app!","false"
"Tôi đang cần xem lại gói kênh truyền hình cáp của mình nhưng không biết làm sao?","false"
"Không nhận được mã xác minh cho app ví điện tử, ai đó có mẹo không?","false"
"Chả nhẽ tôi không thể xem được kênh mong đợi trên truyền hình cáp?","false"
"Tôi đã chờ mã OTP cho tài khoản ngân hàng mà vẫn không thấy đâu cả!","false"
"Truy cập vào tài khoản game nhưng không nhận được tin nhắn xác nhận, làm sao?","false"
"Không hiểu sao hóa đơn tháng này lại có sự cố như vậy, cần kiểm tra lại!","false"
"Tôi không thể đặt hàng trên app giao đồ ăn, có ai đã gặp tình huống này chưa?","false"
"Tôi không nhận được tin nhắn xác thực cho tài khoản mạng xã hội, ai biết rõ không?","false"
"App xem phim cứ báo lỗi, không rõ lý do là gì, ai có cách khắc phục?","false"
"Không biết cách xem lại lịch sử giao dịch trên ví điện tử, ai biết giúp không?","false"
"Tôi không nhận được thông báo qua số điện thoại cho app ngân hàng này!","false"
"Đã trả tiền cho dịch vụ truyền hình cáp nhưng vẫn không xem được kênh, sao lại vậy?","false"
"Làm ơn cho tôi biết cách để liên hệ với ngân hàng khi tài khoản bị khóa?","false"
"Không thể vào tài khoản game của tôi, ai có cách nào giải quyết không?","false"
"Sao mà app thương mại điện tử cứ báo lỗi mãi, không thể thanh toán được!","false"
"Đã nhắn tin đăng ký gói kênh nhưng không thấy hồi âm từ truyền hình cáp!","false"
"Tôi bị trừ tiền nhưng không biết lý do, ai có thể chỉ cho tôi không?","false"
"Nếu không nhận được mã xác minh cho tài khoản ngân hàng thì phải làm sao?","false"
"Truy cập vào app gọi xe không thành công, chả nhẽ phải chờ lâu như vậy?","false"
"Đã nhập đúng mã OTP mà sao không vào được tài khoản ví điện tử?","false"
"Tôi đang tìm cách xem lại hóa đơn tháng trước nhưng không thấy đâu!","false"
"Cho tôi hỏi tại sao không thể xác nhận tài khoản mạng xã hội của tôi?","false"
"Chả nhẽ lại phải chờ lâu để nhận thông báo từ app gọi xe?","false"
"Tôi cần kiểm tra số dư tài khoản trong app ngân hàng mà không vào được!","false"
"Không rõ vì sao không nhận được thông báo thanh toán của dịch vụ truyền hình cáp!","false"
"Làm sao để khôi phục tài khoản game khi không nhận được mã OTP?","false"
"Tôi đang tìm hiểu gói cước cho app đặt đồ ăn mà không nhận được thông tin gì!","false"
"App thương mại điện tử của tôi báo lỗi khi thanh toán, ai có kinh nghiệm không?","false"
"Có cách nào để kiểm tra lại các giao dịch gần đây trên ví điện tử không?","false"
"Đã gửi yêu cầu rồi mà sao không có phản hồi từ dịch vụ truyền hình internet?","false"
"Tại sao tôi không nhận được mã xác thực cho tài khoản ngân hàng của mình?","false"
"Tôi đã thử đặt hàng trên app gọi xe nhưng không thành công, ai giúp được không?","false"
"Sao mà không thể xác minh tài khoản game qua số điện thoại được?","false"
"Đã thanh toán cho dịch vụ truyền hình cáp mà vẫn không sử dụng được, sao lại thế?","false"
"Thời gian chờ mã OTP cho tài khoản ngân hàng sao lâu quá vậy?","false"
"Chả nhẽ không thể kiểm tra gói kênh truyền hình của mình một cách dễ dàng?","false"
"Tôi không biết cách khôi phục tài khoản bị khóa trên app thương mại điện tử, ai có thể giúp?","false"
"Đã nhập mã xác thực mà vẫn không thể vào tài khoản ngân hàng của tôi, quá mất thời gian!","false"
"Làm sao để nhận lại hóa đơn truyền hình cáp tháng trước mà không thấy?","false"
"Tôi không nhận được mã OTP vào số điện thoại cho tài khoản game, ai có cách giải quyết không?","false"
"App ví điện tử cứ báo lỗi không thể thanh toán, ai đã gặp vấn đề tương tự chưa?","false"
"Không thấy hóa đơn thanh toán từ dịch vụ truyền hình internet, ai có biết lý do không?","false"
"Tôi không thể xem được kênh yêu thích trên truyền hình cáp, có cách nào khắc phục không?","false"
"Đã chờ mã OTP cho tài khoản ngân hàng mà mãi không thấy, làm sao bây giờ?","false"
"Đã nhắn tin hỗ trợ mà sao vẫn chưa thấy phản hồi từ app đặt đồ ăn?","false"
"Không rõ vì sao app thương mại điện tử lại không cho tôi truy cập vào tài khoản!","false"
"Tôi cần xem lại lịch sử thanh toán nhưng không vào được app ngân hàng, ai biết giúp không?","false"
"Bị trừ tiền trong ví điện tử mà không rõ lý do, ai có thể giúp tôi không?","false"
"Làm ơn cho tôi biết cách kiểm tra hóa đơn tháng trước trên dịch vụ truyền hình cáp?","false"
"Tôi không thể đăng nhập vào tài khoản game, ai đó có cách nào không?","false"
"Chả nhẽ không nhận được thông báo từ app gọi đồ ăn đã đặt?","false"
"Tôi đã nhập mã OTP nhưng không vào được tài khoản ngân hàng của mình, quá mệt!","false"
"Làm sao để khôi phục tài khoản đã bị khóa trên app thương mại điện tử?","false"
"Tôi không nhận được mã xác minh cho app ngân hàng, ai biết cách giải quyết không?","false"
"Đã thanh toán cho dịch vụ truyền hình cáp mà vẫn không xem được kênh yêu thích!","false"
"Bị lỗi không vào được tài khoản game, cần được hỗ trợ ngay!","false"
"App ví điện tử báo lỗi khi thanh toán, ai có kinh nghiệm khắc phục không?","false"
"Tôi không thể xem lại hóa đơn truyền hình internet, ai có thể chỉ tôi không?","false"
"Chờ mã OTP cho tài khoản ngân hàng mà không thấy đâu, mong được giúp đỡ!","false"
"Tôi cần hỗ trợ để kiểm tra gói kênh truyền hình cáp của mình, ai có thể giúp?","false"
"Không nhận được mã xác thực cho tài khoản mạng xã hội, ai có cách nào không?","false"
"Đã chờ lâu mà không thể xác minh tài khoản game qua số điện thoại, sao lại thế?","false"
"Tôi không thể đăng nhập vào tài khoản ngân hàng, ai đó biết cách nào không?","false"
"Yêu cầu kiểm tra hóa đơn tháng trước mà không thấy phản hồi, ai có thể giúp tôi?","false"
"Không hiểu sao app thương mại điện tử không cho tôi thanh toán, quá rắc rối!","false"
"Tôi không nhận được mã OTP cho tài khoản ví điện tử, ai có thể giúp được không?","false"
"Có ai biết cách để xem lại lịch sử giao dịch trên app ngân hàng không?","false"
"Làm sao để khắc phục lỗi không xem được kênh truyền hình cáp yêu thích?","false"
"Tôi đang tìm cách khôi phục tài khoản bị khóa trên app gọi xe, ai có thể chỉ tôi không?","false"
"Tôi không nhận được thông báo từ dịch vụ truyền hình internet, mong được giúp đỡ!","false"
"Đã chờ mã xác thực cho tài khoản game nhưng không thấy, ai có kinh nghiệm không?","false"
"Tôi không thể vào tài khoản ngân hàng qua app, quá khó chịu!","false"
"Chả nhẽ không thể kiểm tra lại thông tin gói dịch vụ truyền hình cáp của mình?","false"
"Tôi đã thử liên hệ hỗ trợ nhưng không thấy ai phản hồi về tài khoản ngân hàng!","false"
"Không rõ vì sao không nhận được mã OTP cho tài khoản ví điện tử, ai có biết không?","false"
"Tôi đang cần xem lại hóa đơn truyền hình cáp mà không tìm thấy ở đâu!","false"
"Không thể xác minh tài khoản game qua số điện thoại, ai đó biết cách nào không?","false"
"App thương mại điện tử báo lỗi, không thể thanh toán được, cần hỗ trợ!","false"
"Tôi không thể truy cập vào tài khoản ngân hàng, mong được hỗ trợ nhanh chóng!","false"
"Đã nhấp vào gửi mã OTP nhưng vẫn không nhận được gì cho tài khoản ngân hàng!","false"
"Tôi cần kiểm tra thông tin tài khoản game nhưng không vào được, ai giúp tôi với?","false"
"Bị lỗi không xem được kênh yêu thích trên truyền hình internet, làm sao đây?","false"
"Tôi không nhận được thông báo từ app gọi đồ ăn đã đặt, ai có thể giúp không?","false"
"Làm sao để kiểm tra lại hóa đơn tháng này từ dịch vụ truyền hình cáp?","false"
"Không hiểu sao mã OTP cho tài khoản ngân hàng lại không nhận được, ai biết không?","false"
"Tôi đã thử đặt hàng trên app thương mại điện tử mà không thành công, ai đó giúp?","false"
"Tôi cần khôi phục tài khoản ví điện tử bị khóa nhưng không biết làm sao!","false"
"Chả nhẽ không nhận được thông báo từ dịch vụ truyền hình cáp mà tôi đã đăng ký?","false"
"Tôi không thể đăng nhập vào tài khoản mạng xã hội của tôi, ai có thể giúp không?","false"
"Bị trừ tiền trong ví điện tử mà không biết vì sao, ai giúp được không?","false"
"Đã chờ mã xác minh lâu quá mà không thấy cho tài khoản game, cần giúp đỡ!","false"
"Tôi không thể xem lại hóa đơn tháng trước của dịch vụ truyền hình cáp, mong được giúp!","false"
"Chờ mã OTP từ app ngân hàng mà mãi không thấy, làm ơn giúp tôi!","false"
"Tôi đang tìm cách khôi phục tài khoản bị khóa của mình trên app thương mại điện tử!","false"
"Không nhận được tin nhắn xác thực cho tài khoản game, ai có cách nào không?","false"
"Tôi không thể truy cập vào trang thanh toán của ví điện tử, ai có thể giúp không?","false"
"Tôi đã nhắn tin yêu cầu nhưng không nhận được phản hồi từ app xem phim!","false"
"Đã nhập mã OTP nhưng không vào được tài khoản ngân hàng, có ai biết cách khắc phục không?","false"
"Không có thông báo từ app gọi xe mặc dù đã đặt hàng, ai có thể chỉ cách không?","false"
"Không nhận được mã OTP để xác minh tài khoản ngân hàng","false"
"Tại sao tôi không vào được ứng dụng gọi xe nữa, có cần nhập số điện thoại không?","false"
"Ví điện tử của tôi báo lỗi, tôi đã nhập số điện thoại chính xác mà vẫn không đăng nhập được","false"
"Tôi muốn thay đổi gói kênh truyền hình cáp nhưng không thấy ở đâu cả","false"
"Đã bị trừ tiền trong tài khoản ví nhưng không thấy giao dịch nào cả, ai giúp tôi được không?","false"
"Số điện thoại của tôi không nhận được tin nhắn xác thực cho app xem phim","false"
"Làm sao để khôi phục tài khoản game bị khóa, tôi đã thử số điện thoại mà không được?","false"
"Tôi không xem được kênh truyền hình yêu thích, có ai biết lỗi này không?","false"
"Đã đăng ký một gói dịch vụ xem phim nhưng vẫn không hoạt động, phải làm sao đây?","false"
"Chẳng hiểu sao tôi không nhận được mã xác minh cho app thanh toán, đã thử lại nhiều lần rồi","false"
"Thông tin tài khoản ví điện tử của tôi bị sai, cần sửa mà không vào được","false"
"Muốn hỏi về cách thay đổi số điện thoại trong tài khoản thương mại điện tử nhưng không tìm thấy hướng dẫn","false"
"Làm thế nào để liên hệ hỗ trợ khi không nhận được hóa đơn truyền hình cáp đúng hạn?","false"
"Sao lại không đăng nhập được vào app đặt đồ ăn, đã thử mọi số điện thoại nhưng không thành công?","false"
"Giúp tôi với, tài khoản ngân hàng bị khóa và không nhận được OTP về số điện thoại liên kết","false"
"Lỗi không kết nối được với ví điện tử, tôi đã thử với nhiều số điện thoại khác nhau","false"
"Có ai biết cách kiểm tra tình trạng tài khoản game không? Tôi đã có số điện thoại đăng ký nhưng không vào được","false"
"Sao mà tôi không thấy được danh sách kênh truyền hình cáp đã đăng ký, ai biết không?","false"
"Tại sao tôi không thể xem phim trên app, đã thử mọi số điện thoại để đăng nhập mà vẫn không được","false"
"Chả hiểu sao tài khoản ví điện tử lại bị khóa, nhập số điện thoại mà không thấy gửi mã xác minh","false"
"Tôi muốn biết thông tin về hóa đơn của dịch vụ truyền hình internet nhưng không tìm thấy ở đâu","false"
"Số điện thoại của tôi không nhận được thông báo gì từ app thanh toán, có ai biết làm sao không?","false"
"Đã bị trừ tiền trong tài khoản ứng dụng gọi xe mà không thấy chuyến đi gì cả","false"
"Làm sao để khôi phục tài khoản thanh toán bị khóa, tôi đã dùng đúng số điện thoại mà vẫn không được","false"
"Sao lại không nhận được mã xác thực cho app thương mại điện tử, đã thử nhiều số điện thoại rồi","false"
"Tôi không vào được ứng dụng ngân hàng và nhận được thông báo lỗi, phải làm sao đây?","false"
"Đăng nhập vào ví điện tử bị lỗi, đã nhập số điện thoại đúng mà vẫn không thành công","false"
"Không nhận được thông báo từ dịch vụ truyền hình, tôi đã cập nhật số điện thoại mà vẫn chưa có tin gì","false"
"Số điện thoại của tôi không được chấp nhận khi đăng ký tài khoản game, ai biết vì sao không?","false"
"Chẳng hiểu sao tôi không nhận được hóa đơn của dịch vụ truyền hình cáp, có ai biết không?","false"
"Tôi đã thử liên kết số điện thoại với ví điện tử mà vẫn không thể đăng nhập được","false"
"Không vào được ứng dụng đặt đồ ăn mặc dù đã nhập đúng số điện thoại, ai giúp tôi với?","false"
"Lỗi không nhận được mã xác minh từ app ngân hàng, đã thử nhiều lần rồi mà không thấy","false"
"Sao mấy hôm nay tôi không xem được kênh truyền hình yêu thích, có ai biết lý do không?","false"
"Tôi không biết cách kiểm tra tình trạng hóa đơn của dịch vụ truyền hình cáp, ai giúp tôi với?","false"
"Ví điện tử của tôi báo lỗi nhưng số điện thoại của tôi vẫn không được gửi xác minh","false"
"Số điện thoại của tôi không hoạt động trên app xem phim, có cách nào khắc phục không?","false"
"Không nhận được mã OTP để xác minh tài khoản ví điện tử, đã thử nhiều số điện thoại rồi mà không được","false"
"Làm sao để xem lại hóa đơn của dịch vụ truyền hình cáp đã sử dụng?","false"
"Tôi đã bị trừ tiền mà không biết vì sao, tài khoản ví điện tử không hiện thông tin giao dịch","false"
"Gọi hỗ trợ mà không thấy phản hồi về lỗi tài khoản game, mấy hôm nay không đăng nhập được","false"
"App thanh toán không nhận mã xác thực từ số điện thoại của tôi, có ai gặp lỗi tương tự không?","false"
"Tại sao tôi không nhận được thông báo gì từ dịch vụ truyền hình, số điện thoại tôi đã đăng ký mà?","false"
"Giúp tôi khôi phục tài khoản ngân hàng bị khóa, ai biết dùng số điện thoại nào để liên hệ không?","false"
"Làm sao để thay đổi thông tin số điện thoại trong tài khoản thương mại điện tử?","false"
"Sao không thể đăng nhập vào ví điện tử của tôi, đã thử nhiều số điện thoại mà vẫn không thành công?","false"
"Có ai biết cách kiểm tra hóa đơn truyền hình cáp không? Tôi cần thông tin gấp!","false"
"Số điện thoại của tôi không nhận được mã xác nhận cho app xem phim, làm sao đây?","false"
"Tôi không thấy được hóa đơn của mình cho dịch vụ gọi xe, ai biết lý do không?","false"
"Đã thử tất cả các cách mà vẫn không nhận được mã OTP cho tài khoản ngân hàng","false"
"Làm sao để lấy lại tài khoản game bị khóa, đã dùng đúng số điện thoại mà vẫn không được?","false"
"Số điện thoại của tôi không đăng ký được dịch vụ nào trên app thanh toán, có ai biết tại sao không?","false"
"Sao lại không xem được kênh truyền hình yêu thích của tôi, đã thử tất cả mọi cách mà không thành công?","false"
"Không nhận được thông báo từ ứng dụng đặt đồ ăn dù đã nhập đúng số điện thoại","false"
"Giúp tôi khôi phục tài khoản ngân hàng, không nhận được mã OTP về số điện thoại","false"
"Làm sao để xem chi tiết hóa đơn của dịch vụ truyền hình cáp?","false"
"Tôi không vào được ứng dụng xem phim, đã thử nhiều số điện thoại mà vẫn không thành công","false"
"Số điện thoại của tôi không nhận được mã xác minh cho ví điện tử, ai giúp tôi với?","false"
"Không thấy được thông tin tài khoản trong app thương mại điện tử, có ai biết làm sao không?","false"
"Gọi điện hỏi về vấn đề tài khoản game nhưng không được phản hồi, có ai gặp tình huống tương tự không?","false"
"Đã thử liên kết số điện thoại nhưng không vào được ví điện tử, ai biết cách khắc phục không?","false"
"Không nhận được mã xác thực cho app thanh toán, đã thử nhiều số điện thoại mà vẫn không thành công","false"
"Sao tôi không xem được kênh truyền hình yêu thích, có ai biết lý do không?","false"
"Tôi đã bị trừ tiền trong tài khoản ví nhưng không thấy giao dịch nào hiện lên cả","false"
"Làm sao để kiểm tra tình trạng hóa đơn truyền hình cáp?","false"
"Số điện thoại của tôi không nhận được thông báo từ dịch vụ gọi xe, có cách nào khắc phục không?","false"
"Không nhận được mã OTP cho tài khoản ngân hàng, đã thử nhiều lần rồi mà không thấy gì cả","false"
"Đã thử tất cả các cách mà vẫn không nhận được mã xác minh cho app thanh toán","false"
"Tôi không vào được tài khoản game, đã dùng đúng số điện thoại mà vẫn không được?","false"
"Gọi điện hỏi về hóa đơn dịch vụ truyền hình nhưng không được phản hồi, có ai biết không?","false"
"Tôi không xem được kênh truyền hình yêu thích, đã thử tất cả mọi cách mà không thành công","false"
"Số điện thoại của tôi không nhận được mã xác thực cho app xem phim, làm sao đây?","false"
"Không thấy được thông tin tài khoản trong app thương mại điện tử, ai giúp tôi với?","false"
"Giúp tôi khôi phục tài khoản ngân hàng, không nhận được mã OTP về số điện thoại","false"
"Làm sao để thay đổi thông tin số điện thoại trong tài khoản game?","false"
"Sao lại không nhận được mã xác thực cho ví điện tử, đã thử nhiều số điện thoại rồi mà không được","false"
"Tôi không vào được ứng dụng đặt đồ ăn, đã nhập đúng số điện thoại nhưng không thành công","false"
"Không nhận được mã xác minh cho tài khoản thanh toán mặc dù đã thử nhiều cách","false"
"Làm sao để xem lại hóa đơn truyền hình cáp đã sử dụng?","false"
"Chả hiểu sao ví điện tử của tôi lại báo lỗi, số điện thoại không hoạt động","false"
"Tôi đã thử nhiều lần mà vẫn không nhận được mã xác minh cho app thương mại điện tử","false"
"Gọi hỗ trợ mà không thấy phản hồi về lỗi tài khoản game, mấy hôm nay không đăng nhập được","false"
"App thanh toán không nhận mã xác thực từ số điện thoại của tôi, có ai gặp lỗi tương tự không?","false"
"Làm sao để kiểm tra tình trạng hóa đơn của dịch vụ truyền hình cáp?","false"
"Sao tôi không nhận được thông báo gì từ dịch vụ gọi xe, số điện thoại của tôi đã đăng ký mà?","false"
"Không vào được tài khoản ví điện tử mặc dù đã nhập đúng số điện thoại, ai giúp tôi với?","false"
"Tại sao tôi không nhận được mã xác thực từ app ngân hàng, đã thử nhiều lần rồi mà không thấy gì cả","false"
"Đã đăng ký một gói dịch vụ xem phim nhưng vẫn không hoạt động, phải làm sao đây?","false"
"Số điện thoại của tôi không đăng ký được dịch vụ nào trên app thanh toán, có ai biết tại sao không?","false"
"Tôi muốn biết thông tin về hóa đơn của dịch vụ truyền hình internet nhưng không tìm thấy ở đâu","false"
"Làm sao để liên hệ hỗ trợ khi không nhận được hóa đơn truyền hình cáp đúng hạn?","false"
"Sao lại không nhận được mã xác thực cho app xem phim, đã đăng ký bằng số điện thoại chính xác mà?","false"
"Tôi không thấy được danh sách kênh truyền hình cáp đã đăng ký, ai biết không?","false"
"Giúp tôi khôi phục tài khoản ngân hàng bị khóa, ai biết dùng số điện thoại nào để liên hệ không?","false"
"Đã thử tất cả các cách mà vẫn không nhận được mã xác minh cho app thanh toán","false"
"Làm sao để kiểm tra tình trạng hóa đơn của dịch vụ truyền hình cáp?","false"
"Số điện thoại của tôi không nhận được thông báo từ dịch vụ gọi xe, có cách nào khắc phục không?","false"
"Không thấy được thông tin tài khoản trong app thương mại điện tử, có ai biết làm sao không?","false"
"Gọi điện hỏi về hóa đơn dịch vụ truyền hình nhưng không được phản hồi, có ai biết không?","false"
"Không nhận được mã xác thực cho tài khoản game, sao mà khó quá vậy?","false"
"Sao tôi không xem được kênh truyền hình yêu thích, có ai biết lý do không?","false"
"Số điện thoại của tôi không hoạt động trên app xem phim, có ai biết cách nào khắc phục không?","false"
"Làm sao để khôi phục tài khoản ngân hàng bị khóa, tôi đã thử mọi số điện thoại mà không được","false"
"Chẳng hiểu sao ví điện tử của tôi không đăng nhập được, đã nhập nhiều lần số điện thoại mà vẫn không thành công","false"
"Giúp tôi lấy lại tài khoản game bị khóa, đã dùng đúng số điện thoại mà vẫn không được?","false"
"Tại sao tôi không thấy thông tin hóa đơn của dịch vụ truyền hình cáp, ai giúp tôi với?","false"
"Số điện thoại của tôi không nhận được mã xác minh cho ví điện tử, có ai biết làm sao không?","false"
"Tôi không vào được ứng dụng đặt đồ ăn, đã nhập đúng số điện thoại nhưng không thành công","false"
"Đã thử mọi cách mà vẫn không nhận được mã OTP cho tài khoản ngân hàng","false"
"Sao lại không nhận được mã xác thực cho app thương mại điện tử, đã thử nhiều lần rồi mà không thấy gì cả","false"
"Không thấy được thông tin tài khoản trong app thanh toán, ai giúp tôi với?","false"
"Tôi đã bị trừ tiền mà không rõ lý do, tài khoản ví điện tử không hiện thông tin giao dịch","false"
"Giúp tôi khôi phục tài khoản ngân hàng, không nhận được mã OTP về số điện thoại","false"
"Sao tôi không nhận được thông báo gì từ dịch vụ truyền hình cáp, số điện thoại đã đăng ký mà?","false"
"Không vào được tài khoản game, đã dùng đúng số điện thoại mà vẫn không được?","false"
"Làm sao để thay đổi thông tin số điện thoại trong tài khoản thương mại điện tử?","false"
"Số điện thoại của tôi không nhận được mã xác thực cho app xem phim, làm sao đây?","false"
"Không thấy được thông tin tài khoản trong app thương mại điện tử, có ai biết làm sao không?","false"
"Làm sao để lấy lại tài khoản game bị khóa, đã dùng đúng số điện thoại mà vẫn không được?","false"
"Đã thử tất cả các cách mà vẫn không nhận được mã xác minh cho app thanh toán","false"
"Tôi không vào được ứng dụng ngân hàng, đã thử nhiều số điện thoại mà vẫn không đươc","false"
"Làm sao để kiểm tra tình trạng hóa đơn của dịch vụ truyền hình cáp?","false"
"Sao lại không nhận được mã xác thực cho ví điện tử, đã thử nhiều số điện thoại rồi mà không được","false"
"Tôi không thấy được danh sách kênh truyền hình cáp đã đăng ký, ai biết không?","false"
"Số điện thoại của tôi không hoạt động trên app xem phim, có ai biết cách nào khắc phục không?","false"
"Giúp tôi khôi phục tài khoản ngân hàng bị khóa, ai biết dùng số điện thoại nào để liên hệ không?","false"
"Tôi đã thử liên kết số điện thoại với ví điện tử mà vẫn không thể đăng nhập được","false"
"Không nhận được thông báo từ dịch vụ truyền hình, tôi đã cập nhật số điện thoại mà vẫn chưa có tin gì","false"
"Không nhận được mã OTP cho tài khoản ngân hàng của mình","false"
"Lỗi không xem được kênh truyền hình mình đã đăng ký","false"
"Tại sao tài khoản ví điện tử của tôi bị khóa, tôi cần hỗ trợ!","false"
"Tôi không thể đăng nhập vào app gọi xe, có cần xác minh số điện thoại không?","false"
"Ứng dụng xem phim yêu cầu tôi xác nhận số điện thoại, tôi đã không nhận được mã xác thực!","false"
"Tại sao tôi bị trừ tiền trong tài khoản ví mà không biết lý do?","false"
"Đã thanh toán nhưng vẫn không thấy tiền vào tài khoản game, ai giúp tôi với!","false"
"Lỗi không đăng nhập được vào ứng dụng thương mại điện tử, cần mã OTP mà không thấy gửi!","false"
"Sao không xem được phim trên app, có lỗi gì không?","false"
"Tôi cần đổi gói kênh truyền hình nhưng không biết làm thế nào?","false"
"Vừa nạp tiền vào ví nhưng không thấy tiền vào tài khoản, ai giúp tôi với!","false"
"Số điện thoại này không nhận được mã xác nhận cho app thanh toán, phải làm sao?","false"
"Tôi đã đăng ký gói truyền hình nhưng không thấy kênh nào cả!","false"
"Không thể nhận được mã OTP cho việc lấy lại mật khẩu tài khoản ngân hàng.","false"
"Account của tôi trên app đặt đồ ăn bị khóa, cần hỗ trợ khôi phục!","false"
"Sao lại bị trừ tiền phí duy trì cho tài khoản game mà tôi không biết?","false"
"App gọi xe không cho tôi đăng nhập, có cần phải xác minh số không nhỉ?","false"
"Tôi không hiểu tại sao không xem được phim trong gói đăng ký của mình nữa.","false"
"Truyền hình cáp của tôi không có tín hiệu, có phải do lỗi gì không?","false"
"Vừa mua vé xem phim online nhưng không nhận được mã vé qua SMS!","false"
"Đã thanh toán nhưng không thấy tiền vào tài khoản ví điện tử, cần hỗ trợ!","false"
"Tại sao không nhận được mã OTP khi đăng nhập vào app ngân hàng?","false"
"Bị khóa tài khoản trên nền tảng thương mại điện tử, ai giúp tôi mở lại!","false"
"Không thể xem được kênh tôi đã đăng ký trên truyền hình cáp, có ai biết lý do không?","false"
"App thanh toán yêu cầu số điện thoại xác minh, sao tôi không nhận được?","false"
"Ngân hàng vừa trừ tiền nhưng tôi không mua gì cả, có ai bị giống tôi không?","false"
"Lỗi không đăng nhập được vào tài khoản game, cần nhập mã OTP mà không thấy gửi!","false"
"Không nhận được mã xác thực cho app ví điện tử, tôi cần vào gấp!","false"
"Sao tôi không vào được app gọi xe, có cần xác nhận số không?","false"
"Tôi không xem được kênh trên truyền hình cáp, có phải do lỗi gì không?","false"
"App đặt đồ ăn yêu cầu xác minh qua SMS, nhưng tôi không nhận được mã!","false"
"Tại sao tài khoản ví của tôi lại bị khóa, cần giúp đỡ ngay!","false"
"Không thể thanh toán trên app thương mại điện tử, cần mã OTP mà không thấy!","false"
"Truyền hình cáp của tôi không có kênh nào, có phải do lỗi gì không?","false"
"Số điện thoại này không nhận được mã xác thực cho tài khoản ngân hàng.","false"
"Đã thanh toán nhưng không thấy gì trong tài khoản game, ai giúp tôi với!","false"
"Sao app xem phim không gửi mã xác minh qua số điện thoại?","false"
"Tại sao tôi không đăng nhập được vào tài khoản ví điện tử của mình?","false"
"Không nhận được mã OTP để xác minh tài khoản ngân hàng, tôi phải làm gì?","false"
"App gọi xe không cho tôi vào, còn cần xác minh số điện thoại không?","false"
"Không xem được kênh truyền hình đã đăng ký, có lỗi gì không?","false"
"Mới thanh toán nhưng tài khoản ví điện tử vẫn chưa có tiền!","false"
"Tại sao không nhận được mã xác thực cho app thanh toán?","false"
"Truyền hình cáp của tôi cứ bị ngắt quãng, không xem được gì cả!","false"
"Tôi không thể đăng nhập vào app game, mã OTP không đến tay!","false"
"Số điện thoại của tôi không nhận được mã xác minh cho app đặt đồ ăn!","false"
"Bị trừ tiền không rõ lý do trong tài khoản ngân hàng, ai biết không?","false"
"Không thể xem được phim trên app, sao không nhận được mã xác nhận?","false"
"Tôi đã thanh toán nhưng tài khoản ví điện tử vẫn không có tiền!","false"
"Tại sao tôi không nhận được mã OTP cho tài khoản game của mình?","false"
"Không thể đăng nhập vào app thương mại điện tử, cần mã xác thực mà không thấy gửi!","false"
"Truyền hình cáp tôi cứ ngừng hoạt động, không biết có lỗi gì không?","false"
"Số điện thoại này không nhận được mã xác minh cho app ngân hàng, thật khó chịu!","false"
"Đã thanh toán nhưng tài khoản ví vẫn trống, cần hỗ trợ ngay!","false"
"App gọi xe yêu cầu xác minh số điện thoại, mà không thấy gửi mã!","false"
"Tôi không thể nhận được mã OTP cho việc xác minh tài khoản ví điện tử!","false"
"Không nhận được mã OTP cho app thanh toán, tôi cần vào gấp!","false"
"Sao tôi không vào được truyền hình cáp, cứ báo lỗi không có kênh?","false"
"Tại sao tài khoản game của tôi bị khóa, tôi cần truy cập ngay!","false"
"Không thể xem phim trên app, mã xác minh gửi qua số điện thoại mà không thấy!","false"
"Tại sao không nhận được mã OTP khi xác minh tài khoản ngân hàng?","false"
"Bị trừ tiền không rõ lý do từ tài khoản ví điện tử, có ai gặp vấn đề này không?","false"
"Đã thanh toán cho app gọi xe, nhưng không nhận được mã xác nhận!","false"
"Tại sao tôi không thể xem kênh truyền hình mình đã đăng ký?","false"
"Số điện thoại của tôi không nhận được mã xác thực cho app thương mại điện tử!","false"
"Không vào được app game, cần mã OTP mà không thấy gửi tới!","false"
"Truyền hình cáp của tôi không có tín hiệu, phải làm sao đây?","false"
"Không thể đăng nhập vào tài khoản ngân hàng, không nhận được mã xác nhận qua SMS!","false"
"Sao tôi không thể xem được phim trên ứng dụng streaming?","false"
"Tại sao không nhận được mã OTP cho ví điện tử, tôi cần sử dụng gấp!","false"
"Đã nạp tiền vào tài khoản game nhưng không thấy tiền vào đâu cả!","false"
"Số điện thoại này không nhận được mã xác minh cho app đặt đồ ăn, thật khó chịu!","false"
"Tại sao tôi không thể vào truyền hình cáp, có cần kiểm tra gì không?","false"
"Cần xác minh số điện thoại mà không nhận được mã OTP cho app ngân hàng!","false"
"Không thể thanh toán trên app thương mại điện tử, không nhận được mã xác thực!","false"
"Truyền hình cáp của tôi không hoạt động, có cần kiểm tra mạng không?","false"
"Sao tài khoản ví điện tử lại bị khóa, tôi không biết phải làm gì!","false"
"Không nhận được mã xác minh cho app gọi xe, tôi cần vào ngay!","false"
"Tại sao không thể đăng nhập vào tài khoản game của mình?","false"
"Đã thanh toán mà không thấy gì vào tài khoản ví, ai biết lý do?","false"
"Số điện thoại này không nhận được mã xác thực cho app thanh toán, thật bất tiện!","false"
"Tôi không xem được kênh truyền hình mà mình đã đăng ký, có ai biết không?","false"
"App xem phim yêu cầu xác minh số điện thoại, nhưng mã không gửi tới!","false"
"Tại sao không nhận được mã OTP cho việc xác minh tài khoản ngân hàng của tôi?","false"
"Bị trừ tiền không rõ lý do trong tài khoản game, cần hỗ trợ ngay!","false"
"Không thể vào app thanh toán, mã xác minh gửi không tới!","false"
"Sao tôi không vào được truyền hình cáp, cứ báo lỗi không có kênh?","false"
"Truyền hình cáp bị lỗi không xem được gì cả, có ai biết cách khắc phục không?","false"
"Đã thanh toán cho app gọi xe nhưng không nhận được mã xác nhận!","false"
"Mới nạp tiền nhưng tài khoản ví điện tử vẫn không có tiền!","false"
"Số điện thoại này không nhận được mã xác thực cho app thương mại điện tử, sao vậy?","false"
"Không thể xem phim trên app, mã xác minh gửi qua số điện thoại mà không thấy!","false"
"Cần xác minh số điện thoại mà không nhận được mã OTP cho app ngân hàng!","false"
"Tại sao tài khoản game của tôi bị khóa, tôi cần truy cập ngay!","false"
"Truyền hình cáp của tôi không có tín hiệu, phải làm sao đây?","false"
"Không thể đăng nhập vào tài khoản ngân hàng, không nhận được mã xác nhận qua SMS!","false"
"Bị trừ tiền không rõ lý do từ tài khoản ví điện tử, có ai gặp vấn đề này không?","false"
"Đã thanh toán cho app gọi xe, nhưng không nhận được mã xác nhận!","false"
"Tại sao tôi không thể xem được phim trên ứng dụng streaming?","false"
"Sao tôi không nhận được mã OTP cho ví điện tử, tôi cần sử dụng gấp!","false"
"Tại sao không vào được app game, cần mã OTP mà không thấy gửi tới!","false"
"Không nhận được mã OTP để xác minh tài khoản ngân hàng của mình","false"
"App giao hàng yêu cầu xác thực số điện thoại mà không nhận được tin nhắn","false"
"Tôi vừa bị trừ tiền trong ví điện tử nhưng không rõ lý do","false"
"Không xem được kênh trên truyền hình cáp, làm ơn hỗ trợ tôi với","false"
"Vừa nạp tiền vào tài khoản game nhưng không thấy tiền đâu","false"
"Có ai biết vì sao tôi không nhận được mã xác minh cho app xem phim không?","false"
"Ví tôi tự dưng bị khóa, không biết làm thế nào để mở lại","false"
"Tôi đang gặp vấn đề không đăng nhập được vào ứng dụng thanh toán","false"
"Cho tôi hỏi về hóa đơn tháng này của truyền hình internet nhé?","false"
"Tôi không nhận được mã OTP cho ứng dụng gọi xe, ai đó giúp tôi với!","false"
"Tôi đã thử nhiều lần nhưng không thể truy cập tài khoản ngân hàng của mình","false"
"Không hiểu sao tôi không thể xem các kênh trên TV của mình","false"
"App đặt đồ ăn báo lỗi khi tôi nhập số điện thoại để đặt hàng","false"
"Tôi cần hỗ trợ với tài khoản ví điện tử của tôi bị khóa","false"
"Tại sao tôi lại bị trừ phí khi không sử dụng dịch vụ gì?","false"
"Làm ơn giúp tôi khắc phục lỗi không nhận dữ liệu từ app truyền hình","false"
"Số điện thoại của tôi không nhận được mã xác thực cho tài khoản game","false"
"Tôi không thể thanh toán hóa đơn qua app ngân hàng, ai đó chỉ tôi với!","false"
"Tôi không tìm thấy phim trên nền tảng xem phim mà mình đã đặt trước","false"
"Tại sao không thể xác minh số điện thoại trong ứng dụng giao hàng?","false"
"Hóa đơn tháng này của tôi trên app cáp quang có gì bất thường không?","false"
"Tôi không thể nhập mã OTP cho ứng dụng thanh toán, ai đó giúp tôi với!","false"
"App shopping của tôi yêu cầu xác thực nhưng không gửi mã về số điện thoại","false"
"Không hiểu sao tài khoản của tôi trên app ví điện tử tự nhiên không hoạt động","false"
"Sao hôm nay không xem được kênh yêu thích trên truyền hình cáp vậy?","false"
"Tôi bị khóa tài khoản ngân hàng và không biết làm thế nào để mở lại","false"
"App gọi xe không nhận được mã xác thực qua SMS, ai giúp tôi với!","false"
"Tôi không nhận được thông báo từ app giao hàng, có vấn đề gì không?","false"
"Có ai biết về phí tháng này trên ứng dụng xem phim không?","false"
"Ví điện tử của tôi không nhận được tiền từ tài khoản của tôi, sao lại thế?","false"
"Không nhận được tin nhắn xác thực từ ứng dụng thanh toán, ai đó giúp nhé!","false"
"Chả nhẽ tháng này lại bị tính phí truyền hình dù không xem gì?","false"
"Tôi đang gặp sự cố không thể thanh toán qua app cáp quang, nhờ hỗ trợ!","false"
"Hóa đơn tháng này của ứng dụng ngân hàng sao lại cao như vậy?","false"
"Số điện thoại của tôi không nhận được mã OTP cho dịch vụ game, sao lại thế?","false"
"Tôi không thể mở app giao đồ ăn vì không nhận được mã bảo mật!","false"
"Chắc chắn tôi đã đăng ký gói truyền hình mà giờ không thấy kênh nào!","false"
"Tôi không thể truy cập tài khoản trên ứng dụng ví điện tử, cần hỗ trợ!","false"
"Giờ tôi không thấy được số dư trong tài khoản ngân hàng của mình!","false"
"Tôi không nhận được tin nhắn từ app thanh toán, có vấn đề gì không?","false"
"App xem phim cần số điện thoại xác thực mà tôi không nhận được tin nhắn","false"
"Tại sao không thể đăng nhập vào tài khoản game của tôi được nhỉ?","false"
"Tôi không biết làm cách nào để lấy lại tài khoản ngân hàng đã bị khóa","false"
"App giao hàng báo lỗi khi tôi nhập thông tin thanh toán, ai đó biết không?","false"
"Không thể xem các kênh yêu thích trên truyền hình cáp tuần này","false"
"Tôi cần hỗ trợ về việc không nhận được mã xác nhận cho ví điện tử","false"
"Chả nhẽ tôi đã bị trừ tiền mà không đặt hàng gì qua app?","false"
"Tôi không thể xác minh tài khoản thanh toán qua số điện thoại đã đăng ký","false"
"Tháng này hóa đơn truyền hình sao lại khác thường vậy?","false"
"Tôi không nhận được mã OTP cho app gọi xe, có ai biết giúp không?","false"
"Nếu không xem được kênh trên truyền hình cáp thì sao tôi lấy lại tiền?","false"
"Tôi không rõ vì sao app ngân hàng không gửi mã xác nhận về số điện thoại của mình","false"
"Vừa nạp tiền vào ví mà không thấy số tiền hiển thị, ai đó giúp tôi với!","false"
"Không hiểu sao không thể thanh toán qua app cáp quang, có vấn đề gì không?","false"
"Đã gửi mã OTP nhưng không nhận được tin nhắn nào, cần hỗ trợ!","false"
"Tôi không xem được kênh nào trên truyền hình cáp ra sao?","false"
"Vừa đặt hàng qua app mà giờ không thấy thông tin gì về đơn hàng!","false"
"Tôi không thể xác minh tài khoản ngân hàng với số điện thoại này!","false"
"Số điện thoại của tôi không nhận được mã xác thực cho ứng dụng giao hàng","false"
"Hóa đơn tháng này trên app thanh toán sao lại cao hơn bình thường?","false"
"App xem phim yêu cầu xác minh nhưng lại không gửi mã về số điện thoại của tôi","false"
"Không nhận được tin nhắn từ app giao hàng, có vấn đề gì không?","false"
"Tôi không thể truy cập tài khoản ví điện tử của mình, cần hỗ trợ gấp!","false"
"Chưa bao giờ thấy hóa đơn tháng này trên truyền hình cáp lại cao như vậy!","false"
"Không thể đăng nhập vào dịch vụ giao hàng vì không nhận được mã xác thực","false"
"Tại sao không thể sử dụng tài khoản ngân hàng của mình hôm nay?","false"
"Không nhận được thông báo từ app thanh toán nên không thể thanh toán hóa đơn","false"
"Tôi gặp sự cố không thể xem được kênh nào trên truyền hình cáp cả!","false"
"Ví điện tử của tôi tự dưng không nhận được mã xác thực, thật phiền phức!","false"
"Sao tôi không thể xem phim trên ứng dụng đã đăng ký?","false"
"Tôi đã nhập mã OTP nhưng không vào được tài khoản ngân hàng của mình!","false"
"Chịu không nổi với việc không nhận được mã xác thực trên app giao hàng!","false"
"Làm ơn giúp tôi với việc không thấy hóa đơn tháng này trên ứng dụng cáp quang!","false"
"Tôi cần lấy lại tài khoản ví điện tử nhưng không nhận được mã xác minh","false"
"Tại sao app thanh toán lại yêu cầu tôi nhập mã xác thực qua SMS?","false"
"App gọi xe không nhận được mã xác thực, ai đó biết giúp không?","false"
"Tôi đã thử nhiều lần nhưng không thể xem được kênh yêu thích trên truyền hình","false"
"Ví điện tử tự dưng bị khóa, không biết làm thế nào để mở lại","false"
"Số điện thoại của tôi không nhận được mã OTP cho tài khoản game, ai biết không?","false"
"Tôi không thể xác minh tài khoản ngân hàng do không nhận được mã xác nhận","false"
"Chả nhẽ tôi lại bị trừ tiền mà không biết lý do từ app shopping?","false"
"Sao hôm nay không thể thanh toán qua app cáp quang được?","false"
"Tôi không nhận được tin nhắn từ app giao hàng, cần hỗ trợ!","false"
"App xem phim báo lỗi khi tôi nhập số điện thoại để xác thực tài khoản","false"
"Tôi không thể đăng nhập vào ví điện tử mà không có mã xác thực!","false"
"Tại sao hóa đơn tháng này lại cao hơn so với tháng trước trên truyền hình cáp?","false"
"Sao lại không nhận được mã OTP cho app thanh toán?","false"
"Tại sao tài khoản ngân hàng của tôi không truy cập được hôm nay?","false"
"Số điện thoại của tôi không nhận được mã xác thực khi dùng app giao hàng","false"
"Tôi không thể xem được bất kỳ kênh nào trên truyền hình cáp cả","false"
"Không hiểu vì sao tôi không nhận được mã xác thực khi cố gắng đăng nhập vào ví điện tử","false"
"Tôi đã nhập mã OTP nhưng vẫn không vào được tài khoản ngân hàng của tôi!","false"
"Tại sao app cáp quang lại không hoạt động, có ai biết không?","false"
"Ví điện tử của tôi không cho phép thanh toán và không có lý do rõ ràng","false"
"Nếu hôm nay không thấy mã xác thực thì tôi không thể đặt hàng được!","false"
"Tôi không nhận được tin nhắn từ app giao hàng, nhờ hỗ trợ nhanh!","false"
"Tôi gặp sự cố không thể đăng nhập vào tài khoản game vì không nhận mã xác thực","false"
"Không nhận được mã OTP để xác định tài khoản thanh toán của mình!","false"
"Có ai biết việc không thể thanh toán qua app là do đâu không?","false"
"Tôi không thể xác minh tài khoản ngân hàng của mình, ai có cách nào chỉ tôi với!","false"
"Tôi đã nhập đúng mã OTP nhưng không thể truy cập tài khoản của mình!","false"
"Không nhận được thông báo từ app giao hàng, điều này thật kỳ lạ!","false"
"Tôi không thể xem được kênh yêu thích trên app truyền hình cáp của mình!","false"
"Sao hôm nay không thấy hóa đơn tháng này trên app thanh toán?","false"
"Chả nhẽ tôi đã bị khóa tài khoản ví điện tử và không hay biết?","false"
"Tôi không nhận được mã xác minh cho ứng dụng gọi xe, cần hỗ trợ!","false"
"Không có cách nào để xác thực tài khoản ngân hàng mà không nhận được mã OTP!","false"
"Không hiểu sao tôi không thể thanh toán qua app cáp quang được?","false"
"Tại sao không thể đăng nhập vào tài khoản ví điện tử của tôi hôm nay?","false"
"Tôi đã nhập đúng mã OTP nhưng không thể sử dụng tài khoản ngân hàng!","false"
"Số điện thoại của tôi không nhận được mã xác thực cho dịch vụ giao hàng","false"
"Nếu không nhận được mã xác minh thì tôi không thể đặt hàng qua app được!","false"
"Ôi, tôi không nhận được mã OTP để xác minh tài khoản ngân hàng của mình.","false"
"Tại sao tôi không thể đăng nhập vào ví điện tử bằng số điện thoại của mình?","false"
"Chả hiểu sao lại bị khóa tài khoản game, có ai biết không?","false"
"Đã thanh toán tiền xem phim nhưng vẫn không vào được app, ai giúp tôi với!","false"
"Làm ơn cho tôi biết lý do vì sao không nhận được tin nhắn xác minh cho tài khoản thương mại điện tử?","false"
"Tôi muốn hỏi về hóa đơn của dịch vụ truyền hình cáp, có ai hỗ trợ không?","false"
"Số điện thoại của tôi không nhận mã xác thực để đặt xe, sao vậy?","false"
"Chán thật, không vào được ứng dụng thanh toán, bị lỗi gì đây?","false"
"Tôi cần hỗ trợ về việc không xem được kênh truyền hình mà đã đăng ký.","false"
"Không hiểu sao lại bị trừ tiền từ ví điện tử mà không biết lý do.","false"
"Tôi muốn biết thông tin về gói kênh truyền hình mình đã chọn.","false"
"Nhờ bạn giúp tôi với, tôi không nhận được OTP cho app ngân hàng.","false"
"Có ai gặp vấn đề không đăng nhập vào tài khoản game bằng số điện thoại không?","false"
"App xem phim yêu cầu xác minh số điện thoại nhưng không nhận được tin nhắn.","false"
"Tối qua tôi đã thanh toán cho dịch vụ nhưng vẫn không thấy gì cả.","false"
"Làm sao để lấy lại tài khoản ví điện tử khi bị khóa?","false"
"Tôi quên mật khẩu ứng dụng thanh toán, nhưng không nhận được mã OTP.","false"
"Có ai biết cách khắc phục lỗi không xem được chương trình trên truyền hình không?","false"
"Số điện thoại của tôi không nhận được mã xác thực cho việc đặt đồ ăn.","false"
"Vừa thanh toán qua ví nhưng không thấy tiền vào tài khoản, có sao không?","false"
"Tôi cần hỗ trợ về việc không nhận được hóa đơn của dịch vụ tôi đã đăng ký.","false"
"Làm sao để đổi số điện thoại liên kết với tài khoản ngân hàng?","false"
"Chả hiểu sao không xem được những kênh đã đăng ký trên truyền hình cáp.","false"
"Tôi không nhận được tin nhắn xác nhận khi mua hàng online, phải làm sao?","false"
"App gọi xe yêu cầu gọi xác minh nhưng không nhận được mã xác thực.","false"
"Tôi đã chuyển tiền qua ví điện tử mà vẫn thấy tài khoản chưa cập nhật.","false"
"Không hiểu sao lại bị khóa tài khoản của app thanh toán, ai biết không?","false"
"Tôi cần tìm hiểu lý do bị trừ tiền từ tài khoản game mà không rõ nguyên nhân.","false"
"Có ai gặp lỗi không vào được ứng dụng xem phim không?","false"
"Nhờ bạn giúp tôi kích hoạt lại tài khoản ví điện tử bị khóa.","false"
"Tôi không nhận được mã OTP để xác minh tài khoản thương mại điện tử.","false"
"Chả hiểu sao lại không thể đăng nhập vào app gọi xe, có ai biết không?","false"
"Tại sao tôi không nhận được mã xác thực khi mua vé xem phim?","false"
"Có ai biết vì sao tôi không nhận được hóa đơn từ dịch vụ trực tuyến không?","false"
"Tôi đã thanh toán cho dịch vụ truyền hình nhưng không vào được, sao vậy?","false"
"Nhờ giải đáp giúp tôi, có cách nào lấy mã xác thực cho ví điện tử không?","false"
"Tại sao dịch vụ xem phim không gửi mã xác minh qua số điện thoại của tôi?","false"
"Không nhận được tin nhắn xác thực cho dịch vụ gọi xe, có ai biết lỗi không?","false"
"Tôi muốn hỏi về hóa đơn tháng trước của dịch vụ truyền hình cáp.","false"
"Sao không thể lấy lại mã OTP cho tài khoản ngân hàng của tôi?","false"
"Chả hiểu sao tài khoản game lại không thể đăng nhập được, ai giúp với!","false"
"Tôi đã thanh toán xong nhưng không thấy tiền trong ví điện tử.","false"
"Không nhận được thông báo xác nhận khi mua hàng qua app thương mại điện tử.","false"
"Tôi cần biết lý do không xem được kênh truyền hình mình đã đăng ký.","false"
"Làm sao để lấy lại số điện thoại đã đăng ký trên app gọi xe?","false"
"Có ai gặp phải vấn đề không nhận được mã OTP cho ví điện tử không?","false"
"Chả hiểu sao lại bị khóa tài khoản trong app thanh toán, ai đã gặp chưa?","false"
"Tôi cần hỗ trợ về việc không nhận được tin nhắn xác thực từ dịch vụ.","false"
"Tại sao lại không vào được ứng dụng xem phim sau khi đã thanh toán?","false"
"Số điện thoại của tôi không nhận mã xác minh cho tài khoản ngân hàng, sao vậy?","false"
"Tôi không nhận được hóa đơn từ dịch vụ truyền hình, phải làm sao?","false"
"Giúp tôi với, không thể đăng nhập vào tài khoản game của mình bằng số điện thoại.","false"
"Tôi đã thanh toán cho dịch vụ nhưng không thấy cập nhật trong tài khoản.","false"
"Có ai biết vì sao không nhận được mã xác thực cho app gọi xe không?","false"
"Tôi cần giúp đỡ trong việc lấy mã OTP cho dịch vụ thương mại điện tử.","false"
"Không hiểu sao lại không nhận được thông báo khi đăng ký tài khoản ví điện tử.","false"
"Chả hiểu sao app thanh toán lại không gửi mã xác thực cho tôi.","false"
"Tôi muốn hỏi về dịch vụ xem phim nhưng không vào được ứng dụng, ai biết không?","false"
"Tại sao không nhận được mã xác minh cho dịch vụ gọi xe?","false"
"Không hiểu sao lại không thấy hóa đơn cho dịch vụ truyền hình cáp trong mail.","false"
"Làm sao để khôi phục tài khoản game khi bị khóa mà không nhận được tin nhắn xác nhận?","false"
"Chả hiểu sao không thể sử dụng số điện thoại để đăng nhập vào app ngân hàng.","false"
"Tôi không nhận mã OTP khi cố gắng xác minh tài khoản ví điện tử.","false"
"Đã thanh toán nhưng không thấy tiền trong tài khoản của ứng dụng thương mại điện tử.","false"
"Sao tôi lại không nhận được tin nhắn xác thực khi muốn đặt đồ ăn?","false"
"Tại sao app xem phim yêu cầu xác minh nhưng không gửi mã về số điện thoại?","false"
"Nhờ giúp tôi khắc phục lỗi không xem được kênh trên truyền hình cáp.","false"
"Tôi đã đăng ký nhưng không nhận được thông báo từ dịch vụ gọi xe.","false"
"Có ai có kinh nghiệm về việc không nhận được hóa đơn từ app mua sắm không?","false"
"Chả hiểu sao tài khoản ví điện tử lại bị khóa mà không thông báo trước.","false"
"Tôi cần biết tại sao lại không nhận được mã xác thực cho dịch vụ tôi đã đăng ký.","false"
"Sao lại không thể đăng nhập vào tài khoản game của mình qua số điện thoại?","false"
"Tôi muốn hỏi về việc không nhận được mã OTP cho app ngân hàng, ai biết không?","false"
"Chả hiểu lý do sao lại bị trừ tiền từ tài khoản thương mại điện tử mà không rõ.","false"
"Tôi không nhận được mã xác minh cho dịch vụ thanh toán, có ai biết không?","false"
"Tại sao lại không vào được ứng dụng xem phim mặc dù đã thanh toán?","false"
"Nhờ bạn hỗ trợ, tôi muốn lấy lại tài khoản ví điện tử đã bị khóa.","false"
"Tôi không hiểu sao lại không nhận được thông báo khi mua hàng online.","false"
"Giúp tôi với, không nhận được mã xác thực cho dịch vụ gọi xe.","false"
"Có ai gặp phải tình trạng không xem được kênh truyền hình đã đăng ký không?","false"
"Tôi đã thanh toán cho dịch vụ nhưng không thấy gì trong tài khoản của mình.","false"
"Chả hiểu sao tôi không thể đăng nhập vào tài khoản game bằng số điện thoại.","false"
"Tôi cần hỗ trợ về việc không nhận được mã OTP cho app thanh toán.","false"
"Có ai biết vì sao không nhận được hóa đơn từ dịch vụ truyền hình cáp không?","false"
"Sao lại không nhận được mã xác thực khi xác minh tài khoản ngân hàng?","false"
"Tôi muốn biết cách khắc phục lỗi không xem được chương trình đã đăng ký.","false"
"Nhờ bạn giúp tôi với, không nhận được tin nhắn xác thực cho dịch vụ thương mại điện tử.","false"
"Tại sao lại không thể lấy lại tài khoản ví điện tử đã bị khóa?","false"
"Tôi không hiểu sao lại không nhận mã OTP cho app gọi xe, có ai biết không?","false"
"Chả hiểu sao không thể dùng số điện thoại để đăng nhập vào tài khoản game.","false"
"Tôi đã thanh toán xong nhưng không thấy tiền trong tài khoản của dịch vụ thanh toán.","false"
"Không nhận được mã xác minh cho dịch vụ mua sắm trực tuyến, làm sao vậy?","false"
"Tôi cần biết lý do không nhận được hóa đơn từ dịch vụ truyền hình đã đăng ký.","false"
"Tại sao tôi không nhận được tin nhắn xác nhận khi đặt hàng qua app thương mại điện tử?","false"
"Làm ơn cho tôi hỏi về việc không nhận được mã OTP cho dịch vụ ngân hàng.","false"
"Có ai có cách nào giúp tôi khắc phục lỗi không vào được app xem phim không?","false"
"Nhờ hỗ trợ, tôi không nhận được mã xác thực cho app gọi xe.","false"
"Tôi không hiểu sao lại không nhận được hóa đơn dịch vụ truyền hình cáp trong email.","false"
"Em không nhận được mã OTP để đăng nhập vào tài khoản ngân hàng, anh có biết tại sao không?","false"
"Tại sao số điện thoại của tôi không thể xác minh được trên app thanh toán?","false"
"Chị ơi, em không vào được tài khoản ví điện tử, có cần gửi mã gì không?","false"
"Chả nhẽ mình không thể xem được kênh truyền hình cáp yêu thích vì lỗi gì đó?","false"
"Tôi cần trợ giúp về việc không nhận được mã xác thực vào điện thoại cho app gọi xe.","false"
"Em bị khóa tài khoản game và không biết làm sao để mở lại, có cần gọi số điện thoại không?","false"
"Tại sao hóa đơn của dịch vụ truyền hình cáp lại cao thế, có ai kiểm tra hộ tôi không?","false"
"Giờ tôi không thể đăng nhập vào ứng dụng ngân hàng vì không nhận OTP, phải làm sao?","false"
"Chị có biết vì sao app xem phim bắt mình xác minh số điện thoại nhưng mã không gửi không?","false"
"Mình không thể thanh toán trên ứng dụng này vì không nhận được mã xác thực, ai giúp với!","false"
"Em cần gửi mã OTP cho tài khoản thương mại điện tử nhưng không nhận được, ai biết lý do không?","false"
"Điện thoại của tôi không nhận thông báo từ app đặt đồ ăn, sao gửi mã OTP mà không thấy nhỉ?","false"
"Tôi không thể xem kênh trên truyền hình cáp, có ai biết cách khắc phục không?","false"
"Em đã thử đăng nhập vào ví điện tử nhưng không nhận được mã OTP, giờ phải làm sao?","false"
"Mình cần hỗ trợ về tài khoản game vì không vào được, có cần liên hệ số điện thoại nào không?","false"
"Sao mà hóa đơn tháng này của dịch vụ cáp lại cao quá, ai check giúp mình với!","false"
"Em thắc mắc sao không nhận được mã xác thực số điện thoại cho app thanh toán, ai biết không?","false"
"Tôi đã nhập đúng số điện thoại nhưng không nhận được mã OTP để vào ứng dụng ngân hàng.","false"
"Chị ơi, chị có biết vì sao lại không xem được kênh truyền hình cáp không, em đã thử nhiều lần rồi?","false"
"Số điện thoại của tôi không được sử dụng để xác minh trên app đặt đồ ăn, có cách nào khắc phục không?","false"
"Em đang gặp rắc rối với tài khoản ví điện tử vì mã OTP không gửi về, ai hỗ trợ giúp em được không?","false"
"Đã đăng ký kênh nhưng sao nay không xem được, có ai biết là lỗi gì không nhỉ?","false"
"Tôi không thể nhận mã xác thực để vào tài khoản ngân hàng, bực quá đi!","false"
"Có ai biết tại sao app gọi xe không gửi mã OTP vào số điện thoại đăng ký không?","false"
"Em không nhận được mã xác thực để xác minh số điện thoại trên ứng dụng thanh toán, làm sao đây?","false"
"Sao tháng này hóa đơn truyền hình cáp lại bị tính phí cao vậy, ai biết không?","false"
"Mình không vào được tài khoản game vì không nhận được mã OTP, có cách nào khắc phục không?","false"
"Em không hiểu sao mà không nhận được mã OTP để xác minh tài khoản trên app ngân hàng nữa.","false"
"Có ai gặp lỗi gửi mã xác thực cho app xem phim giống mình không?","false"
"Tôi không thể xác minh số điện thoại cho tài khoản thương mại điện tử, ai biết lý do giúp tôi không?","false"
"Em cần hỗ trợ vì không nhận được mã OTP cho ví điện tử, có ai biết cách nào không?","false"
"Sao không vào được kênh yêu thích trên truyền hình cáp nữa, có ai giúp mình với!","false"
"Không nhận được mã OTP cho ứng dụng ngân hàng, mà mình đã nhập đúng số điện thoại.","false"
"App đặt đồ ăn không gửi mã xác thực cho mình, làm cách nào để nhận được?","false"
"Tại sao mình không nhận được mã OTP khi đăng nhập vào tài khoản game?","false"
"Số điện thoại của tôi không thể xác minh được trên app thanh toán điện tử, ai biết lý do không?","false"
"Em thấy hóa đơn truyền hình cáp đã tăng mà không dùng thêm kênh nào, có ai check hộ không?","false"
"Tôi không tìm thấy mã xác thực cho tài khoản ví điện tử của mình, có cách nào để nhận lại không?","false"
"Chả nhẽ mình không thể xem được phim nào trên app vì không nhận mã xác thực?","false"
"Có ai biết sao không nhận được mã OTP cho dịch vụ ngân hàng không?","false"
"Em bị khóa tài khoản game mà không nhận được mã OTP để mở lại, ai có kinh nghiệm không?","false"
"Chị có biết vì sao lại không thể truy cập vào app đặt đồ ăn mà không nhận mã xác thực không?","false"
"Tại sao hôm nay mình không thể xem được kênh yêu thích trên truyền hình cáp?","false"
"Em không nhận được mã xác thực để đăng nhập vào tài khoản ngân hàng, làm thế nào bây giờ?","false"
"Số điện thoại không xác minh được trên app thanh toán, ai có cách giải quyết không?","false"
"Em thấy hóa đơn của dịch vụ cáp tháng này tăng cao, ai giúp em tìm ra lý do không?","false"
"Mình không nhận được mã xác thực cho tài khoản game, giờ phải làm sao đây?","false"
"Chả nhẽ mình không thể thanh toán trên app vì không nhận được mã OTP?","false"
"Tôi cần hỗ trợ vì không nhận được mã xác thực vào điện thoại cho ví điện tử.","false"
"Sao mà không xem được kênh truyền hình cáp yêu thích nữa, có ai biết lý do không?","false"
"Em không nhận được mã OTP để xác minh tài khoản trên ứng dụng gọi xe, có ai giúp không?","false"
"Điện thoại của em không thể xác minh được cho app thanh toán, có ai từng gặp trường hợp này không?","false"
"Tại sao không nhận được mã xác thực cho tài khoản ngân hàng, bực quá đi!","false"
"Tôi cần hỗ trợ về việc không nhận được mã OTP cho tài khoản game.","false"
"Có ai biết vì sao app đặt đồ ăn lại không gửi mã xác thực vào số điện thoại không?","false"
"Em không thể xem được kênh trên truyền hình cáp, ai giúp mình với!","false"
"Mình cần gửi mã xác thực cho ứng dụng thanh toán nhưng không nhận được, có ai giúp với!","false"
"Số điện thoại của tôi không xác minh được trên app xem phim, ai biết lý do không?","false"
"Em đang gặp rắc rối với tài khoản ngân hàng vì không nhận được mã xác thực, ai biết làm sao không?","false"
"Chị ơi, có cách nào để nhận mã OTP cho ứng dụng gọi xe không?","false"
"Tôi không thể xem kênh trên truyền hình cáp, ai kiểm tra giúp tôi với!","false"
"Mình cần hỗ trợ vì không nhận được mã OTP vào số điện thoại cho ví điện tử, ai giúp không?","false"
"Sao hôm nay không nhận được mã xác thực cho tài khoản game, ai có cách khắc phục không?","false"
"Có ai biết tại sao lại không xác minh được số điện thoại cho app thanh toán không?","false"
"Em không nhận được mã OTP cho ứng dụng ngân hàng, có ai biết cách giải quyết không?","false"
"Chả nhẽ mình không xem được kênh yêu thích trên truyền hình cáp vì lỗi kỹ thuật nào đó?","false"
"Tôi đã nhập đúng số điện thoại nhưng không nhận được mã xác thực cho ví điện tử.","false"
"Em có vấn đề với tài khoản game, không nhận được mã OTP, ai có kinh nghiệm không?","false"
"Tại sao app đặt đồ ăn không gửi mã xác thực vào số điện thoại của tôi nhỉ?","false"
"Sao mà không xem được kênh truyền hình cáp yêu thích nữa, có ai biết lý do không?","false"
"Em không nhận được mã xác thực cho tài khoản ngân hàng, làm sao bây giờ?","false"
"Số điện thoại của tôi không thể xác minh cho app thanh toán, ai biết lý do không?","false"
"Em thấy hóa đơn truyền hình cáp tăng mà không có lý do rõ ràng, có ai kiểm tra giúp không?","false"
"Tôi không nhận được mã OTP cho tài khoản game, giờ phải làm sao?","false"
"Có ai biết sao không nhận được mã OTP cho ứng dụng ngân hàng không?","false"
"Em đang gặp rắc rối khi không nhận được mã xác thực cho ứng dụng gọi xe, có ai giúp không?","false"
"Mình có vấn đề với tài khoản ví điện tử không nhận được mã OTP, ai có kinh nghiệm không?","false"
"Tại sao tháng này mình không thể xem được kênh yêu thích trên truyền hình cáp?","false"
"Em không nhận được mã xác thực để vào ứng dụng ngân hàng, làm gì bây giờ?","false"
"Số điện thoại không xác minh được trên app thanh toán, có ai biết cách giải quyết không?","false"
"Em thấy hóa đơn tháng này của dịch vụ cáp lại cao, ai giúp em tìm ra lý do không?","false"
"Mình không nhận được mã xác thực cho tài khoản game, giờ phải làm sao đây?","false"
"Chả nhẽ tôi không thể thanh toán trên app vì không nhận được mã OTP?","false"
"Tôi cần hỗ trợ vì không nhận được mã xác thực vào điện thoại cho ví điện tử.","false"
"Sao mà không xem được kênh truyền hình cáp yêu thích nữa, có ai biết lý do không?","false"
"Em không nhận được mã OTP để xác minh tài khoản trên ứng dụng gọi xe, có ai giúp không?","false"
"Điện thoại của em không thể xác minh được cho app thanh toán, có ai từng gặp trường hợp này không?","false"
"Tại sao không nhận được mã xác thực cho tài khoản ngân hàng, bực quá đi!","false"
"Tôi cần hỗ trợ về việc không nhận được mã OTP cho tài khoản game.","false"
"Có ai biết vì sao app đặt đồ ăn lại không gửi mã xác thực vào số điện thoại không?","false"
"Em không thể xem được kênh trên truyền hình cáp, ai giúp mình với!","false"
"Mình cần gửi mã xác thực cho ứng dụng thanh toán nhưng không nhận được, có ai giúp với!","false"
"Số điện thoại của tôi không xác minh được trên app xem phim, ai biết lý do không?","false"
"Em đang gặp rắc rối với tài khoản ngân hàng vì không nhận được mã xác thực, ai biết làm sao không?","false"
"Chị ơi, có cách nào để nhận mã OTP cho ứng dụng gọi xe không?","false"
"Tôi không thể xem kênh trên truyền hình cáp, ai kiểm tra giúp tôi với!","false"
"Mình cần hỗ trợ vì không nhận được mã OTP vào số điện thoại cho ví điện tử, ai giúp không?","false"
"Sao hôm nay không nhận được mã xác thực cho tài khoản game, ai có cách khắc phục không?","false"
"Có ai biết tại sao lại không xác minh được số điện thoại cho app thanh toán không?","false"
"Em không nhận được mã OTP cho ứng dụng ngân hàng, có ai biết cách giải quyết không?","false"
"Chả nhẽ mình không xem được kênh yêu thích trên truyền hình cáp vì lỗi kỹ thuật nào đó?","false"
"Tôi đã nhập đúng số điện thoại nhưng không nhận được mã xác thực cho ví điện tử.","false"
"Em có vấn đề với tài khoản game, không nhận được mã OTP, ai có kinh nghiệm không?","false"
"Tại sao app đặt đồ ăn không gửi mã xác thực vào số điện thoại của tôi nhỉ?","false"
"Sao mà không xem được kênh truyền hình cáp yêu thích nữa, có ai biết lý do không?","false"
"Em không nhận được mã xác thực cho tài khoản ngân hàng, làm sao bây giờ?","false"
"Số điện thoại của tôi không thể xác minh cho app thanh toán, ai biết lý do không?","false"
"Em thấy hóa đơn truyền hình cáp tăng mà không có lý do rõ ràng, có ai kiểm tra giúp không?","false"
"Tôi không nhận được mã OTP cho tài khoản game, giờ phải làm sao?","false"
"Có ai biết sao không nhận được mã OTP cho ứng dụng ngân hàng không?","false"
"Em đang gặp rắc rối khi không nhận được mã xác thực cho ứng dụng gọi xe, có ai giúp không?","false"
"Mình có vấn đề với tài khoản ví điện tử không nhận được mã OTP, ai có kinh nghiệm không?","false"
"Tại sao tháng này mình không thể xem được kênh yêu thích trên truyền hình cáp?","false"
"Em không nhận được mã xác thực để vào ứng dụng ngân hàng, làm gì bây giờ?","false"
"Số điện thoại không xác minh được trên app thanh toán, có ai biết cách giải quyết không?","false"
"Em thấy hóa đơn tháng này của dịch vụ cáp lại cao, ai giúp em tìm ra lý do không?","false"
"Mình không nhận được mã xác thực cho tài khoản game, giờ phải làm sao đây?","false"
"Chả nhẽ tôi không thể thanh toán trên app vì không nhận được mã OTP?","false"
"Tôi cần hỗ trợ vì không nhận được mã xác thực vào điện thoại cho ví điện tử.","false"
"Sao mà không xem được kênh truyền hình cáp yêu thích nữa, có ai biết lý do không?","false"
"Em không nhận được mã OTP để xác minh tài khoản trên ứng dụng gọi xe, có ai giúp không?","false"
"Điện thoại của em không thể xác minh được cho app thanh toán, có ai từng gặp trường hợp này không?","false"
"Tại sao không nhận được mã xác thực cho tài khoản ngân hàng, bực quá đi!","false"
"Tôi cần hỗ trợ về việc không nhận được mã OTP cho tài khoản game.","false"
"Có ai biết vì sao app đặt đồ ăn lại không gửi mã xác thực vào số điện thoại không?","false"
"Em không thể xem được kênh trên truyền hình cáp, ai giúp mình với!","false"
"Mình cần gửi mã xác thực cho ứng dụng thanh toán nhưng không nhận được, có ai giúp với!","false"
"Số điện thoại của tôi không xác minh được trên app xem phim, ai biết lý do không?","false"
"Em đang gặp rắc rối với tài khoản ngân hàng vì không nhận được mã xác thực, ai biết làm sao không?","false"
"Chị ơi, có cách nào để nhận mã OTP cho ứng dụng gọi xe không?","false"
"Tôi không thể xem kênh trên truyền hình cáp, ai kiểm tra giúp tôi với!","false"
"Mình cần hỗ trợ vì không nhận được mã OTP vào số điện thoại cho ví điện tử, ai giúp không?","false"
"Sao hôm nay không nhận được mã xác thực cho tài khoản game, ai có cách khắc phục không?","false"
"Có ai biết tại sao lại không xác minh được số điện thoại cho app thanh toán không?","false"
"Em không nhận được mã OTP cho ứng dụng ngân hàng, có ai biết cách giải quyết không?","false"
"Chả nhẽ mình không xem được kênh yêu thích trên truyền hình cáp vì lỗi kỹ thuật nào đó?","false"
"Tôi đã nhập đúng số điện thoại nhưng không nhận được mã xác thực cho ví điện tử.","false"
"Em có vấn đề với tài khoản game, không nhận được mã OTP, ai có kinh nghiệm không?","false"
"Tại sao app đặt đồ ăn không gửi mã xác thực vào số điện thoại của tôi nhỉ?","false"
"Sao mà không xem được kênh truyền hình cáp yêu thích nữa, có ai biết lý do không?","false"
"Em không nhận được mã xác thực cho tài khoản ngân hàng, làm sao bây giờ?","false"
"Số điện thoại của tôi không thể xác minh cho app thanh toán, ai biết lý do không?","false"
"Em thấy hóa đơn truyền hình cáp tăng mà không có lý do rõ ràng, có ai kiểm tra giúp không?","false"
"Tôi không nhận được mã OTP cho tài khoản game, giờ phải làm sao?","false"
"Có ai biết sao không nhận được mã OTP cho ứng dụng ngân hàng không?","false"
"Em đang gặp rắc rối khi không nhận được mã xác thực cho ứng dụng gọi xe, có ai giúp không?","false"
"Mình có vấn đề với tài khoản ví điện tử không nhận được mã OTP, ai có kinh nghiệm không?","false"
"Tại sao tháng này mình không thể xem được kênh yêu thích trên truyền hình cáp?","false"
"Em không nhận được mã xác thực để vào ứng dụng ngân hàng, làm gì bây giờ?","false"
"Số điện thoại không xác minh được trên app thanh toán, có ai biết cách giải quyết không?","false"
"Em thấy hóa đơn tháng này của dịch vụ cáp lại cao, ai giúp em tìm ra lý do không?","false"
"Mình không nhận được mã xác thực cho tài khoản game, giờ phải làm sao đây?","false"
"Chả nhẽ tôi không thể thanh toán trên app vì không nhận được mã OTP?","false"
"Tôi cần hỗ trợ vì không nhận được mã xác thực vào điện thoại cho ví điện tử.","false"
"Chào bạn, tôi không nhận được OTP để đăng nhập vào ứng dụng ngân hàng.","false"
"Giúp tôi với, thẻ tín dụng của tôi bị trừ tiền không rõ lý do.","false"
"Tôi không thể xem các kênh trên truyền hình cáp của mình, bạn giúp tôi với!","false"
"Số điện thoại của tôi bị khóa trên ứng dụng gọi xe, làm thế nào để mở lại?","false"
"Vấn đề của tôi là không nhận được mã xác thực qua số điện thoại cho tài khoản game.","false"
"Trời ơi, sao mà phí dịch vụ tháng này trên app thanh toán lại cao thế!","false"
"Cho tôi hỏi làm sao để đổi số điện thoại đăng nhập vào ví điện tử?","false"
"Tôi không thể truy cập vào tài khoản mình trên trang thương mại điện tử, bạn giúp tôi.","false"
"Hóa đơn tháng trước của dịch vụ truyền hình internet không đúng, có ai kiểm tra giúp không?","false"
"Sao mà tôi đăng nhập vào app xem phim lại yêu cầu gửi mã OTP qua số điện thoại nhỉ?","false"
"Tôi cần hỗ trợ vì không thể thay đổi thông tin số điện thoại trên tài khoản ngân hàng.","false"
"Tháng này bị trừ phí dịch vụ không rõ nguyên nhân từ app đặt đồ ăn, ai giải thích giúp?","false"
"Vừa mới nhận thông báo tài khoản game của tôi bị khóa, làm sao để mở lại?","false"
"Tôi cần xem lại lịch sử giao dịch trên ví điện tử, nhưng không nhận được mã xác thực.","false"
"Chả nhẽ phí đăng ký tháng này của truyền hình cáp lại cao hơn bình thường?","false"
"Đã gửi mã OTP qua số điện thoại nhưng tôi vẫn không vào được tài khoản ngân hàng.","false"
"Giúp tôi kiểm tra hóa đơn từ dịch vụ truyền hình internet, nó không hợp lệ!","false"
"App gọi xe kêu không tìm thấy số điện thoại của tôi, làm sao để sửa lại?","false"
"Tôi không thể xem được phim trên app này, có ai biết lỗi gì không?","false"
"Vừa nhận được thông báo trừ tiền từ ví điện tử nhưng không biết lý do.","false"
"Làm ơn kiểm tra giúp tôi số điện thoại dùng cho tài khoản game bị khóa nhé!","false"
"Trên ứng dụng ngân hàng, tôi không thấy giao dịch gần đây của mình, ai biết không?","false"
"Tôi không nhận được mã OTP để đăng nhập vào dịch vụ truyền hình cáp.","false"
"Phí dịch vụ tháng này trên app thanh toán sao lại tăng cao thế nhỉ?","false"
"Đã gửi mã xác thực qua số điện thoại mà tôi vẫn không thể vào ứng dụng gọi xe.","false"
"Mình không thể đăng nhập vào tài khoản thương mại điện tử, có giúp được không?","false"
"Tháng này bị trừ phí sai cho dịch vụ xem phim, ai biết hỗ trợ tôi với!","false"
"Tại sao tôi không nhận được mã xác minh cho tài khoản ví điện tử?","false"
"Chả nhẽ số điện thoại của tôi bị khóa trên app đặt đồ ăn, ai giúp tôi mở lại?","false"
"Tôi bị trừ tiền không rõ lý do từ dịch vụ truyền hình cáp, hỗ trợ tôi với!","false"
"Sao mà không nhận được mã OTP cho tài khoản ngân hàng nhỉ?","false"
"Khi nào tôi mới có thể đổi số điện thoại trên ứng dụng gọi xe?","false"
"Tôi không thể xem được kênh nào trên truyền hình internet, cần hỗ trợ.","false"
"Cho tôi hỏi tại sao không nhận được mã xác thực qua số điện thoại cho app này?","false"
"Thực sự là phí dịch vụ trên app thanh toán này không rõ ràng chút nào.","false"
"Có ai biết cách khôi phục tài khoản game nếu bị khóa số điện thoại không?","false"
"Sao mà không xem được kênh yêu thích trên truyền hình cáp vậy?","false"
"Tôi cần kiểm tra hóa đơn của dịch vụ xem phim tháng này nhưng không vào được tài khoản.","false"
"Vấn đề là tôi không nhận được mã OTP vào số điện thoại để xác nhận thanh toán.","false"
"Tháng này sao mà phí dịch vụ của ví điện tử lại cao hơn mọi khi?","false"
"Đã yêu cầu gửi mã xác minh nhưng tôi vẫn chưa nhận được gì cả.","false"
"Tôi không thể đăng nhập vào tài khoản ngân hàng, có ai giúp tôi không?","false"
"Sao thông báo trừ tiền từ dịch vụ truyền hình lại không rõ ràng vậy?","false"
"Trên app gọi xe, số điện thoại của tôi không được nhận diện, cần hỗ trợ.","false"
"Số điện thoại dùng cho tài khoản game của tôi không nhận được mã xác thực, sao vậy?","false"
"Tôi không thấy giao dịch nào trong ứng dụng ngân hàng, ai biết vì sao không?","false"
"Đã gửi mã OTP qua số điện thoại nhưng vẫn không vào được tài khoản ví điện tử.","false"
"Giúp tôi với, tôi không thể đăng nhập vào app xem phim vì yêu cầu mã xác thực.","false"
"Sao phí dịch vụ tháng này trên truyền hình cáp lại báo không đúng nhỉ?","false"
"Tôi không nhận được mã xác thực cho tài khoản thương mại điện tử, làm sao đây?","false"
"Đã có thông báo trừ tiền từ app gọi xe nhưng tôi không sử dụng dịch vụ gì cả!","false"
"Tôi không thể truy cập vào tài khoản trên ví điện tử, có ai giúp không?","false"
"Sao mà không nhận được mã OTP cho tôi đăng nhập vào app ngân hàng nhỉ?","false"
"Tháng này tôi bị trừ phí không rõ nguyên nhân từ dịch vụ truyền hình internet.","false"
"Có thể cho tôi biết cách khắc phục lỗi không nhận được mã xác minh qua số điện thoại không?","false"
"Chả nhẽ tôi phải trả phí cao cho dịch vụ xem phim mà lại không xem được?","false"
"Tôi cần hỗ trợ vì tài khoản game của tôi bị khóa và không nhận được mã OTP.","false"
"Tháng này sao mà hóa đơn từ app thanh toán lại cao vậy nhỉ?","false"
"Trên ứng dụng gọi xe, có ai biết cách khôi phục số điện thoại không?","false"
"Đã yêu cầu gửi mã OTP cho tài khoản ngân hàng nhưng không thấy gì cả!","false"
"Sao mà không vào được tài khoản trên dịch vụ truyền hình cáp vậy nhỉ?","false"
"Gửi mã xác thực qua số điện thoại mà sao tôi không nhận được gì cả?","false"
"Tôi không hiểu sao phí dịch vụ tháng này của ví điện tử lại tăng lên như vậy?","false"
"Sao mà không xem được kênh nào trên truyền hình internet, ai biết không?","false"
"Trên app thanh toán, tôi bị trừ tiền mà không có thông báo gì.","false"
"Tôi không nhận được mã OTP vào số điện thoại để xác minh tài khoản game.","false"
"Có cách nào để khôi phục tài khoản ngân hàng không, tôi không vào được.","false"
"Tại sao mà hóa đơn từ dịch vụ xem phim lại không đúng như mọi tháng?","false"
"Sao mà không gửi được mã xác thực qua số điện thoại cho tôi nhỉ?","false"
"Tôi cần hỗ trợ vì không thể truy cập vào tài khoản trên ứng dụng gọi xe.","false"
"Đã nhận được thông báo trừ tiền từ ví điện tử nhưng không biết do đâu.","false"
"Ghi chú tháng này của dịch vụ truyền hình cáp sao lại không đúng nhỉ?","false"
"Giúp tôi với, tài khoản ngân hàng của tôi không nhận được mã OTP để đăng nhập.","false"
"Trên app thanh toán, tôi không thấy lịch sử giao dịch của tháng này.","false"
"Tôi không thể xem được các kênh yêu thích trên truyền hình internet, ai biết không?","false"
"Sao mà không nhận được mã xác thực cho tài khoản game của tôi vậy?","false"
"Tôi bị trừ tiền không rõ lý do từ dịch vụ xem phim, ai giúp tôi với!","false"
"Số điện thoại của tôi không được xác minh khi sử dụng ứng dụng ngân hàng, sao vậy?","false"
"Tại sao mà không thể đăng nhập vào tài khoản trên dịch vụ truyền hình cáp?","false"
"Đã gửi mã OTP qua số điện thoại nhưng tôi vẫn không vào được tài khoản ví điện tử.","false"
"Sao mà phí dịch vụ tháng này từ app gọi xe lại cao như vậy?","false"
"Tôi cần hỗ trợ vì tài khoản game của tôi không vào được, có ai biết không?","false"
"Giúp tôi xem lại hóa đơn dịch vụ xem phim tháng này, có vẻ không hợp lý.","false"
"Tháng này sao mà bị trừ tiền từ ví điện tử mà không rõ lý do vậy?","false"
"Trên ứng dụng ngân hàng, sao không nhận được mã xác thực qua số điện thoại nhỉ?","false"
"Tôi không thể đăng nhập vào tài khoản thương mại điện tử của mình, làm sao đây?","false"
"Đã yêu cầu gửi mã xác minh nhưng mà tôi vẫn không nhận được gì cả!","false"
"Trên app thanh toán không thấy giao dịch nào, có ai giúp tôi không?","false"
"Sao mà không xem được kênh nào trên dịch vụ truyền hình cáp, cần hỗ trợ!","false"
"Ghi chú hóa đơn dịch vụ tháng này sao lại không rõ ràng vậy nhỉ?","false"
"Tôi không nhận được mã OTP cho tài khoản ngân hàng, làm sao giải quyết?","false"
"Tài khoản game của tôi bị khóa và không thể sử dụng số điện thoại để lấy mã xác thực.","false"
"Trên dịch vụ xem phim, tôi không thể vào tài khoản của mình, ai giúp không?","false"
"Đã nhận thông báo trừ tiền từ dịch vụ truyền hình mà không biết lý do.","false"
"Tôi không thể đăng nhập vào tài khoản ngân hàng, có ai biết cách khắc phục không?","false"
"Sao mà phí dịch vụ tháng này từ app gọi xe lại tăng như vậy?","false"
"Tôi không nhận được mã xác thực vào số điện thoại cho tài khoản thương mại điện tử.","false"
"Tôi cần hỗ trợ vì không thể truy cập vào tài khoản ví điện tử, có ai biết không?","false"
"Giúp tôi với, tôi không thể đổi số điện thoại đăng nhập vào ứng dụng ngân hàng được.","false"
"Tại sao mà không xem được kênh nào trên truyền hình internet vậy nhỉ?","false"
"Đã gửi mã OTP qua số điện thoại nhưng không vào được tài khoản game.","false"
"Tháng này sao mà hóa đơn từ dịch vụ xem phim lại không đúng như dự kiến?","false"
"Có ai biết làm sao để khôi phục tài khoản ngân hàng không, tôi không vào được.","false"
"Sao mà không nhận được mã xác thực cho tài khoản trên app thanh toán nhỉ?","false"
"Trên dịch vụ truyền hình cáp, tôi không thấy kênh nào mình đã đăng ký.","false"
"Tôi không thể đăng nhập vào tài khoản thương mại điện tử, có ai biết giúp không?","false"
"Trong app gọi xe, số điện thoại của tôi không được nhận diện, cần hỗ trợ.","false"
"Chào bạn, mình không nhận được mã OTP để đăng nhập vào ví điện tử.","false"
"Tại sao tài khoản ngân hàng của mình bị khóa, mình đã thử đổi mật khẩu nhưng không được.","false"
"Mình không xem được kênh nào trên truyền hình cáp, có ai biết cách khắc phục không?","false"
"Ứng dụng gọi xe không cho mình đặt xe, có ai gặp tình trạng giống vậy không?","false"
"Mình đã bị trừ tiền từ tài khoản game nhưng không thấy quà gì cả, ai biết lí do không?","false"
"Không nhận được mã xác thực gửi đến số điện thoại của mình cho app thanh toán.","false"
"Hóa đơn của truyền hình internet tháng này sao lại cao hơn tháng trước, ai có biết không?","false"
"Tôi không thể đăng nhập vào tài khoản thương mại điện tử của mình, có ai giúp được không?","false"
"Sao mình không xem được phim trên app này, có ai biết tại sao không?","false"
"Không nhận được thông báo gì từ tài khoản mạng xã hội, có cách nào khắc phục không?","false"
"Giúp mình với, mình không thể thanh toán qua ví điện tử, mã OTP không về.","false"
"Mình đã thử reset mật khẩu tài khoản game nhưng không nhận được mã xác minh.","false"
"Tại sao mình không thể xem kênh truyền hình hôm nay, mạng vẫn bình thường mà?","false"
"Có ai biết cách mở khóa tài khoản ngân hàng bị khóa không? Mình cần gấp!","false"
"Mình bị trừ tiền khi đặt đồ ăn nhưng đồ không đến, ai biết phải làm sao không?","false"
"App xem phim yêu cầu xác minh số điện thoại nhưng mình không nhận được mã xác thực.","false"
"Tại sao tài khoản mình bị trừ phí dịch vụ thanh toán mà không thấy thông báo gì?","false"
"Có ai đã từng gặp lỗi không đăng nhập được vào app gọi xe chưa, giúp mình với?","false"
"Mình không thể kết nối với tài khoản ngân hàng để rút tiền từ ví điện tử, có ai biết tại sao không?","false"
"Làm ơn giúp mình, không thể xem được chương trình yêu thích trên TV, có ai biết không?","false"
"Số điện thoại của mình bị khóa trên app thanh toán, làm cách nào để mở lại?","false"
"Mình đã thử nhiều lần nhưng không nhận được mã OTP cho tài khoản game.","false"
"Hóa đơn tháng này của truyền hình cáp sao lại không đúng vậy, có ai có kinh nghiệm không?","false"
"Ứng dụng đặt đồ ăn không cho mình thanh toán bằng ví điện tử, có ai biết lý do không?","false"
"Có cách nào mở khóa tài khoản mạng xã hội không, mình không vào được nữa?","false"
"Gói dịch vụ truyền hình cáp của mình có kênh nào bị lỗi không, xem không được?","false"
"Mình có bị mất tiền trong tài khoản ví điện tử mà không rõ nguyên nhân không?","false"
"Tại sao không nhận được thông báo từ tài khoản ngân hàng qua SMS như trước?","false"
"Có ai biết cách khắc phục khi không xem được kênh trên truyền hình không?","false"
"App thanh toán không gửi mã xác thực vào số điện thoại của mình, làm sao đây?","false"
"Tại sao mình không thể đăng nhập vào tài khoản thương mại điện tử hôm nay?","false"
"Ai đó giúp mình với, tại sao mình không được xác thực tài khoản ngân hàng?","false"
"Mình đã nạp tiền vào tài khoản game nhưng không thấy số dư tăng lên, ai biết không?","false"
"Số điện thoại dùng để đăng nhập vào app không nhận được mã xác thực, giúp mình với!","false"
"Làm ơn hãy giúp tôi với, không nhận được thông báo giao dịch từ ví điện tử!","false"
"Tại sao không thể kết nối với tài khoản ngân hàng qua ứng dụng trên điện thoại?","false"
"Có ai bị trừ tiền khi đặt đồ ăn nhưng không nhận được gì không?","false"
"Không nhận được mã OTP khi đăng nhập vào tài khoản truyền hình cáp, có ai biết gì không?","false"
"App xem phim tự dưng không cho mình xem, có ai gặp vấn đề tương tự không?","false"
"Mình không tìm thấy cách để mở khóa tài khoản ngân hàng, có ai biết không?","false"
"Giúp mình với, không thấy thông báo từ app thanh toán trong 2 ngày rồi.","false"
"Tại sao mình không thể xem chương trình yêu thích trên truyền hình tối nay?","false"
"Mình đã bị trừ tiền từ tài khoản ví điện tử nhưng không thấy giao dịch nào.","false"
"Có ai biết cách xử lý khi không thể đăng nhập vào app đặt đồ ăn không?","false"
"Tại sao hóa đơn của dịch vụ truyền hình cáp tháng này lại cao hơn tháng trước?","false"
"Ứng dụng ngân hàng không gửi mã xác minh, làm sao để vào tài khoản bây giờ?","false"
"Giúp mình với, không nhận được mã OTP cho tài khoản game của mình!","false"
"Tại sao không thể thanh toán qua ví điện tử, mã xác thực không về?","false"
"Có ai đã từng gặp lỗi không xem được kênh yêu thích trên truyền hình chưa?","false"
"Số điện thoại của mình không nhận được mã xác thực khi đăng nhập vào app ngân hàng.","false"
"Mình bị trừ tiền khi không đặt hàng qua app đặt đồ ăn, có ai biết không?","false"
"Không nhận được thông báo từ tài khoản mạng xã hội, ai có cách khắc phục không?","false"
"Tại sao tài khoản ngân hàng của tôi bị khóa mà không có thông báo gì?","false"
"Có ai giúp mình với, không nhận được mã xác thực trong app thanh toán?","false"
"Giúp mình với, truyền hình cáp không hiện kênh nào cả, ai biết tại sao không?","false"
"Mình không thể xem được phim trên app, có ai biết lý do không nhỉ?","false"
"Tại sao hóa đơn app ngân hàng tháng này lại cao hơn tháng trước vậy?","false"
"Mình không nhận được thông báo giao dịch từ ví điện tử, làm sao đây?","false"
"Ứng dụng gọi xe tự dưng không cho mình đặt, có ai biết làm sao không?","false"
"Sao số điện thoại của mình không nhận được mã OTP khi đăng nhập vào tài khoản game?","false"
"Có cách nào mở khóa tài khoản ngân hàng không, mình không vào được nữa?","false"
"Tại sao không thể đăng nhập vào tài khoản thương mại điện tử hôm nay?","false"
"Mình không thể xem được kênh truyền hình yêu thích, có ai biết lý do không?","false"
"Không nhận được mã xác thực khi đăng nhập vào app thanh toán, có cách nào không?","false"
"Tại sao tài khoản mình bị trừ phí dịch vụ mà không thấy thông báo gì?","false"
"Số điện thoại dùng để vào tài khoản ngân hàng không nhận được mã OTP, ai biết không?","false"
"Mình đã thử nhiều lần nhưng không nhận được mã xác minh cho tài khoản game.","false"
"Có ai gặp lỗi không đăng nhập được vào app đặt đồ ăn chưa, giúp mình với!","false"
"App xem phim yêu cầu xác minh số điện thoại nhưng mình không nhận được mã xác thực.","false"
"Giúp mình với, không nhận được thông báo từ tài khoản ngân hàng qua SMS như trước.","false"
"Chào bạn, mình không nhận được mã OTP để đăng nhập vào ví điện tử.","false"
"Tại sao tài khoản ngân hàng của mình bị khóa, mình đã thử đổi mật khẩu nhưng không được.","false"
"Mình không xem được kênh nào trên truyền hình cáp, có ai biết cách khắc phục không?","false"
"Ứng dụng gọi xe không cho mình đặt xe, có ai gặp tình trạng giống vậy không?","false"
"Mình đã bị trừ tiền từ tài khoản game nhưng không thấy quà gì cả, ai biết lí do không?","false"
"Không nhận được mã xác thực gửi đến số điện thoại của mình cho app thanh toán.","false"
"Hóa đơn của truyền hình internet tháng này sao lại cao hơn tháng trước, ai có biết không?","false"
"Tôi không thể đăng nhập vào tài khoản thương mại điện tử của mình, có ai giúp được không?","false"
"Sao mình không xem được phim trên app này, có ai biết tại sao không?","false"
"Giúp mình với, mình không thể thanh toán qua ví điện tử, mã OTP không về.","false"
"Mình đã thử reset mật khẩu tài khoản game nhưng không nhận được mã xác minh.","false"
"Tại sao không nhận được thông báo gì từ tài khoản mạng xã hội, có cách nào khắc phục không?","false"
"Giúp mình với, truyền hình cáp không hiện kênh nào cả, ai biết tại sao không?","false"
"Mình không tìm thấy cách để mở khóa tài khoản ngân hàng, có ai biết không?","false"
"Tại sao không thể thanh toán qua ví điện tử, mã xác thực không về?","false"
"Có ai đã từng gặp lỗi không xem được kênh yêu thích trên truyền hình chưa?","false"
"Số điện thoại của mình không nhận được mã xác thực khi đăng nhập vào app ngân hàng.","false"
"Mình bị trừ tiền khi không đặt hàng qua app đặt đồ ăn, có ai biết không?","false"
"Không nhận được thông báo từ tài khoản mạng xã hội, ai có cách khắc phục không?","false"
"Tại sao tài khoản ngân hàng của tôi bị khóa mà không có thông báo gì?","false"
"Có ai giúp mình với, không nhận được mã xác thực trong app thanh toán?","false"
"Mình không thể xem được kênh truyền hình yêu thích, có ai biết lý do không?","false"
"Giúp mình với, không nhận được mã OTP cho tài khoản game của mình!","false"
"Tại sao không thể kết nối với tài khoản ngân hàng qua ứng dụng trên điện thoại?","false"
"Có ai bị trừ tiền khi đặt đồ ăn nhưng không nhận được gì không?","false"
"Không nhận được mã OTP khi đăng nhập vào tài khoản truyền hình cáp, có ai biết gì không?","false"
"App xem phim tự dưng không cho mình xem, có ai gặp vấn đề tương tự không?","false"
"Mình không tìm thấy cách để mở khóa tài khoản ngân hàng, có ai biết không?","false"
"Giúp mình với, không nhận được thông báo từ ví điện tử trong 2 ngày rồi.","false"
"Tại sao mình không thể xem chương trình yêu thích trên truyền hình tối nay?","false"
"Mình đã bị trừ tiền từ tài khoản ví điện tử nhưng không thấy giao dịch nào.","false"
"Có ai biết cách xử lý khi không thể đăng nhập vào app đặt đồ ăn không?","false"
"Tại sao hóa đơn app ngân hàng tháng này lại cao hơn tháng trước vậy?","false"
"Mình không nhận được thông báo giao dịch từ ví điện tử, làm sao đây?","false"
"Ứng dụng gọi xe tự dưng không cho mình đặt, có ai biết làm sao không?","false"
"Sao số điện thoại của mình không nhận được mã OTP khi đăng nhập vào tài khoản game?","false"
"Có cách nào mở khóa tài khoản ngân hàng không, mình không vào được nữa?","false"
"Tại sao không thể đăng nhập vào tài khoản thương mại điện tử hôm nay?","false"
"Giúp mình với, không nhận được mã xác thực khi đăng nhập vào app thanh toán!","false"
"Tại sao hóa đơn tháng này của dịch vụ truyền hình cáp lại cao hơn tháng trước?","false"
"Không nhận được mã OTP cho app ngân hàng của mình","false"
"Làm ơn kiểm tra tài khoản ví điện tử của tôi, tôi không thể đăng nhập được","false"
"Tại sao tôi không xem được kênh truyền hình mà tôi đã đăng ký?","false"
"Tôi đã bị trừ tiền từ tài khoản game nhưng không thấy dịch vụ gì cả","false"
"App đặt đồ ăn yêu cầu xác minh số điện thoại nhưng tôi không nhận được mã xác thực","false"
"Xin lỗi, tôi không thể vào tài khoản của mình trên mạng xã hội, có vấn đề gì không?","false"
"Tôi cần hỗ trợ về việc không nhận được hóa đơn truyền hình cáp","false"
"Không truy cập được vào ứng dụng thanh toán, có ai biết lỗi này không?","false"
"Điện thoại của tôi không nhận được OTP từ app mua sắm trực tuyến","false"
"Tại sao tôi phải nhập số điện thoại để xem phim mà không nhận được mã xác thực?","false"
"Khóa tài khoản ví điện tử của tôi, làm cách nào để khôi phục?","false"
"Ngày hôm qua tôi có giao dịch nhưng không thấy tiền về tài khoản ngân hàng","false"
"Tôi cần biết về phí dịch vụ của gói truyền hình mà tôi đã đăng ký","false"
"Không thể đăng nhập vào app gọi xe, nó yêu cầu mã OTP nhưng tôi không nhận được","false"
"Truyền hình cáp của tôi báo lỗi không xem được, tôi đã thử khởi động lại nhưng không được","false"
"App xem phim mà tôi đang dùng thì yêu cầu xác minh số điện thoại","false"
"Tại sao ví điện tử của tôi bị khóa, tôi không nhớ đã làm gì sai?","false"
"Không nhận được mã xác thực khi đăng nhập vào ứng dụng tài chính","false"
"Tôi không tìm thấy giao dịch của mình trên ứng dụng mua sắm, có ai biết không?","false"
"Điện thoại của tôi không nhận được SMS xác nhận từ app ngân hàng","false"
"Khóa tài khoản game của tôi khiến tôi không thể chơi, phải làm sao đây?","false"
"Xin hãy kiểm tra giúp tôi về việc không nhận được hóa đơn của dịch vụ truyền hình","false"
"Tại sao tôi không nhận được OTP để xác thực trên app thanh toán?","false"
"Tôi không thể xem được các kênh truyền hình đã đăng ký, có lỗi gì không?","false"
"App gọi xe yêu cầu số điện thoại nhưng tôi không nhận được mã xác thực","false"
"Đã trừ tiền trong ví điện tử nhưng không thấy giao dịch nào cả","false"
"Làm ơn giúp tôi khôi phục tài khoản ví điện tử, tôi bị khóa tài khoản","false"
"Không nhận được mã OTP để xác thực tài khoản trên mạng xã hội","false"
"Tôi không thể truy cập vào dịch vụ truyền hình, có ai bị giống tôi không?","false"
"Tại sao không thấy thông báo giao dịch trên ứng dụng ngân hàng?","false"
"Tôi không thể xác nhận tài khoản game của mình qua số điện thoại","false"
"Truyền hình cáp của tôi không có tín hiệu, phải làm sao để sửa?","false"
"Tôi phát hiện mình bị trừ tiền mà không có lý do từ app thanh toán","false"
"App xem phim yêu cầu xác minh điện thoại nhưng tôi không nhận được mã","false"
"Không nhận được thông báo từ app giao hàng, có ai biết không?","false"
"Tôi không hiểu vì sao tài khoản ngân hàng của mình không thể kết nối với app này?","false"
"Truyền hình cáp báo lỗi không thể xem kênh nào cả, làm gì bây giờ?","false"
"Không nhận được mã xác thực qua SMS cho app mua sắm","false"
"Vui lòng kiểm tra tài khoản ví điện tử của tôi, tôi không thể thực hiện giao dịch","false"
"Tôi không thể đăng nhập vào ứng dụng gọi xe, mã OTP không gửi về","false"
"App ngân hàng không cho tôi truy cập, phải làm sao để kiểm tra?","false"
"Tại sao hóa đơn truyền hình của tôi lại không xuất hiện trong tài khoản?","false"
"Điện thoại tôi không nhận được mã xác thực cho ví điện tử","false"
"Tôi bị khóa tài khoản game, làm ơn giúp tôi khôi phục lại","false"
"Không xem được các kênh truyền hình trong gói cước của mình","false"
"Có ai biết cách khắc phục lỗi không nhận được mã OTP từ ứng dụng không?","false"
"Tại sao app thanh toán không cho tôi xác nhận giao dịch?","false"
"Truyền hình cáp nhà tôi không hoạt động, chẳng biết lỗi gì","false"
"Tôi không thể mua sắm trên app vì không nhận được mã xác thực","false"
"Vì sao ví điện tử của tôi bị khóa mà không có thông báo gì?","false"
"Không nhận được SMS xác nhận cho giao dịch mua sắm của tôi","false"
"Tôi không thể đăng nhập vào tài khoản trên dịch vụ truyền hình của mình","false"
"App gọi xe yêu cầu xác minh số điện thoại nhưng không nhận được mã","false"
"Không thấy hóa đơn của dịch vụ truyền hình mà tôi đã đăng ký","false"
"Tôi không hiểu sao mình không thể vào tài khoản trên app ngân hàng","false"
"Khóa tài khoản ví điện tử khiến tôi không thể chuyển tiền cho bạn bè","false"
"Truyền hình cáp không hoạt động, có ai biết cách khắc phục không?","false"
"Tôi không nhận được mã OTP cho dịch vụ app giao hàng","false"
"Không thể xem kênh nào trên truyền hình cáp của tôi","false"
"Tại sao tôi không thể xác thực tài khoản game của mình?","false"
"App thanh toán yêu cầu mã xác thực nhưng tôi không nhận được","false"
"Tôi phát hiện mình bị trừ tiền từ tài khoản nhưng không có lý do rõ ràng","false"
"Không nhận được mã OTP khi đăng nhập vào ứng dụng ngân hàng","false"
"Vui lòng kiểm tra giúp tôi về tài khoản ví điện tử, tôi không thể truy cập","false"
"Truyền hình cáp của tôi không nhận được tín hiệu, có gì sai không?","false"
"Tôi không thể xem phim trên app yêu cầu xác minh số điện thoại","false"
"Điện thoại của tôi không nhận được mã xác thực từ app thanh toán","false"
"Tại sao tôi không nhận được thông báo từ ứng dụng gọi xe?","false"
"Tôi cần giúp đỡ vì tài khoản ngân hàng của tôi bị khóa","false"
"Không ai trả lời cho tôi về vấn đề không nhận được hóa đơn truyền hình","false"
"Tôi không thể vào được app xem phim, có vấn đề gì không?","false"
"Xin hãy kiểm tra tài khoản ví điện tử của tôi, nó báo lỗi không truy cập","false"
"Điện thoại tôi không nhận được mã xác nhận cho app giao hàng","false"
"Tại sao không thấy thông báo giao dịch trên app ngân hàng của tôi?","false"
"Tôi không thể xem được kênh truyền hình trong gói của tôi","false"
"Không nhận được SMS xác minh cho tài khoản game của tôi","false"
"Tôi không thể đăng nhập vào ứng dụng thanh toán, mã OTP không gửi về","false"
"Truyền hình cáp của tôi báo lỗi không xem được, làm sao để sửa?","false"
"Tôi không thể xác thực tài khoản mạng xã hội của mình qua số điện thoại","false"
"Tại sao ví điện tử của tôi bị khóa mà không có lý do?","false"
"Không nhận được mã xác thực qua SMS cho app mua sắm trực tuyến","false"
"App gọi xe yêu cầu xác minh số điện thoại nhưng tôi không nhận được mã xác thực","false"
"Tôi không thể xem được các kênh truyền hình đã đăng ký, có lỗi gì không?","false"
"Không thấy thông báo từ app ngân hàng, ai biết lỗi này không?","false"
"Điện thoại của tôi không nhận được mã OTP từ app thanh toán","false"
"Tại sao tôi không thể đăng nhập vào tài khoản game của mình?","false"
"Truyền hình cáp không hoạt động, có ai biết cách sửa không?","false"
"Tôi không nhận được mã OTP cho app giao hàng của mình","false"
"Khóa tài khoản ví điện tử của tôi khiến tôi không thể thanh toán","false"
"Nếu không nhận được mã xác thực thì phải làm sao để vào app ngân hàng?","false"
"Tại sao không thấy hóa đơn của dịch vụ truyền hình mà tôi đã đăng ký?","false"
"App xem phim yêu cầu xác minh số điện thoại nhưng tôi không nhận được mã xác thực","false"
"Tôi cần hỗ trợ vì tôi không thể vào tài khoản ví điện tử của mình","false"
"Điện thoại của tôi không nhận được mã xác thực cho app mua sắm","false"
"Tại sao không thấy thông báo giao dịch cho tài khoản ngân hàng của mình?","false"
"Tôi không thể xem được kênh nào trên truyền hình cáp","false"
"Không nhận được SMS xác nhận cho giao dịch trên app thanh toán","false"
"Tôi không thể đăng nhập vào ứng dụng gọi xe, mã OTP không gửi về","false"
"Truyền hình cáp báo lỗi không thể xem được kênh nào cả, làm gì bây giờ?","false"
"Tôi không nhận được mã OTP cho xác minh tài khoản game của mình","false"
"Không nhận được mã xác thực cho tài khoản trên mạng xã hội","false"
"Tại sao app thanh toán không cho tôi xác nhận giao dịch?","false"
"Truyền hình cáp nhà tôi không hoạt động, chẳng biết lỗi gì","false"
"Tôi cần khắc phục lỗi không nhận được mã OTP cho app ngân hàng","false"
"Tại sao hóa đơn truyền hình của tôi lại không xuất hiện trong tài khoản?","false"
"Không thể nhận được mã OTP cho dịch vụ giao hàng của tôi","false"
"Khi nào mới nhận được mã xác thực cho app thanh toán?","false"
"Tôi không thể vào được tài khoản trên dịch vụ truyền hình của mình","false"
"App xem phim yêu cầu xác minh số điện thoại nhưng không nhận được mã xác thực","false"
"Điện thoại của tôi không nhận được mã xác nhận cho ví điện tử","false"
"Tại sao tôi không nhận được thông báo từ ứng dụng gọi xe?","false"
"Tôi cần giúp đỡ vì tài khoản ngân hàng của tôi bị khóa","false"
"Không ai trả lời cho tôi về vấn đề không nhận được hóa đơn truyền hình","false"
"Tôi không thể vào được app xem phim, có vấn đề gì không?","false"
"Chẳng hiểu sao mà hôm nay không nhận được mã OTP từ app ngân hàng nữa","false"
"Kiểm tra giúp mình cái tài khoản ví điện tử nhé, sao thấy bị trừ tiền mà không biết vì sao","false"
"Tại sao tôi không đăng nhập được vào tài khoản game của mình, có cần số điện thoại xác minh gì không?","false"
"App gọi xe của mình không nhận được thông báo gì cả, có bị lỗi gì không?","false"
"Mình đã thanh toán tiền truyền hình cáp nhưng không thấy cập nhật, phải làm sao đây?","false"
"Không nhận được SMS xác nhận từ dịch vụ đặt đồ ăn, giúp mình kiểm tra với!","false"
"Sao hôm nay mình không thể xem được kênh truyền hình yêu thích, có ai gặp lỗi giống mình không?","false"
"Mọi người có biết app xem phim này yêu cầu xác minh số điện thoại không?","false"
"Tháng này hóa đơn từ dịch vụ internet không thấy hiển thị, kiểm tra giúp mình với!","false"
"Ứng dụng mạng xã hội tự dưng báo lỗi khi đăng nhập bằng số điện thoại, không biết làm sao?","false"
"Mình bị khóa tài khoản ngân hàng mà không nhận được thông báo gì, có ai biết lý do không?","false"
"Tôi phải làm gì khi không nhận được thông báo từ app thanh toán, có vấn đề gì không?","false"
"Chả nhẽ lại mất tài khoản game vì không nhận được mã xác thực qua điện thoại sao?","false"
"Đặt món ăn qua app mà không thấy thông báo gì, không biết có bị lỗi không nữa!","false"
"Sao tự dưng không thấy hóa đơn từ dịch vụ truyền hình cáp nhỉ, có ai biết không?","false"
"Ứng dụng giao hàng báo lỗi không gửi được OTP, kiểm tra giúp mình nhé!","false"
"Tôi không thể tìm thấy hóa đơn của tháng trước từ dịch vụ giải trí, có ai biết không?","false"
"Có ai gặp lỗi không đăng nhập được vào tài khoản ví điện tử không nhỉ?","false"
"Không nhận được mã xác thực cho tài khoản ngân hàng, có ai từng gặp không?","false"
"App xem phim yêu cầu tôi nhập số điện thoại nhưng không gửi mã xác nhận, làm sao?","false"
"Khi nào mới nhận được thông báo từ dịch vụ gọi xe sau khi đặt?","false"
"Gói kênh truyền hình mà tôi chọn hôm nay không hiển thị, có ai biết lý do không?","false"
"Giúp mình với, sao không vào được tài khoản game nữa?","false"
"Không thấy hóa đơn thanh toán nào từ app đặt đồ ăn cả, có ai gặp không?","false"
"Mình cần hỗ trợ vì không đăng nhập được vào ứng dụng ngân hàng, số điện thoại xác minh không nhận được!","false"
"Sao tài khoản của mình lại bị khóa mà không có thông báo nào từ dịch vụ nhỉ?","false"
"Thấy bị trừ tiền từ ví điện tử mà không biết vì sao, có ai gặp vấn đề tương tự không?","false"
"Tài khoản mạng xã hội của tôi tự dưng không đăng nhập được, có ai biết cách xử lý không?","false"
"Có ai biết cách kiểm tra tài khoản truyền hình cáp không? Tôi không thấy hóa đơn tháng này!","false"
"App thanh toán này sao không gửi mã xác nhận vào điện thoại nhỉ?","false"
"Tôi không thể xem phim trên app này nữa, có ai biết lý do không?","false"
"Chả nhẽ mình lại không nhận được mã OTP để xác minh tài khoản ngân hàng sao?","false"
"Kiểm tra giúp mình xem hóa đơn tháng này từ dịch vụ internet có vấn đề gì không?","false"
"Sao không nhận được thông báo từ app gọi xe sau khi đặt hàng vậy?","false"
"Không thể đăng nhập vào tài khoản ví điện tử, có ai biết lý do không?","false"
"Tôi đã mất mã OTP từ dịch vụ ngân hàng, giờ phải làm sao?","false"
"Gói dịch vụ truyền hình của tôi không hoạt động, có ai gặp tình trạng này không?","false"
"Kiểm tra giúp tôi lý do sao app giao hàng không gửi mã xác thực vào số điện thoại được không?","false"
"Không thấy hóa đơn cho dịch vụ xem phim tháng này, mọi người có biết không?","false"
"Tại sao mình không thể xác minh tài khoản ngân hàng qua số điện thoại của mình?","false"
"Chả nhẽ lại không nhận được SMS xác nhận từ ứng dụng gọi xe sao?","false"
"Sao tự dưng không vào được tài khoản game, cần số điện thoại xác minh nhưng không nhận được mã?","false"
"Mọi người có biết sao app thanh toán không gửi mã xác thực không?","false"
"Không nhận được mã OTP từ dịch vụ ngân hàng, cần xử lý ngay!","false"
"Kiểm tra giúp tôi hình như tài khoản truyền hình của mình bị khóa, không nhận được thông báo gì cả!","false"
"Sao không nhận được mã xác minh cho app mạng xã hội vậy?","false"
"Có ai biết cách lấy lại tài khoản ví điện tử đang bị khóa không?","false"
"Tháng này sao không thấy hóa đơn từ dịch vụ gọi xe nhỉ?","false"
"Giúp mình với, sao không thể xác minh tài khoản ngân hàng qua điện thoại?","false"
"Tôi không hiểu sao mà không thể đăng nhập vào ứng dụng thanh toán, có ai gặp lỗi này không?","false"
"Sao không nhận được thông báo từ dịch vụ giải trí sau khi thanh toán nhỉ?","false"
"Kiểm tra giúp mình hóa đơn của tháng trước từ dịch vụ truyền hình, không thấy đâu cả!","false"
"Không thấy mã xác thực từ ứng dụng gọi xe, phải làm sao bây giờ?","false"
"Thử đăng nhập vào tài khoản game mà không nhận được mã OTP, có ai biết không?","false"
"Gói kênh truyền hình mà tôi yêu thích hôm nay không thấy, có ai gặp tình trạng này không?","false"
"Sao tự dưng không nhận được OTP cho app ngân hàng nhỉ?","false"
"Nhờ kiểm tra tài khoản ví điện tử của mình, sao lại bị khóa nhỉ?","false"
"Không thấy thông báo từ app đặt đồ ăn, có ai biết lý do không?","false"
"Sao hóa đơn của tháng này từ dịch vụ truyền hình không thấy nhỉ?","false"
"Kiểm tra giúp tôi sao không nhận được mã xác thực từ ứng dụng mạng xã hội?","false"
"Không biết có ai gặp lỗi không thể đăng nhập tài khoản ngân hàng không nhỉ?","false"
"Giúp mình với, không nhận được SMS xác nhận từ dịch vụ gọi xe rồi!","false"
"Sao tự dưng không xem được kênh trên truyền hình cáp?","false"
"Tháng này không thấy hóa đơn từ dịch vụ thanh toán, có ai biết không?","false"
"Tôi không nhận được mã OTP cho tài khoản ví điện tử, có cách nào lấy lại không?","false"
"Nhờ giúp mình kiểm tra sao tài khoản ngân hàng lại không hoạt động được!","false"
"Không thấy mã xác thực từ app giao hàng, mấy hôm nay không nhận được gì cả!","false"
"Sao app xem phim lại yêu cầu xác minh số điện thoại mà không gửi mã nào nhỉ?","false"
"Tháng này hóa đơn từ dịch vụ gọi xe không thấy, kiểm tra giúp mình với!","false"
"Không biết sao mình không nhận được thông báo từ dịch vụ giải trí nữa nhỉ?","false"
"Chả nhẽ lại không thể đăng nhập vào tài khoản game vì vấn đề xác minh số điện thoại sao?","false"
"Tháng này hóa đơn không thấy đâu, kiểm tra giúp mình với dịch vụ truyền hình nhé!","false"
"Sao không nhận được SMS xác nhận cho app thanh toán vậy?","false"
"Giúp tôi với, không thể vào được tài khoản ngân hàng nữa!","false"
"Kiểm tra giúp tôi lý do sao không thấy hóa đơn từ dịch vụ internet tháng này!","false"
"Tôi không thể xác minh tài khoản ví điện tử, có ai biết cách xử lý không?","false"
"Không thấy thông báo từ dịch vụ giao hàng sau khi đặt món, sao lại như vậy?","false"
"Sao không nhận được mã OTP từ app ngân hàng nhỉ?","false"
"Kiểm tra giúp tôi sao app gọi xe không gửi mã xác minh qua điện thoại được không?","false"
"Tôi không nhận được mã xác thực cho tài khoản game, có ai biết không?","false"
"Giúp kiểm tra giúp tôi tại sao không đăng nhập được vào ứng dụng thanh toán nữa?","false"
"Không thấy hóa đơn từ dịch vụ truyền hình cáp cho tháng này, làm sao giờ?","false"
"Sao tự dưng không nhận được mã xác nhận cho app mạng xã hội nhỉ?","false"
"Kiểm tra giúp tôi tài khoản ngân hàng, không nhận được thông báo gì cả!","false"
"Tôi không thấy hóa đơn thanh toán cho dịch vụ gọi xe tháng này, có ai biết không?","false"
"Sao không thể xác minh tài khoản ví điện tử với số điện thoại vậy?","false"
"Giúp mình với, không nhận được thông báo từ dịch vụ giải trí nữa!","false"
"Sao không thấy mã OTP từ app ngân hàng được gửi về máy?","false"
"Kiểm tra giúp tôi sao không nhận được mã xác thực cho tài khoản game!","false"
"Tôi không thể xem được kênh yêu thích trên truyền hình, có ai gặp lỗi này không?","false"
"Tháng này sao không thấy hóa đơn từ dịch vụ thanh toán nhỉ?","false"
"Không hiểu sao không nhận được mã xác minh cho app gọi xe cả!","false"
"Sao không nhận được thông báo từ dịch vụ truyền hình cáp tháng này?","false"
"Kiểm tra giúp mình tài khoản ngân hàng, không nhận được thông báo gì cả!","false"
"Không thấy mã xác thực cho tài khoản ví điện tử, làm sao giờ?","false"
"Sao tự dưng không thể đăng nhập vào tài khoản game nhỉ?","false"
"Tại sao không nhận được hóa đơn từ dịch vụ giao hàng tháng này?","false"
"Giúp tôi với, không thấy thông báo từ app thanh toán tháng này!","false"
"Sao không nhận được mã OTP cho tài khoản ngân hàng vậy?","false"
"Tôi không thể xác minh tài khoản mạng xã hội, ai biết cách khắc phục không?","false"
"Có ai gặp lỗi không nhận được mã xác thực từ app giao hàng không nhỉ?","false"
"Kiểm tra giúp mình sao không thấy hóa đơn từ dịch vụ truyền hình tháng này!","false"
"Không nhận được mã xác thực cho tài khoản ví điện tử, làm sao giờ?","false"
"Sao tự dưng không thể đăng nhập vào tài khoản ngân hàng nhỉ?","false"
"Tháng này hóa đơn từ dịch vụ thanh toán không thấy đâu cả!","false"
"Mọi người có biết sao không nhận được thông báo từ app gọi xe không?","false"
"Sao không nhận được SMS xác nhận từ dịch vụ giải trí nhỉ?","false"
"Giúp tôi với, không vào được tài khoản game nữa!","false"
"Không hiểu sao mà hóa đơn từ dịch vụ truyền hình không thấy nhỉ?","false"
"Kiểm tra giúp tôi sao không nhận được mã xác minh cho tài khoản ví điện tử!","false"
"Có ai biết lý do vì sao không nhận được thông báo từ dịch vụ gọi xe không?","false"
"Sao không thấy mã OTP cho ứng dụng ngân hàng nhỉ?","false"
"Giúp tôi với, không thể vào tài khoản ngân hàng được!","false"
"Tôi không hiểu tại sao không nhận được mã xác thực cho tài khoản game nữa!","false"
"Sao tự dưng không thấy hóa đơn từ dịch vụ thanh toán tháng này?","false"
"Kiểm tra giúp mình tại sao không nhận được thông báo từ dịch vụ giải trí!","false"
"Không thấy mã xác nhận cho app giao hàng, có ai biết không?","false"
"Sao không nhận được thông báo từ dịch vụ truyền hình cáp tháng này?","false"
"Tôi không thể đăng nhập vào tài khoản ví điện tử, có ai biết lý do không?","false"
"Kiểm tra giúp mình lý do sao không thấy hóa đơn từ dịch vụ gọi xe!","false"
"Sao không nhận được mã OTP từ app ngân hàng nhỉ?","false"
"Giúp tôi với, không thể vào được tài khoản game nữa!","false"
"Không hiểu sao mà hóa đơn từ dịch vụ truyền hình không thấy nhỉ?","false"
"Kiểm tra giúp tôi sao không nhận được mã xác minh cho tài khoản ví điện tử!","false"
"Sao tự dưng không nhận được thông báo từ dịch vụ giải trí nhỉ?","false"
"Tháng này sao không thấy hóa đơn từ dịch vụ thanh toán nhỉ?","false"
"Mọi người có biết sao không nhận được mã xác thực từ app giao hàng không?","false"
"Ngân hàng của tôi không gửi mã OTP vào số điện thoại tôi đã đăng ký","false"
"Tôi không thể truy cập vào tài khoản ví điện tử của mình, có thể do số điện thoại không nhận được mã xác nhận","false"
"Chả hiểu sao không nhận được tin nhắn xác minh từ app đặt đồ ăn nữa","false"
"Làm ơn giúp tôi với, tôi không thể xem được kênh truyền hình hôm nay","false"
"Sao mà hóa đơn của truyền hình cáp cao quá vậy? Tôi không nhớ đã dùng nhiều như thế","false"
"Tôi muốn đổi số điện thoại trong tài khoản game, nhưng không biết làm thế nào","false"
"App xem phim yêu cầu xác minh số điện thoại, nhưng mà tôi không nhận được mã xác thực","false"
"Tôi bị khóa tài khoản ngân hàng, không biết có liên quan gì đến số điện thoại không?","false"
"Chả nhẽ số điện thoại của tôi bị lỗi, không vào được app thanh toán nữa sao?","false"
"Giúp tôi với, tôi không thể đăng nhập vào app gọi xe vì không nhận được OTP","false"
"Hôm nay tôi không xem được kênh nào trên truyền hình cáp cả, có ai biết lỗi không?","false"
"Tôi không thể thanh toán hóa đơn qua ứng dụng, có vấn đề gì với số điện thoại không?","false"
"Số điện thoại này bị khóa hay sao mà không nhận được tin nhắn từ app ngân hàng?","false"
"App thương mại điện tử yêu cầu xác minh số điện thoại nhưng không gửi mã cho tôi","false"
"Mình không thấy tin nhắn từ số điện thoại của ngân hàng, có ai bị như mình không?","false"
"Tại sao tôi phải xác nhận số điện thoại mỗi lần muốn xem phim trên app?","false"
"Chả nhẽ tôi phải gọi điện cho dịch vụ khách hàng vì không nhận được mã xác minh?","false"
"Hôm qua tôi bị trừ tiền từ tài khoản ví điện tử mà không biết lý do là gì","false"
"Tôi không nhớ mật khẩu tài khoản mua sắm, nhưng không nhận được mã OTP để khôi phục","false"
"Có cách nào để xem lại lịch sử thanh toán trên app không nhận được tin nhắn không?","false"
"Sao gói cước truyền hình của tôi lại có hóa đơn cao thế này?","false"
"App gọi xe yêu cầu số điện thoại nhưng không gửi mã xác thực cho tôi","false"
"Tôi đã thử nhiều lần mà vẫn không nhận được mã OTP từ ngân hàng rồi","false"
"Có ai biết tại sao tôi không thể thanh toán qua app ví điện tử không?","false"
"Đã không xem được kênh mình thích mà còn bị trừ tiền, thật là buồn","false"
"Tôi cần hỗ trợ vì không thể đăng nhập vào tài khoản xem phim của mình","false"
"Số điện thoại không nhận được mã xác minh từ app giao hàng, mình phải làm sao?","false"
"Chán ghê, hóa đơn truyền hình tháng này lại cao hơn tháng trước mà không biết lý do","false"
"Tôi không thể xem được chương trình yêu thích trên truyền hình cáp, ai biết không?","false"
"Thật khó chịu khi không nhận được OTP từ app thanh toán, ai giúp mình với","false"
"Tại sao tài khoản ngân hàng của tôi lại bị khóa mà không có lý do rõ ràng nhỉ?","false"
"Tôi cần đổi số điện thoại để nhận OTP nhưng không biết làm thế nào","false"
"Không vào được tài khoản game vì không nhận được mã xác minh, ai đã gặp vấn đề này chưa?","false"
"Mình đã thử đăng nhập nhiều lần vào ví điện tử nhưng không nhận được mã xác nhận nào","false"
"Có vấn đề gì với số điện thoại của mình không mà không xem được kênh hôm nay?","false"
"Tôi không hiểu sao lại không nhận được mã OTP từ dịch vụ thanh toán mã QR","false"
"Chắc chắn rồi, hóa đơn tháng này của truyền hình cáp lại không giống như tháng trước","false"
"App xem phim yêu cầu số điện thoại xác minh nhưng không gửi mã cho mình","false"
"Mình không thể truy cập tài khoản vì không nhận được mã xác thực qua SMS","false"
"Tôi đã thử nhiều lần mà vẫn không nhận được mã xác minh từ dịch vụ ngân hàng","false"
"Số điện thoại của tôi có vấn đề gì mà không thể nhận tin nhắn từ app đặt đồ ăn?","false"
"Tại sao lại không thanh toán được hóa đơn qua app, có ai biết vấn đề không?","false"
"Chả nhẽ số điện thoại của tôi đã bị khóa, không nhận được tin nhắn xác thực?","false"
"Làm thế nào để xem lại hóa đơn của dịch vụ truyền hình cáp khi không nhận được tin nhắn?","false"
"Tôi không thể thanh toán qua ứng dụng vì không nhận được mã OTP, giúp tôi với","false"
"Sao lại không xem được kênh yêu thích trên truyền hình cáp vậy?","false"
"Chả nhẽ tài khoản game của tôi bị khóa, nhưng không nhận được thông báo gì cả","false"
"Tôi đã thử dùng số điện thoại mới nhưng vẫn không nhận được mã xác minh từ app","false"
"Có cách nào để đăng nhập vào tài khoản ngân hàng mà không nhận được mã OTP không?","false"
"Tôi không thể xác minh số điện thoại để xem phim, có ai gặp phải như mình không?","false"
"Số điện thoại này không nhận được tin nhắn từ ví điện tử, làm thế nào bây giờ?","false"
"Chắc chắn là đã thanh toán hóa đơn truyền hình cáp mà sao vẫn bị trừ tiền?","false"
"Tôi không thấy thông báo gì từ app giao hàng, có vấn đề gì với số điện thoại không?","false"
"Thật khó chịu khi không đăng nhập được vào tài khoản xem phim của mình","false"
"Sao mà không nhận được mã OTP để xác minh tài khoản ngân hàng nhỉ?","false"
"Có ai biết tại sao tôi không xem được kênh hôm nay không?","false"
"App thương mại điện tử yêu cầu xác minh số điện thoại mà không gửi mã cho tôi","false"
"Tại sao tôi không thể thanh toán qua ứng dụng khi không nhận được mã OTP?","false"
"Mình không thể nhận mã xác thực từ ngân hàng, có ai biết cách xử lý không?","false"
"Chả nhẽ tài khoản của tôi bị khóa mà không được thông báo gì cả?","false"
"Ngân hàng của tôi không gửi mã OTP mà tôi đã yêu cầu, ai giúp tôi với?","false"
"Tôi không thể vào tài khoản ví điện tử của mình vì không nhận được mã xác minh","false"
"Giúp tôi với, tôi không xem được kênh yêu thích trên truyền hình cáp của mình","false"
"Số điện thoại này không nhận được mã xác minh từ app gọi xe, phải làm sao?","false"
"Chắc chắn là không thanh toán được hóa đơn của dịch vụ mà không có lý do gì rõ ràng","false"
"Mình không thể đăng nhập vào tài khoản game vì không nhận được mã xác thực","false"
"Tôi không hiểu sao lại không nhận được mã OTP từ dịch vụ thanh toán trực tuyến","false"
"Chán ghê, hóa đơn truyền hình tháng này lại cao hơn tháng trước mà không biết lý do","false"
"Tôi không thể truy cập tài khoản vì không nhận được mã xác thực qua SMS","false"
"Có vấn đề gì với số điện thoại của mình không mà không xem được kênh hôm nay?","false"
"Tại sao tài khoản ngân hàng của tôi lại bị khóa mà không có lý do rõ ràng nhỉ?","false"
"Chả nhẽ tôi phải gọi điện cho dịch vụ khách hàng vì không nhận được mã xác minh?","false"
"Số điện thoại này có vấn đề gì mà không nhận được tin nhắn từ app đặt đồ ăn?","false"
"Giúp tôi với, tôi không thể thanh toán hóa đơn qua ứng dụng nữa rồi","false"
"Tôi đã thử nhiều lần mà vẫn không nhận được mã OTP từ ngân hàng rồi","false"
"Có ai biết tại sao tôi không thể thanh toán qua app ví điện tử không?","false"
"Đã không xem được kênh mình thích mà còn bị trừ tiền, thật là buồn","false"
"Sao app xem phim lại yêu cầu xác minh số điện thoại, nhưng không gửi mã cho tôi?","false"
"Tôi muốn đổi số điện thoại trong tài khoản game, nhưng không biết làm thế nào","false"
"Tôi không thể xem được chương trình yêu thích trên truyền hình cáp, ai biết không?","false"
"Tôi không thể thanh toán hóa đơn qua ứng dụng, có vấn đề gì với số điện thoại không?","false"
"Số điện thoại này bị khóa hay sao mà không nhận được tin nhắn từ app ngân hàng?","false"
"Chả hiểu sao không nhận được tin nhắn xác minh từ app đặt đồ ăn nữa","false"
"Làm ơn giúp tôi với, tôi không thể xem được kênh truyền hình hôm nay","false"
"Sao mà hóa đơn của truyền hình cáp cao quá vậy? Tôi không nhớ đã dùng nhiều như thế","false"
"Tôi muốn đổi số điện thoại trong tài khoản game, nhưng không biết làm thế nào","false"
"App xem phim yêu cầu xác minh số điện thoại, nhưng mà tôi không nhận được mã xác thực","false"
"Tôi bị khóa tài khoản ngân hàng, không biết có liên quan gì đến số điện thoại không?","false"
"Chả nhẽ số điện thoại của tôi bị lỗi, không vào được app thanh toán nữa sao?","false"
"Giúp tôi với, tôi không thể đăng nhập vào app gọi xe vì không nhận được OTP","false"
"Hôm nay tôi không xem được kênh nào trên truyền hình cáp cả, có ai biết lỗi không?","false"
"Tôi không thể thanh toán hóa đơn qua ứng dụng, có vấn đề gì với số điện thoại không?","false"
"Số điện thoại này có vấn đề gì mà không nhận được mã xác minh từ app giao hàng?","false"
"Tại sao lại không thanh toán được hóa đơn qua app, có ai biết vấn đề không?","false"
"Chả nhẽ số điện thoại của tôi đã bị khóa, không nhận được tin nhắn xác thực?","false"
"Làm thế nào để xem lại hóa đơn của dịch vụ truyền hình cáp khi không nhận được tin nhắn?","false"
"Tôi không thể thanh toán qua ứng dụng vì không nhận được mã OTP, giúp tôi với","false"
"Sao lại không xem được kênh yêu thích trên truyền hình cáp vậy?","false"
"Chả nhẽ tài khoản game của tôi bị khóa, nhưng không nhận được thông báo gì cả","false"
"Tôi đã thử dùng số điện thoại mới nhưng vẫn không nhận được mã xác minh từ app","false"
"Có cách nào để đăng nhập vào tài khoản ngân hàng mà không nhận được mã OTP không?","false"
"Tôi không thể xác minh số điện thoại để xem phim, có ai gặp phải như mình không?","false"
"Số điện thoại này không nhận được tin nhắn từ ví điện tử, làm thế nào bây giờ?","false"
"Chắc chắn rồi, hóa đơn tháng này của truyền hình cáp lại không giống như tháng trước","false"
"Tôi không thấy thông báo gì từ app giao hàng, có vấn đề gì với số điện thoại không?","false"
"Thật khó chịu khi không đăng nhập được vào tài khoản xem phim của mình","false"
"Sao mà không nhận được mã OTP để xác minh tài khoản ngân hàng nhỉ?","false"
"Có ai biết tại sao tôi không xem được kênh hôm nay không?","false"
"App thương mại điện tử yêu cầu xác minh số điện thoại mà không gửi mã cho tôi","false"
"Tại sao tôi không thể thanh toán qua ứng dụng khi không nhận được mã OTP?","false"
"Mình không thể nhận mã xác thực từ ngân hàng, có ai biết cách xử lý không?","false"
"Chả nhẽ tài khoản của tôi bị khóa mà không được thông báo gì cả?","false"
"Ngân hàng của tôi không gửi mã OTP mà tôi đã yêu cầu, ai giúp tôi với?","false"
"Tôi không thể vào tài khoản ví điện tử của mình vì không nhận được mã xác minh","false"
"Giúp tôi với, tôi không xem được kênh yêu thích trên truyền hình cáp của mình","false"
"Số điện thoại này không nhận được mã xác minh từ app gọi xe, phải làm sao?","false"
"Chắc chắn là không thanh toán được hóa đơn của dịch vụ mà không có lý do gì rõ ràng","false"
"Mình không thể đăng nhập vào tài khoản game vì không nhận được mã xác thực","false"
"Tôi không hiểu sao lại không nhận được mã OTP từ dịch vụ thanh toán trực tuyến","false"
"Chán ghê, hóa đơn truyền hình tháng này lại cao hơn tháng trước mà không biết lý do","false"
"Tôi không thể truy cập tài khoản vì không nhận được mã xác thực qua SMS","false"
"Có vấn đề gì với số điện thoại của mình không mà không xem được kênh hôm nay?","false"
"Tại sao tài khoản ngân hàng của tôi lại bị khóa mà không có lý do rõ ràng nhỉ?","false"
"Chả nhẽ tôi phải gọi điện cho dịch vụ khách hàng vì không nhận được mã xác minh?","false"
"Số điện thoại này có vấn đề gì mà không nhận được tin nhắn từ app đặt đồ ăn?","false"
"Giúp tôi với, tôi không thể thanh toán hóa đơn qua ứng dụng nữa rồi","false"
"Bạn có biết tại sao tôi không nhận được mã OTP khi đăng nhập vào ngân hàng không?","false"
"Tôi bị khóa tài khoản ví điện tử, cần hỗ trợ gấp!","false"
"Xin hãy giúp tôi với vấn đề không xem được kênh trên truyền hình cáp.","false"
"Tại sao tôi không thể xác minh số điện thoại khi sử dụng app gọi xe?","false"
"Làm cách nào để lấy lại tài khoản game bị khóa?","false"
"Tôi muốn biết hóa đơn tháng này của dịch vụ truyền hình internet là bao nhiêu?","false"
"Không nhận được thông báo giao hàng từ app thương mại điện tử, có ai gặp vấn đề này không?","false"
"Tại sao không thể lên mạng sau khi thanh toán hóa đơn cho gói internet?","false"
"App xem phim yêu cầu tôi xác minh số điện thoại, nhưng mã không gửi về.","false"
"Tôi có thể lấy lại tài khoản ví điện tử bằng cách nào?","false"
"Tôi muốn khiếu nại về việc bị trừ tiền sai cho tài khoản ngân hàng.","false"
"Sao tôi không thể nạp tiền vào tài khoản game của mình?","false"
"Hóa đơn tháng này của mình có sai sót không nhỉ?","false"
"Tôi vừa bị khóa tài khoản ví điện tử, cần hỗ trợ nhanh!","false"
"Không thể đăng nhập vào ứng dụng gọi xe, ai biết cách giải quyết không?","false"
"Có ai biết số điện thoại hỗ trợ của app thanh toán không?","false"
"Tôi không thấy thông báo từ app giao hàng, có phải lỗi không?","false"
"Tại sao không thể xem được kênh mình đã đăng ký trên truyền hình cáp?","false"
"App ngân hàng yêu cầu xác minh số điện thoại, nhưng mã OTP không gửi về.","false"
"Làm sao để khôi phục tài khoản trên nền tảng xem phim?","false"
"Tôi bị trừ tiền cho dịch vụ mà tôi không sử dụng, ai có thể giúp tôi không?","false"
"Sao tôi không nhận được xác nhận giao dịch từ ví điện tử?","false"
"Tôi có thể thay đổi thông tin tài khoản trên app thương mại điện tử ở đâu?","false"
"Làm thế nào để xem lại hóa đơn của dịch vụ truyền hình internet?","false"
"Tại sao mình không nhận được mã xác thực từ app gọi xe?","false"
"Có ai từng gặp lỗi khi đăng nhập vào app ngân hàng không?","false"
"Chả nhẽ hóa đơn của mình lại bị sai, ai có thể kiểm tra giúp không?","false"
"Tôi đã nhập sai mật khẩu ví điện tử, giờ làm sao để lấy lại?","false"
"Nếu không nhận được OTP, mình có thể làm gì tiếp theo?","false"
"Tại sao số tiền trừ từ tài khoản lại không đúng với đơn hàng đã đặt?","false"
"Sao tôi không thể xem được kênh tôi đã đăng ký trên truyền hình cáp?","false"
"Chắc chắn tôi đã thanh toán nhưng vẫn thấy báo nợ trên app ngân hàng.","false"
"Tôi không thể truy cập vào tài khoản game của mình, có ai biết cách giải quyết không?","false"
"Có ai biết vì sao không nhận được thông báo từ app giao đồ ăn không?","false"
"Tại sao tôi không nhận được mã OTP khi cố gắng xác minh tài khoản trên app thanh toán?","false"
"Tôi bị trừ tiền cho dịch vụ mà tôi không hề sử dụng, làm sao để khiếu nại?","false"
"Không nhận được thông báo từ app thương mại điện tử, ai biết lý do?","false"
"Tôi không thể đăng nhập vào dịch vụ truyền hình internet, có ai gặp vấn đề này không?","false"
"Sao tôi không thấy được hóa đơn tháng này của app ngân hàng?","false"
"Làm cách nào để lấy lại mật khẩu cho tài khoản ví điện tử của tôi?","false"
"Sao tôi không nhận được mã số xác thực khi dùng app gọi xe?","false"
"Tôi cần hỗ trợ với hóa đơn truyền hình cáp của mình, có ai giúp được không?","false"
"Tại sao tài khoản game của tôi lại bị khóa mà không rõ lý do?","false"
"Tại sao không nhận được mã xác thực từ dịch vụ thanh toán?","false"
"Tôi vừa bị trừ tiền không đúng trên app giao đồ ăn, làm sao để khiếu nại?","false"
"App xem phim yêu cầu tôi xác minh số điện thoại, nhưng tôi không nhận được mã OTP.","false"
"Tôi không thể truy cập vào tài khoản ngân hàng của mình, cần hỗ trợ!","false"
"Có ai biết cách liên hệ với dịch vụ hỗ trợ của app thương mại điện tử không?","false"
"Tại sao không nhận được thông báo từ app xem phim mình đã đăng ký?","false"
"Chắc chắn tôi đã thanh toán nhưng vẫn thấy báo nợ trên tài khoản ví điện tử.","false"
"Làm sao để tôi có thể lấy lại tài khoản đã bị khóa trên app ngân hàng?","false"
"Tôi không nhận được mã xác thực cho tài khoản game của mình, ai biết cách giải quyết không?","false"
"Sao tôi không thấy được hóa đơn tháng này trên ứng dụng thanh toán?","false"
"Có ai biết tại sao không nhận được thông báo giao hàng từ app thương mại điện tử không?","false"
"Tôi phải làm gì nếu không nhận được mã OTP cho tài khoản ví điện tử?","false"
"Tại sao mình không nhận được thông báo từ app gọi xe nhỉ?","false"
"Tôi không thể đăng nhập vào tài khoản ngân hàng của mình, có ai giúp không?","false"
"App truyền hình cáp yêu cầu mã số xác thực, nhưng tôi không nhận được mã.","false"
"Tôi đã thanh toán cho dịch vụ nhưng không nhận được hóa đơn, làm sao để kiểm tra?","false"
"Sao tôi không thể chuyển khoản qua app ngân hàng, ai biết gì không?","false"
"Có ai biết cách để khôi phục thông tin tài khoản trên app thương mại điện tử không?","false"
"Tôi không nhận được thông báo từ app giao đồ ăn, có ai gặp vấn đề tương tự không?","false"
"Sao tôi không thể xem được video trên app xem phim, có ai biết lý do?","false"
"Tôi đã chờ mã xác thực lâu nhưng vẫn không nhận được, có ai biết vì sao không?","false"
"Tại sao tài khoản ngân hàng của tôi không thể đăng nhập vào app?","false"
"Không nhận được mã xác thực cho app thanh toán, làm gì bây giờ?","false"
"Tôi không thể lấy lại mật khẩu cho tài khoản game của mình, có ai biết cách không?","false"
"Tôi đã thanh toán nhưng vẫn thấy báo nợ trên tài khoản dịch vụ truyền hình cáp.","false"
"Làm cách nào để tôi có thể khôi phục tài khoản ví điện tử của mình?","false"
"Tại sao không nhận được thông báo từ dịch vụ truyền hình internet nhỉ?","false"
"Sao tôi không thể thanh toán cho dịch vụ trên app thương mại điện tử?","false"
"Có ai biết cách liên hệ với hỗ trợ khách hàng của app gọi xe không?","false"
"Tôi không nhận được mã OTP mà app ngân hàng đã gửi, làm sao bây giờ?","false"
"Tại sao tôi không thể xem được kênh mình đã đăng ký trên truyền hình cáp?","false"
"Có ai biết tại sao không nhận được thông báo từ app giao hàng không?","false"
"Sao tôi không thấy được hóa đơn thanh toán trên app ngân hàng của mình?","false"
"Tôi không thể truy cập vào tài khoản của mình trên dịch vụ thanh toán, có ai giúp không?","false"
"Tại sao mã xác thực tôi nhận được lại không đúng khi đăng nhập vào app ngân hàng?","false"
"Tôi đã đăng ký nhưng không thấy hóa đơn từ dịch vụ truyền hình cáp, làm sao để kiểm tra?","false"
"Làm sao để lấy lại tài khoản game của tôi khi bị khóa?","false"
"Tại sao tôi không nhận được thông báo giao hàng từ app thương mại điện tử?","false"
"Tôi cần hỗ trợ vì không thể truy cập vào tài khoản ví điện tử của mình.","false"
"Có ai biết vì sao không nhận được mã OTP từ app thanh toán không?","false"
"Sao tôi không thấy được hóa đơn tháng này của dịch vụ truyền hình internet?","false"
"Tôi bị trừ tiền không đúng từ app giao đồ ăn, làm sao để khiếu nại?","false"
"Tôi đã thử đăng nhập vào app ngân hàng nhưng không thành công, ai có cách gì không?","false"
"Tôi không nhận được mã xác thực khi đăng nhập vào tài khoản game, có ai biết cách giải quyết không?","false"
"Tại sao không thấy thông báo từ app xem phim đã đăng ký?","false"
"Sao tôi không thể xem chương trình trên truyền hình cáp mà mình đã đăng ký?","false"
"Tôi cần biết cách khôi phục tài khoản trên app thương mại điện tử, có ai giúp không?","false"
"Mình không thể thanh toán hóa đơn trên app ngân hàng, có ai biết tại sao không?","false"
"Tôi đã chờ mã xác thực lâu mà vẫn chưa nhận được, làm gì bây giờ?","false"
"Chả nhẽ hóa đơn truyền hình cáp lại sai, ai có thể kiểm tra giúp không?","false"
"Tại sao tôi không nhận được thông báo từ app giao hàng?","false"
"Không nhận được mã OTP khi đăng nhập vào ví điện tử, có ai gặp trường hợp này không?","false"
"Tôi không thể xác minh tài khoản ngân hàng, làm sao để lấy mã xác thực?","false"
"Sao tôi không thể lên mạng sau khi thanh toán hóa đơn cho dịch vụ truyền hình cáp?","false"
"Tôi đã cố gắng lấy lại tài khoản game nhưng vẫn không thành công, có ai giúp không?","false"
"Không nhận được thông báo từ app thương mại điện tử, có ai biết lý do?","false"
"Tại sao tôi không thể xem kênh đã đăng ký trên truyền hình internet?","false"
"Khi nào tôi nhận được mã xác thực từ app thanh toán, đã đợi lâu quá rồi?","false"
"Tôi không thấy hóa đơn tháng này trong app ngân hàng, có ai biết không?","false"
"Sao tôi không nhận được mã OTP khi khôi phục tài khoản ví điện tử?","false"
"Tôi không thể truy cập vào tài khoản của mình trên dịch vụ truyền hình cáp, có ai giúp không?","false"
"Làm sao để biết tài khoản ngân hàng của tôi bị khóa do đâu?","false"
"Tại sao mã OTP lại không gửi đến số điện thoại của tôi khi xác minh tài khoản game?","false"
"Sao hóa đơn tháng này của tôi lại có sai sót, ai giúp tôi kiểm tra được không?","false"
"Tôi không thể nhận được mã xác thực từ app giao đồ ăn, có ai biết cách giải quyết không?","false"
"Tại sao số tiền trong tài khoản của tôi lại không đúng với hóa đơn thanh toán?","false"
"Sao tôi không thể đăng nhập vào app thương mại điện tử, ai biết tại sao không?","false"
"Tôi đã thanh toán nhưng vẫn không nhận được mã xác thực cho app ngân hàng.","false"
"Tại sao tôi không thấy được thông báo từ dịch vụ truyền hình cáp?","false"
"Tôi cần làm gì nếu không nhận được mã OTP cho tài khoản game của tôi?","false"
"Có ai biết tại sao không nhận được thông báo từ app giao hàng không?","false"
"Làm sao để khôi phục tài khoản ví điện tử của mình khi bị khóa?","false"
"Sao tôi không thể thanh toán trên app ngân hàng, có ai biết lý do không?","false"
"Tại sao không nhận được mã xác thực khi truy cập vào dịch vụ truyền hình internet?","false"
"Mình không nhận được thông báo từ app xem phim, có ai gặp phải không?","false"
"Tôi đã chờ lâu mà vẫn chưa nhận được mã OTP cho tài khoản ngân hàng.","false"
"Sao tôi không nhận được hóa đơn từ dịch vụ truyền hình cáp tháng này?","false"
"Có ai biết cách khôi phục tài khoản trên app thương mại điện tử không?","false"
"Tôi không thể xem được chương trình đã đăng ký trên truyền hình internet, có ai biết làm sao không?","false"
"Tôi đã nhập thông tin nhưng không nhận được mã xác thực từ app gọi xe, có ai giúp không?","false"
"Tại sao không nhận được thông báo từ app giao đồ ăn mà tôi đã đặt?","false"
"Tôi vừa bị khóa tài khoản ngân hàng, cần hỗ trợ nhanh!","false"
"Sao tôi không thể đăng nhập vào dịch vụ truyền hình cáp?","false"
"Tôi không nhận được mã OTP để xác minh tài khoản ví điện tử, có ai biết làm sao không?","false"
"Tại sao số tiền thanh toán trên app thương mại điện tử không đúng?","false"
"Tôi đã thanh toán nhưng vẫn thấy báo nợ trên tài khoản game.","false"
"Sao tôi không thấy hóa đơn tháng này của app ngân hàng?","false"
"Tại sao không nhận được thông báo từ dịch vụ thanh toán?","false"
"Làm cách nào để khôi phục tài khoản đã bị khóa trên app xem phim?","false"
"Tôi không thể xem kênh đã đăng ký trên truyền hình cáp, có ai biết cách khắc phục không?","false"
"Tại sao mã OTP lại không gửi đến số điện thoại của tôi khi xác minh tài khoản game?","false"
"Tôi cần biết cách khôi phục tài khoản trên app thương mại điện tử, có ai giúp không?","false"
"Không nhận được mã xác thực cho tài khoản ngân hàng, có ai gặp vấn đề không?","false"
"Sao tôi không thể xem được video trên app xem phim, có ai biết lý do?","false"
"Tại sao tôi không nhận được thông báo từ app giao hàng?","false"
"Sao tôi không thể thanh toán hóa đơn trên app ngân hàng?","false"
"Tôi đã thanh toán nhưng không thấy hóa đơn từ dịch vụ truyền hình cáp, làm sao để kiểm tra?","false"
"Chào bạn, tôi không nhận được mã OTP cho tài khoản ngân hàng của mình","false"
"Tại sao tôi không thể đăng nhập vào ví điện tử bằng số điện thoại này?","false"
"Tôi vừa bị trừ tiền oan vào tài khoản game, ai có thể giúp tôi?","false"
"Phiếu thanh toán cho truyền hình cáp này không đúng, ai có thể kiểm tra?","false"
"Không nhận được mã xác thực cho app xem phim, số điện thoại vẫn dùng bình thường","false"
"Tôi cần hỗ trợ về hóa đơn dịch vụ truyền hình, không xem được kênh nào cả.","false"
"Vừa nạp tiền vào tài khoản, nhưng không thấy trong app thanh toán.","false"
"Người ta gửi cho tôi mã OTP mà tôi không biết để làm gì, có ai giúp không?","false"
"Tại sao không vào được tài khoản mạng xã hội, đã nhập số điện thoại đúng rồi.","false"
"Tôi gặp lỗi không thể truy cập vào ứng dụng đặt đồ ăn, cần hỗ trợ.","false"
"Có ai biết cách khôi phục tài khoản khi bị khóa không?","false"
"Lỗi khi đăng nhập vào app gọi xe, số điện thoại vẫn đang hoạt động.","false"
"Không nhận được thông báo gì khi thanh toán qua ví điện tử, có ai biết lý do không?","false"
"Tôi đã thanh toán truyền hình cáp nhưng vẫn không xem được kênh nào.","false"
"Không thấy mã xác minh gửi tới số điện thoại của tôi khi dùng app ngân hàng.","false"
"Vừa mất quyền truy cập vào tài khoản game, cần giúp đỡ khôi phục lại.","false"
"Tôi đang gặp khó khăn khi thanh toán qua điện thoại, có ai tương tự không?","false"
"Lỗi hệ thống khi tôi cố gắng thanh toán bằng số điện thoại trong app.","false"
"Không tìm thấy hóa đơn tháng này cho dịch vụ truyền hình cáp của mình.","false"
"Số điện thoại này không được nhận OTP khi đăng nhập vào ví điện tử.","false"
"Tôi cần hỗ trợ về tài khoản bị khóa trên nền tảng phim trực tuyến.","false"
"App xem phim yêu cầu xác minh số điện thoại nhưng không gửi mã gì cả.","false"
"Tại sao tôi không thể truy cập vào tài khoản mạng xã hội của mình?","false"
"Tôi không nhận được mã OTP cho dịch vụ thanh toán của mình.","false"
"Tôi đã nạp tiền vào ví điện tử nhưng vẫn không thấy số dư cập nhật.","false"
"Có ai biết cách lấy lại tài khoản game bị khóa không?","false"
"Tôi đang gặp vấn đề với việc gửi mã OTP cho app thanh toán này.","false"
"Không nhận được tin nhắn xác minh cho tài khoản truyền hình cáp của tôi.","false"
"Tại sao tôi không thể xem được kênh trên truyền hình cáp?","false"
"Tôi cần hỗ trợ về lỗi đăng nhập vào app gọi xe, không nhận được mã xác thực.","false"
"Không thể thanh toán qua số điện thoại cho dịch vụ giao hàng, có ai biết không?","false"
"Đã nhập đúng số điện thoại mà không nhận được mã xác minh cho ví điện tử.","false"
"Tại sao tôi không nhận được thông báo gì cho tài khoản ngân hàng của mình?","false"
"Làm sao để lấy lại tài khoản bị khóa trên app xem phim?","false"
"Tôi không nhận được OTP khi đăng nhập vào tài khoản game của mình.","false"
"Có ai bị trừ tiền oan qua app thanh toán không?","false"
"Tôi gặp lỗi không xem được kênh truyền hình cáp hôm nay, cần ai đó giúp tôi.","false"
"Làm sao để khôi phục tài khoản bị khóa trên nền tảng giao hàng?","false"
"Số điện thoại không nhận được mã xác thực cho dịch vụ thanh toán.","false"
"Tai sao khong nhan duoc hoá đơn cho dịch vụ truyền hình cáp tháng này?","false"
"Tôi không thể vào tài khoản mạng xã hội, số điện thoại không nhận mã gì cả.","false"
"App gọi xe yêu cầu mã OTP nhưng tôi không nhận được gì cả.","false"
"Có ai biết tại sao không thể thanh toán qua điện thoại cho app đặt đồ ăn không?","false"
"Tôi không nhận được xác minh cho tài khoản ngân hàng của mình.","false"
"Bị khóa tài khoản game mà không hiểu lý do, ai có cách giải quyết không?","false"
"Tại sao không thể xem được kênh nào trên truyền hình cáp?","false"
"Tôi cần hỗ trợ vì không nhận được mã OTP cho dịch vụ thanh toán.","false"
"Làm thế nào để lấy lại tài khoản mạng xã hội khi không nhận được mã xác nhận?","false"
"Có ai biết cách kiểm tra hóa đơn cho dịch vụ truyền hình cáp không?","false"
"Không nhận được thông báo nào cho tài khoản ví điện tử của tôi.","false"
"Tôi không thể đăng nhập vào app gọi xe vì không nhận được mã xác thực.","false"
"Chỉ cần giúp tôi khôi phục tài khoản game bị khóa, cảm ơn nhiều!","false"
"Làm sao để lấy lại mã xác minh khi không nhận được vào số điện thoại?","false"
"Tôi đang gặp vấn đề với hóa đơn dịch vụ truyền hình cáp tháng này.","false"
"Đã nhập đúng thông tin mà không nhận được mã OTP cho ví điện tử.","false"
"Số điện thoại của tôi không nhận mã xác thực cho app thanh toán.","false"
"Có ai biết tại sao không thể xem được kênh trên truyền hình cáp không?","false"
"Tôi cần hỗ trợ với việc bị khóa tài khoản ngân hàng mà không rõ lý do.","false"
"Có ai gặp vấn đề về thanh toán qua ví điện tử không?","false"
"Không thể gửi mã OTP cho số điện thoại này để đăng nhập vào tài khoản game.","false"
"Tại sao tôi không nhận được thông báo gì từ dịch vụ truyền hình cáp?","false"
"Không thấy hóa đơn cho tài khoản ngân hàng trong tháng này, ai đó giúp tôi với!","false"
"Tôi không thể vào tài khoản mạng xã hội, mã OTP không được gửi về.","false"
"App xem phim yêu cầu xác minh số điện thoại nhưng tôi không nhận được mã gì cả.","false"
"Tôi đang gặp khó khăn khi không thể thanh toán qua số điện thoại cho dịch vụ giao hàng.","false"
"Không nhận được mã xác minh gửi tới số điện thoại của tôi khi dùng app ngân hàng.","false"
"Gần đây tôi không nhận được mã OTP cho tài khoản game của mình.","false"
"Tại sao tôi không thể vào trang mạng xã hội của mình?","false"
"Số điện thoại này không được nhận OTP khi đăng nhập vào ví điện tử.","false"
"Mới đây tôi bị khóa tài khoản truyền hình cáp mà không biết lý do.","false"
"Có ai biết cách khôi phục tài khoản game bị khóa không?","false"
"Tôi không nhận được thông báo nào cho tài khoản ngân hàng của mình gần đây.","false"
"Lỗi trên app đặt đồ ăn, không nhận được mã xác thực cho số điện thoại này.","false"
"Tại sao vẫn không thấy hóa đơn tháng này cho dịch vụ truyền hình cáp?","false"
"Số điện thoại này không nhận được mã xác thực cho dịch vụ thanh toán.","false"
"Có ai đã gặp tình trạng không vào được tài khoản mạng xã hội không?","false"
"Đã nhập đúng số điện thoại mà không nhận được mã xác thực cho ví điện tử.","false"
"Tôi gặp vấn đề khi không thể thanh toán qua số điện thoại cho app giao hàng.","false"
"Có ai biết tại sao không thể xem được kênh nào trên truyền hình cáp không?","false"
"Tôi cần hỗ trợ về vấn đề không nhận được mã OTP cho tài khoản ngân hàng.","false"
"Có ai gặp lỗi khi đăng nhập vào app gọi xe không?","false"
"Không nhận được thông báo cho tài khoản ví điện tử của tôi gần đây.","false"
"Tôi đã nạp tiền vào tài khoản game nhưng không thấy cập nhật.","false"
"Số điện thoại của tôi không nhận được mã xác thực cho dịch vụ thanh toán.","false"
"Chuyện gì đang xảy ra với tài khoản truyền hình cáp của tôi?","false"
"Tôi không biết làm sao để khôi phục tài khoản bị khóa trên app xem phim.","false"
"Không thấy mã xác thực gửi tới số điện thoại của tôi cho dịch vụ thanh toán.","false"
"Tại sao không nhận được thông tin gì từ dịch vụ truyền hình cáp?","false"
"Tôi cần hỗ trợ vì không thể vào tài khoản mạng xã hội của mình.","false"
"App gọi xe yêu cầu mã OTP nhưng tôi không nhận được gì cả.","false"
"Có ai biết cách kiểm tra hóa đơn cho dịch vụ truyền hình cáp không?","false"
"Tôi không thể đăng nhập vào ví điện tử vì không nhận được mã xác thực.","false"
"Vừa mất quyền truy cập vào tài khoản game, cần giúp đỡ khôi phục lại.","false"
"Tại sao tôi không nhận được mã OTP cho dịch vụ thanh toán?","false"
"Làm sao để lấy lại tài khoản bị khóa trên nền tảng giao hàng?","false"
"Số điện thoại không nhận được mã xác thực cho dịch vụ thanh toán.","false"
"Tại sao không thể xem được kênh nào trên truyền hình cáp?","false"
"Tôi cần hỗ trợ về lỗi đăng nhập vào app gọi xe, không nhận được mã xác thực.","false"
"Không thể thanh toán qua số điện thoại cho dịch vụ giao hàng, có ai biết không?","false"
"Đã nhập đúng số điện thoại mà không nhận được mã xác minh cho ví điện tử.","false"
"Tại sao tôi không nhận được thông báo gì cho tài khoản ngân hàng của mình?","false"
"Làm sao để lấy lại tài khoản bị khóa trên app xem phim?","false"
"Tôi không nhận được OTP khi đăng nhập vào tài khoản game của mình.","false"
"Có ai bị trừ tiền oan qua app thanh toán không?","false"
"Tôi gặp lỗi không xem được kênh truyền hình cáp hôm nay, cần ai đó giúp tôi.","false"
"Làm sao để khôi phục tài khoản bị khóa trên nền tảng giao hàng?","false"
"Số điện thoại này không nhận mã xác thực cho dịch vụ thanh toán.","false"
"Tai sao khong nhan duoc hoá đơn cho dịch vụ truyền hình cáp tháng này?","false"
"Tôi không thể vào tài khoản mạng xã hội, số điện thoại không nhận mã gì cả.","false"
"App gọi xe yêu cầu mã OTP nhưng tôi không nhận được gì cả.","false"
"Có ai biết tại sao không thể thanh toán qua điện thoại cho app đặt đồ ăn không?","false"
"Tôi không nhận được xác minh cho tài khoản ngân hàng của mình.","false"
"Bị khóa tài khoản game mà không hiểu lý do, ai có cách giải quyết không?","false"
"Tại sao không thể xem được kênh nào trên truyền hình cáp?","false"
"Tôi cần hỗ trợ vì không nhận được mã OTP cho dịch vụ thanh toán.","false"
"Không nhận được mã OTP để đăng nhập vào ngân hàng trực tuyến","false"
"Tôi bị trừ tiền trong ví điện tử mà không biết lý do gì cả","false"
"Làm ơn giúp tôi với, tài khoản game của tôi bị khóa rồi","false"
"Tôi không xem được kênh nào trên truyền hình cáp, làm sao bây giờ?","false"
"App xem phim yêu cầu xác minh số điện thoại nhưng tôi vẫn chưa nhận được mã","false"
"Tại sao tôi không thể đăng nhập vào ví điện tử của mình?","false"
"Thẻ cào điện thoại của tôi bị lỗi, tôi không nạp được vào tài khoản","false"
"Chả nhẽ tôi không xem được phim vì không nhận được mã xác thực?","false"
"Tôi muốn biết tại sao tài khoản của tôi trong app gọi xe bị khóa","false"
"Mọi người ơi, tôi không vào được trang thương mại điện tử, có ai biết không?","false"
"Cho tôi hỏi, tôi không nhận được thông báo gì từ app ngân hàng cả","false"
"Tại sao không thể xem các kênh truyền hình trên app của tôi?","false"
"Biết đâu có ai gặp lỗi tương tự với số điện thoại dùng để đăng nhập app?","false"
"Tôi không thấy hóa đơn thanh toán từ dịch vụ truyền hình internet, phải làm sao?","false"
"Phí dịch vụ giao hàng qua app này là bao nhiêu nhỉ?","false"
"App đặt đồ ăn yêu cầu xác minh qua số điện thoại mà tôi không nhận được mã","false"
"Tôi muốn biết tại sao tài khoản thương mại điện tử của tôi bị khóa","false"
"Nhờ mọi người giúp tôi với, tôi không nhận được OTP để kích hoạt tài khoản","false"
"Tôi đang gặp sự cố với tài khoản game, không vào được","false"
"Sao tôi không thể thanh toán qua ví điện tử, có ai biết không?","false"
"Mọi người ơi, có ai bị lỗi không truy cập được vào app gọi xe không?","false"
"Không hiểu sao tôi không nhận được mã xác thực từ ngân hàng","false"
"Tài khoản truyền hình cáp của tôi bị khóa, làm sao để khôi phục?","false"
"Không thể xác thực số điện thoại để đăng nhập vào app ngân hàng","false"
"Tôi không xem được phim trên ứng dụng, có ai biết cách sửa không?","false"
"Làm ơn cho tôi hỏi, hóa đơn ví điện tử của tôi bị trừ mà không có lý do","false"
"App thương mại điện tử yêu cầu tôi xác minh số điện thoại nhưng tôi không nhận được gì","false"
"Tôi quên mật khẩu tài khoản game, không biết làm sao để lấy lại","false"
"Xin hãy giúp tôi, tài khoản ngân hàng của tôi không thể truy cập được","false"
"Mọi người có ai gặp vấn đề với việc đăng nhập vào app gọi xe không?","false"
"Tại sao tôi không nhận được mã xác nhận để vào app thanh toán?","false"
"Tôi không thể xem các kênh truyền hình, có ai gặp vấn đề tương tự không?","false"
"Có ai biết cách khôi phục tài khoản ví điện tử bị khóa không?","false"
"Tôi không hiểu sao không nhận được thông báo từ app ngân hàng","false"
"Tôi vừa bị trừ tiền trên app thanh toán mà không hề mua gì cả","false"
"Tôi không thể vào tài khoản thương mại điện tử của mình, có cách nào không?","false"
"Chả nhẽ app xem phim lại yêu cầu xác minh số điện thoại mà tôi không nhận được mã?","false"
"Tại sao tôi không thể thanh toán qua ví điện tử như thường lệ?","false"
"Số điện thoại đăng ký ví điện tử của tôi không nhận được OTP","false"
"Không thể xác thực tài khoản của tôi trên app gọi xe, phải làm sao?","false"
"Tôi muốn biết hóa đơn truyền hình cáp của tôi sao lại không có thông tin gì?","false"
"Xin cho tôi biết lý do tại sao tôi không xem được kênh mình đã đăng ký","false"
"Chả nhẽ lại không nhận được mã xác thực cho tài khoản game của tôi?","false"
"Tôi không nhận được thông tin gì từ app giao hàng, có ai giống tôi không?","false"
"Tại sao tài khoản ví điện tử của tôi lại bị khóa, tôi chưa làm gì sai","false"
"Tôi có thể lấy lại tài khoản ngân hàng của mình nếu bị khóa không?","false"
"Tôi không thể vào trang thương mại điện tử, số điện thoại không được xác minh","false"
"Làm ơn, tôi không nhận được OTP để kích hoạt tài khoản truyền hình của mình","false"
"Cho tôi hỏi, sao app thanh toán lại yêu cầu xác minh mà không gửi mã đến số điện thoại?","false"
"Số điện thoại của tôi không nhận mã OTP khi đăng nhập vào ngân hàng trực tuyến","false"
"Chả nhẽ không có ai gặp lỗi không vào được app mình yêu thích không?","false"
"Tôi không thể xem được phim vì không xác minh tài khoản, làm sao bây giờ?","false"
"Xin lỗi, tôi không nhận được thông báo từ ví điện tử, có ai giúp không?","false"
"Tôi quên mật khẩu tài khoản thương mại điện tử của mình, có ai biết cách khôi phục không?","false"
"Có ai gặp vấn đề với việc không nhận được mã OTP khi đăng nhập vào app thanh toán không?","false"
"Tại sao tôi không thể xem được các kênh đã đăng ký trên truyền hình cáp?","false"
"App gọi xe yêu cầu tôi xác minh số điện thoại nhưng tôi không nhận được mã nào cả","false"
"Không hiểu sao tài khoản game của tôi lại bị khóa, có ai giúp không?","false"
"Tôi không thể vào tài khoản ví điện tử của mình, phải làm sao để lấy lại?","false"
"Tôi đã thanh toán nhưng không thấy hóa đơn từ dịch vụ truyền hình cáp, ai biết không?","false"
"Tôi không nhận được mã xác thực từ app gọi xe, phải làm sao đây?","false"
"Không thể thanh toán qua app thương mại điện tử, có ai biết lý do không?","false"
"Tôi không thể xác minh tài khoản ngân hàng vì không nhận được OTP","false"
"Sao tôi không nhận được thông báo từ app giao hàng khi đặt hàng?","false"
"Có ai gặp lỗi không xem được phim trên app yêu thích của mình không?","false"
"Hóa đơn ví điện tử của tôi bị lỗi, sao lại không có thông tin gì cả?","false"
"Tôi không biết tại sao tài khoản game lại bị khóa, có ai có kinh nghiệm không?","false"
"Xin giúp tôi, tôi không nhận được mã xác minh cho tài khoản ngân hàng của mình","false"
"Tại sao lại không nhận được mã OTP khi đăng nhập vào app thanh toán?","false"
"Tôi muốn khôi phục tài khoản thương mại điện tử của mình nhưng không nhận được thông báo gì","false"
"Mọi người có ai biết cách lấy lại tài khoản ví điện tử không?","false"
"Sao tôi không thể vào được trang truyền hình cáp, có ai biết không?","false"
"Tôi không nhận được mã xác thực để truy cập vào tài khoản game của mình","false"
"Gói dịch vụ truyền hình của tôi không hoạt động, làm sao để khắc phục?","false"
"Tôi đã chờ mã OTP từ ngân hàng mà không thấy gửi đến số điện thoại","false"
"Có ai biết tại sao tôi không thể xem được kênh truyền hình mình đã đăng ký?","false"
"Tôi không thể đăng nhập vào app gọi xe vì không nhận được xác minh số điện thoại","false"
"Tôi không nhận được thông báo từ ví điện tử của mình, có khi nào có lỗi không?","false"
"Nhờ mọi người giúp tôi, tài khoản thương mại điện tử bị khóa rồi","false"
"Số điện thoại của tôi không nhận mã xác thực để truy cập vào ứng dụng ngân hàng","false"
"Không thể xác minh tài khoản của tôi trên app thanh toán vì không nhận được OTP","false"
"Tôi không hiểu sao lại không nhận được mã OTP khi đăng nhập vào app thương mại điện tử","false"
"Tôi không thể xem phim trên app yêu thích vì không xác thực tài khoản","false"
"Có ai gặp lỗi không vào được app giao hàng không?","false"
"Tại sao tôi không nhận được thông báo từ dịch vụ ví điện tử mà tôi đã đăng ký?","false"
"Số điện thoại của tôi không nhận mã xác thực khi truy cập vào ứng dụng gọi xe","false"
"Tôi không thể thanh toán qua app thương mại điện tử vì không nhận được mã xác minh","false"
"Tôi không nhận được mã OTP để khôi phục tài khoản game của mình, cần giúp đỡ","false"
"Không thể vào tài khoản ngân hàng của tôi, có ai biết cách giải quyết không?","false"
"App xem phim đã yêu cầu xác minh số điện thoại nhưng tôi không nhận được gì cả","false"
"Xin cho tôi biết lý do tại sao tài khoản ví điện tử của tôi lại bị khóa?","false"
"Tại sao tôi không thể xem được các kênh trên truyền hình cáp của mình?","false"
"Tôi không thể đăng nhập vào ứng dụng gọi xe vì không nhận được mã xác thực","false"
"Sao tôi không nhận được thông báo từ app thương mại điện tử sau khi đặt hàng?","false"
"Có ai biết làm sao lấy lại tài khoản ngân hàng bị khóa của mình không?","false"
"Chả nhẽ lại không nhận được mã xác minh cho tài khoản game của tôi?","false"
"Tôi không nhận được mã OTP để xác thực tài khoản ví điện tử, ai giúp không?","false"
"Không hiểu sao tài khoản truyền hình cáp của tôi lại không hoạt động được?","false"
"Số điện thoại của tôi không nhận mã xác thực khi đăng nhập vào app thanh toán","false"
"Tôi đã thử mọi cách mà vẫn không vào được tài khoản thương mại điện tử của mình","false"
"Tại sao không nhận được mã xác minh từ ngân hàng khi đăng nhập vào ứng dụng?","false"
"Tôi không hiểu vì sao không thể vào trang web dịch vụ giao hàng, có ai biết không?","false"
"Tôi không nhận được mã OTP để xác minh tài khoản game của mình, cần giúp đỡ","false"
"Tôi đang gặp vấn đề với việc không xem được các kênh truyền hình đã đăng ký","false"
"Nhờ mọi người giúp tôi, tài khoản ví điện tử không vào được","false"
"Tôi không thấy thông báo từ app thanh toán, có ai gặp giống tôi không?","false"
"Chả nhẽ lại không nhận được mã xác thực cho tài khoản ngân hàng khi đăng nhập?","false"
"Tôi không thể xác minh tài khoản thương mại điện tử của mình vì không nhận được mã","false"
"Tài khoản game của tôi bị khóa, không biết làm sao để mở lại?","false"
"App xem phim yêu cầu tôi xác minh số điện thoại nhưng tôi không nhận được mã nào","false"
"Tại sao không nhận được thông báo từ ví điện tử sau khi thực hiện thanh toán?","false"
"Tôi không thể vào tài khoản thương mại điện tử của mình, cần phải làm gì?","false"
"Không hiểu sao tài khoản ngân hàng của tôi lại không truy cập được, có ai biết không?","false"
"Có ai gặp vấn đề không nhận được mã OTP khi đăng nhập vào ứng dụng không?","false"
"Tôi không nhận được mã xác thực từ app gọi xe để đăng nhập, có ai có kinh nghiệm không?","false"
"Nhờ mọi người giúp tôi với, sao tôi không thể xem được kênh truyền hình đã đăng ký?","false"
"Sao tôi không nhận được thông báo từ ứng dụng thanh toán sau khi thực hiện giao dịch?","false"
"Tôi không thể vào tài khoản game của mình, có cách nào lấy lại không?","false"
"Tại sao không thể xác minh tài khoản ví điện tử của tôi, không nhận được mã xác thực?","false"
"Tôi không nhận được mã OTP để đăng nhập vào ứng dụng ngân hàng, xin giúp đỡ","false"
"Chả nhẽ lại không nhận được mã xác thực cho tài khoản thương mại điện tử của tôi?","false"
"Tôi không thể xem được phim trên app yêu thích, thông báo không có gì cả","false"
"Tại sao không nhận được thông báo từ dịch vụ giao hàng sau khi đặt hàng?","false"
"Tôi không thể vào trang thương mại điện tử của mình, có ai biết cách khôi phục không?","false"
"App xem phim yêu cầu xác minh số điện thoại mà tôi không nhận được mã xác thực","false"
"Tôi không thể thanh toán qua ví điện tử vì không nhận được mã xác minh, cần giúp đỡ","false"
"Tôi đang gặp vấn đề với việc không vào được tài khoản truyền hình cáp của mình, ai biết không?","false"
"Sao tôi không nhận được mã xác thực cho tài khoản game của mình, cần giúp đỡ","false"
"Nhờ mọi người hỗ trợ, tài khoản thương mại điện tử của tôi bị khóa rồi","false"
"Tại sao tôi không nhận được thông báo từ app thanh toán khi thực hiện giao dịch?","false"
"Em không nhận được mã OTP để đăng nhập vào ứng dụng ngân hàng.","false"
"Anh vừa bị trừ tiền trong ví điện tử nhưng không rõ nguyên nhân.","false"
"Tôi không thể xem được kênh yêu thích trên truyền hình cáp, có ai biết lý do không?","false"
"Cho tôi hỏi tại sao tài khoản game của tôi bị khóa?","false"
"App đặt đồ ăn yêu cầu xác minh số điện thoại nhưng tôi không nhận được tin nhắn xác thực.","false"
"Em làm gì bây giờ khi không nhận được mã xác thực để rút tiền từ ví điện tử?","false"
"Tại sao hóa đơn tháng này lại cao hơn tháng trước cho dịch vụ truyền hình internet?","false"
"Vừa đặt xe nhưng không nhận được thông báo từ ứng dụng gọi xe, có ai gặp tình trạng này không?","false"
"Chị ơi, sao em không đăng nhập được vào tài khoản ngân hàng online, có cần gọi số nào không?","false"
"Em đã nạp tiền vào tài khoản game nhưng vẫn không thấy tiền trong game đâu cả!","false"
"Không hiểu sao tôi lại không thể xem được phim trên ứng dụng, có ai biết không?","false"
"Tại sao tài khoản ví điện tử của tôi lại bị khóa mà không có thông báo gì?","false"
"Em vừa mất tiền khi thanh toán qua ứng dụng, ai biết lỗi này không?","false"
"Gọi điện trên app thì không sao nhưng tại sao tin nhắn mã xác thực không gửi được?","false"
"Tháng trước tôi đã đóng phí truyền hình cáp rồi mà sao vẫn báo nợ?","false"
"Em không nhận được thông báo giao hàng từ ứng dụng thương mại điện tử, phải làm sao bây giờ?","false"
"Ứng dụng thanh toán yêu cầu xác thực số điện thoại nhưng không gửi mã OTP, có ai giúp không?","false"
"Tôi đã liên hệ nhưng chưa nhận được phản hồi về việc khóa tài khoản ngân hàng.","false"
"Em thấy gói kênh trên truyền hình cáp không đúng như quảng cáo, cần ai giúp không?","false"
"Nghe nói tháng này có chương trình khuyến mãi cho dịch vụ xem phim, có ai biết chi tiết không?","false"
"Em đã cố gắng đăng nhập vào ví điện tử nhưng liên tục bị lỗi, ai từng gặp chưa?","false"
"Tôi đã nạp tiền vào tài khoản nhưng không thấy tiền đâu trên ứng dụng gọi xe.","false"
"Chị ơi, giúp em với, em không thể xác minh tài khoản trên app ngân hàng được.","false"
"Tại sao không thể xem lại lịch sử giao dịch trên ứng dụng thanh toán?","false"
"App này yêu cầu số điện thoại để xác thực nhưng mã OTP cứ không tới.","false"
"Vừa đặt hàng trên thương mại điện tử mà không nhận được email xác nhận gì cả!","false"
"Tôi không thể truy cập vào kênh mà tôi đã đăng ký trên truyền hình cáp, làm thế nào bây giờ?","false"
"Không hiểu sao tài khoản ví điện tử của tôi lại bị giảm tiền đột ngột như vậy?","false"
"Em không nhận được thông báo về việc gia hạn dịch vụ trên app xem phim.","false"
"Chị ơi, sao em không vào được tài khoản game của mình nữa, có ai biết không?","false"
"App đặt đồ ăn không gửi được mã xác thực cho tôi, có ai gặp lỗi này chưa?","false"
"Tôi đã cố gắng nhiều lần nhưng vẫn không nhận được mã xác minh cho tài khoản ngân hàng.","false"
"Tại sao tháng này hóa đơn truyền hình cáp lại cao gấp đôi mọi khi?","false"
"Em đang gặp vấn đề với ví điện tử, không biết có ai biết vì sao không nhỉ?","false"
"App gọi xe báo lỗi nhưng tôi không thấy có thông tin gì ở đâu cả.","false"
"Tại sao tôi không thể xác minh tài khoản ngân hàng bằng số điện thoại này?","false"
"Em có thể giúp tôi kiểm tra hóa đơn tháng này không? Sao lại cao hơn dự kiến?","false"
"Không thể vào được ứng dụng xem phim, có lỗi gì không ai biết không?","false"
"Tôi vừa bị lỗi xác minh số điện thoại khi làm giao dịch, phải làm sao?","false"
"Em nhờ mọi người xem giúp lý do sao không thể đăng nhập vào tài khoản game.","false"
"Làm ơn giúp tôi với, tôi quên mật khẩu tài khoản nhưng không nhận được mã xác thực.","false"
"Chả nhẽ tôi phải gọi điện thoại để kiểm tra hóa đơn truyền hình cáp sao?","false"
"Khó hiểu quá, không thể thanh toán trên ứng dụng được, ai có cách giải quyết không?","false"
"Tôi cần hỗ trợ nhưng không nhận được phản hồi từ dịch vụ khách hàng của ví điện tử.","false"
"Em không nhận được thông báo về giao hàng từ ứng dụng thương mại điện tử.","false"
"Chị có biết tại sao không xem được kênh truyền hình mình yêu thích không?","false"
"App này yêu cầu tôi xác minh bằng số điện thoại mà mã OTP không gửi về.","false"
"Tại sao tài khoản ngân hàng của tôi lại không đăng nhập được, có ai biết?","false"
"Em không hiểu vì sao phí tháng này lại cao hơn bình thường cho dịch vụ truyền hình cáp.","false"
"Tôi không vào được tài khoản ví điện tử, cần hỗ trợ làm thế nào đây?","false"
"Giúp tôi với, không thể xác minh tài khoản game dù đã nhập số điện thoại.","false"
"Vừa đặt hàng mà giờ không thấy thông báo gì từ app, có ai cũng gặp tình trạng này không?","false"
"Em không nhận được mã xác minh cho tài khoản ngân hàng, có ai biết giúp không?","false"
"Tại sao tháng này tôi lại thấy hóa đơn truyền hình cáp cao hơn tháng trước?","false"
"Nghe nói có lỗi gì đó với app thanh toán mà em không nhận được mã OTP đúng không?","false"
"Tôi không thể xem lại lịch sử giao dịch trên ứng dụng gọi xe, có ai biết lý do không?","false"
"Em đã gửi yêu cầu nhưng không nhận được phản hồi nào về tài khoản ví điện tử.","false"
"Không hiểu sao không thể thanh toán qua ứng dụng nữa, có ai gặp phải không?","false"
"Chị ơi, em không thể gọi điện trên app, có ai có cách giải quyết không ạ?","false"
"Tại sao lại không nhận được thông báo xác thực cho tài khoản của mình?","false"
"Em đang bị lỗi không vào được tài khoản game, có ai biết cách khắc phục không?","false"
"Em không nhận được thông báo giao hàng từ ứng dụng, có giải pháp nào không?","false"
"Chị ơi, làm sao để kiểm tra hóa đơn tháng này cho dịch vụ truyền hình cáp vậy?","false"
"Tôi không thể xác minh tài khoản ngân hàng bằng số điện thoại này, có ai biết lý do?","false"
"Em không thể đặt hàng trên app thương mại điện tử vì không nhận được mã OTP.","false"
"Tháng này hóa đơn truyền hình cáp lại cao một cách bất thường, có ai gặp phải không?","false"
"Không hiểu sao em không thể đăng nhập vào ứng dụng thanh toán, ai có cách nào không?","false"
"Chị có thấy dịch vụ xem phim đang bị lỗi không, em không vào được?","false"
"Em không nhận được mã xác minh cho tài khoản game, có cách nào khác không?","false"
"Tôi không thấy được thông báo giao hàng từ app thương mại điện tử, cần hỗ trợ.","false"
"Em đã cố nhiều lần mà mã OTP vẫn không về giúp em với!","false"
"Gia hạn dịch vụ truyền hình cáp mà sao hóa đơn lại cao bất ngờ, ai biết không?","false"
"Có ai biết tại sao tôi không thể thanh toán qua app này không?","false"
"Tôi không thể đăng nhập vào ví điện tử, mã xác thực không gửi về điện thoại.","false"
"Em không nhận được thông báo từ ứng dụng gọi xe, không biết có ai gặp tình trạng này không?","false"
"Tại sao mình không thể xác thực tài khoản ngân hàng qua số điện thoại được nhỉ?","false"
"Chị ơi, không hiểu sao hóa đơn trên app lại cao hơn nhiều so với tháng trước?","false"
"Em quên mật khẩu tài khoản game và không nhận được mã xác thực, làm thế nào bây giờ?","false"
"App đặt đồ ăn yêu cầu xác thực qua số điện thoại mà mã OTP không về!","false"
"Không thể đăng nhập vào ứng dụng ngân hàng, cần sự trợ giúp từ ai đó!","false"
"Tại sao em không thể xem phim trên app này, có ai giúp được không?","false"
"Em cần hỗ trợ vì không thể xác minh tài khoản của mình qua số điện thoại này.","false"
"Giúp em với! Sao lại không nhận được mã xác thực cho ví điện tử?","false"
"Chị có biết vì sao tôi không nhận được thông báo giao hàng từ ứng dụng không?","false"
"Tôi đã nạp tiền vào tài khoản nhưng không thấy gì trên app gọi xe.","false"
"Tại sao tôi không thể xem kênh yêu thích trên dịch vụ truyền hình cáp?","false"
"Em nhờ mọi người giúp xem tại sao tài khoản game không đăng nhập được không?","false"
"Không hiểu sao không thể thanh toán qua app nữa, ai có cách giải quyết không?","false"
"Giúp tôi với, không thể xác minh tài khoản ngân hàng dù đã nhập đúng số điện thoại.","false"
"Em không nhận được mã OTP để xác thực tài khoản ví điện tử của mình, có ai biết không?","false"
"Tại sao tháng này hóa đơn truyền hình cáp lại cao hơn hẳn mọi khi vậy?","false"
"Làm ơn giúp tôi với, sao không thể gọi điện được trên ứng dụng?","false"
"Em có thể giúp tôi tìm hiểu tại sao không thể truy cập vào tài khoản game không?","false"
"Tôi không thấy thông báo gì từ app thương mại điện tử sau khi đặt hàng, ai biết lý do?","false"
"Chị ơi, sao lại không xem được chương trình yêu thích trên truyền hình cáp vậy?","false"
"Em không nhận được thông báo xác thực qua số điện thoại cho ví điện tử, có ai gặp không?","false"
"Tôi không thể vào được tài khoản ngân hàng và không nhận được mã xác thực.","false"
"App này yêu cầu mã xác thực mà tôi không nhận được tin nhắn, cần giúp.","false"
"Nghe nói tháng này có promo cho dịch vụ xem phim, ai có thông tin không?","false"
"Em đang bị khóa tài khoản game và không nhận được mã xác thực, có ai giúp không?","false"
"Không hiểu sao tháng này tôi lại nhận hóa đơn truyền hình cáp nhiều hơn tháng trước.","false"
"Tôi đã nạp tiền vào ví điện tử nhưng sao không thấy tiền đâu cả!","false"
"Em không nhận được thông báo từ ứng dụng gọi xe, có vấn đề gì không?","false"
"Làm sao để kiểm tra hóa đơn tháng này cho dịch vụ truyền hình cáp?","false"
"Em không thể xác thực tài khoản ngân hàng qua số điện thoại này, có ai biết lý do?","false"
"Không hiểu sao app đặt đồ ăn yêu cầu xác minh mà không gửi mã OTP đến điện thoại.","false"
"Tôi không thể xem được kênh yêu thích trên dịch vụ truyền hình cáp, cần ai giúp không?","false"
"Em đã cố gắng nhập mã xác thực nhưng không nhận được gì cho tài khoản ví điện tử.","false"
"Tại sao tôi không thể thanh toán trên ứng dụng này, cần sự hỗ trợ!","false"
"Em không nhận được thông báo xác minh cho tài khoản game, có ai biết không?","false"
"Chị ơi, làm sao để kiểm tra dịch vụ truyền hình cáp của mình vì hóa đơn không đúng?","false"
"Tôi không vào được ứng dụng ngân hàng và mã xác thực không gửi về điện thoại.","false"
"Em đang gặp lỗi không xem được phim trên app, cần sự trợ giúp từ ai đó!","false"
"Nghe nói có vấn đề với app thanh toán mà em không nhận được mã OTP, ai biết không?","false"
"Cho tôi hỏi tại sao không thể xác minh tài khoản ngân hàng bằng số điện thoại không?","false"
"Em không nhận được thông báo giao hàng từ ứng dụng thương mại điện tử, cần giúp.","false"
"Chị có biết tại sao tôi không thể xem được kênh yêu thích trên truyền hình cáp không?","false"
"Em không hiểu sao không nhận được mã xác thực cho tài khoản ví điện tử của mình!","false"
"Tôi đã cố gắng nhưng vẫn không thể đăng nhập vào tài khoản game, cần ai giúp không?","false"
"Giúp tôi với, sao lại không nhận được mã xác thực cho ví điện tử nhỉ?","false"
"Chị ơi, không hiểu sao hóa đơn trên app lại cao hơn nhiều so với tháng trước?","false"
"Em không thể thanh toán qua ứng dụng gọi xe, có ai biết lý do không?","false"
"Tại sao không thể xem lại lịch sử giao dịch trên ứng dụng thanh toán, ai biết không?","false"
"Em không nhận được mã OTP để xác minh tài khoản ngân hàng, có ai biết không?","false"
"Không thể truy cập vào kênh yêu thích trên dịch vụ truyền hình cáp, có ai giúp không?","false"
"Tôi không thể xác minh tài khoản game dù đã nhập đúng số điện thoại.","false"
"Em không nhận được thông báo gì từ ứng dụng thương mại điện tử, cần hỗ trợ.","false"
"Chị ơi, sao lại không thể gọi điện được trên app này?","false"
"Tại sao tháng này hóa đơn truyền hình cáp lại cao hơn hẳn mọi khi vậy?","false"
"Em đang gặp vấn đề với ví điện tử, không biết có ai biết vì sao không nhỉ?","false"
"Ngân hàng của tôi không gửi mã OTP về số điện thoại để xác nhận giao dịch","false"
"Máy tôi không đăng nhập được vào tài khoản Netflix, có cần mã OTP không?","false"
"Tôi muốn biết tại sao ví điện tử không chấp nhận số điện thoại này","false"
"Truyền hình cáp bị mất kênh, tôi đã thử khởi động lại nhưng không thấy gì","false"
"App gọi xe không nhận diện được số điện thoại của tôi, làm sao đây?","false"
"Tài khoản game của tôi bị khóa, nhưng không nhận được thông báo nào","false"
"Khách hàng hay phàn nàn về việc không nhận được mã xác thực từ app thanh toán","false"
"Số điện thoại của tôi không nhận được tin nhắn từ dịch vụ giải trí nào cả","false"
"Nhờ bạn hỗ trợ, tôi không đăng nhập được vào tài khoản ngân hàng do mã OTP không tới","false"
"App xem phim yêu cầu xác minh số điện thoại nhưng mã không được gửi","false"
"Nhà cung cấp dịch vụ không cho tôi biết tại sao tài khoản bị khóa","false"
"Truyền hình internet của tôi có vấn đề, không thể xem được nhiều kênh","false"
"Tôi không thể xác nhận tài khoản giao hàng vì không nhận được tin nhắn","false"
"Có ai biết tại sao ứng dụng gọi xe lại không gửi mã xác thực vào điện thoại không?","false"
"Đã thử đổi mật khẩu mà vẫn không nhận được mã OTP qua số điện thoại","false"
"Tại sao không thể thanh toán qua ví điện tử, có cần số điện thoại khác không?","false"
"Không hiểu sao số điện thoại này không đăng nhập được vào tài khoản streaming","false"
"App mua sắm yêu cầu xác minh số điện thoại mà không thấy tin nhắn gì cả","false"
"Tôi không thấy hóa đơn truyền hình cáp trong tài khoản, có gì sai không?","false"
"Số điện thoại của tôi không nhận được mã xác thực khi đăng ký tài khoản mới","false"
"Phí dịch vụ của app gọi xe sao lại bị trừ mà không có thông báo trước?","false"
"Truyền hình cáp của tôi đang gặp lỗi không xem được kênh, có ai biết cách khắc phục không?","false"
"Thì ra là không nhận được OTP cho app ngân hàng, rất khó chịu!","false"
"Nhờ giúp đỡ, tôi không nhận được tin nhắn xác nhận cho tài khoản ví điện tử","false"
"App đặt đồ ăn không gửi mã xác thực vào số điện thoại của tôi","false"
"Tôi không thể xem được phim yêu thích do không nhận được mã xác thực","false"
"Tại sao không thấy thông tin tài khoản truyền hình cáp của tôi nhỉ?","false"
"Đăng nhập không thành công vào tài khoản game, không nhận được OTP","false"
"App thanh toán không gửi mã về số điện thoại của tôi, thật khó chịu!","false"
"Tôi cần hỗ trợ, không thấy hóa đơn của tháng trước trên app truyền hình cáp","false"
"Không nhận được mã OTP để xác nhận tài khoản mới trong ứng dụng ngân hàng","false"
"Tại sao số điện thoại này không được dùng để đăng nhập vào tài khoản streaming?","false"
"Khách hàng thường không nhận được mã xác thực khi dùng app thanh toán","false"
"Tôi không nhận được mã xác thực để xem phim trực tuyến, làm sao giải quyết được?","false"
"Số điện thoại của tôi không nhận được thông báo từ dịch vụ giao hàng","false"
"Phí dịch vụ không được thông báo khi sử dụng app gọi xe, rất bực mình!","false"
"Không hiểu sao app ngân hàng lại không gửi mã OTP về số điện thoại của mình","false"
"Không thể xem các kênh do tài khoản truyền hình cáp bị lỗi không đăng nhập được","false"
"Nhờ bạn giúp, mình không nhận được tin nhắn để xác thực tài khoản ví điện tử","false"
"Tôi không hiểu tại sao app mua sắm lại không gửi mã xác thực vào số điện thoại này","false"
"Số điện thoại không nhận được tin nhắn từ dịch vụ xem phim","false"
"Tôi không thể đăng nhập vào tài khoản game vì không nhận mã OTP","false"
"Hóa đơn truyền hình cáp không thấy đâu cả, có ai biết giúp không?","false"
"Đã thử đăng nhập lại mà vẫn không nhận được mã OTP cho app ngân hàng","false"
"App giao hàng yêu cầu mã xác thực mà không thấy gửi đến số điện thoại","false"
"Tại sao không thể xác nhận tài khoản giao dịch nếu không nhận được mã xác thực?","false"
"Trang web truyền hình cáp báo lỗi, không xem được kênh nào cả","false"
"Số điện thoại của tôi không thể dùng để đăng nhập vào tài khoản xem phim","false"
"Đã thử gọi điện thoại mà vẫn không thấy mã OTP xác thực từ ứng dụng","false"
"Tôi không nhận được thông báo từ app thanh toán trên số điện thoại của mình","false"
"Phí dịch vụ tháng này sao lại bị trừ mà không có thông báo gì từ dịch vụ?","false"
"Không thấy mã OTP gửi về số điện thoại để xác thực tài khoản ngân hàng","false"
"Việc không nhận được mã xác thực cho app gọi xe khiến tôi rất khó chịu","false"
"Hóa đơn dịch vụ truyền hình cáp tháng này sao vẫn chưa có?","false"
"Số điện thoại không nhận được tin nhắn khi đăng ký tài khoản mới cho app","false"
"Có ai biết cách kiểm tra tài khoản ví điện tử không nhận mã xác thực không?","false"
"Truyền hình cáp của tôi không có tín hiệu, đã thử reset mà vẫn không được","false"
"Đã thử nhiều lần nhưng vẫn không nhận được mã OTP cho tài khoản game","false"
"Tại sao không nhận được mã xác thực cho app giao hàng qua số điện thoại này?","false"
"Không thấy thông tin tài khoản truyền hình cáp của mình đâu cả","false"
"App ngân hàng bắt xác minh số điện thoại nhưng không gửi mã gì cả","false"
"Số điện thoại không nhận được tin nhắn xác nhận khi sử dụng dịch vụ","false"
"Phí dịch vụ app gọi xe sao lại bất ngờ bị tăng lên mà không thông báo?","false"
"Tôi không thể xác định lý do mà không nhận được mã OTP từ ứng dụng","false"
"Trang web truyền hình cáp không cho tôi xem các kênh, thật khó chịu!","false"
"Tôi có cần xác minh số điện thoại khi đăng ký tài khoản ví điện tử không?","false"
"Đã thử đổi số điện thoại nhưng vẫn không nhận được mã xác thực cho app","false"
"Không thể xem phim vì không nhận được mã xác thực vào số điện thoại của tôi","false"
"Tại sao tài khoản game không gửi mã xác thực về số điện thoại mà mình đã đăng ký?","false"
"Không nhận được tin nhắn để xác nhận tài khoản ngân hàng, rất bực bội!","false"
"Số điện thoại này không xác minh được trên app giao hàng, làm sao để giải quyết?","false"
"Người dùng thường không nhận được thông báo từ dịch vụ truyền hình cáp","false"
"Tôi không thể xác nhận tài khoản mới do không nhận được mã OTP từ app","false"
"Đã thử nhiều cách nhưng vẫn không nhận được mã cho tài khoản ví điện tử","false"
"Số điện thoại không nhận được tin nhắn từ dịch vụ xem phim nào cả","false"
"Không hiểu vì sao mình lại không nhận được mã xác thực cho app ngân hàng","false"
"Truyền hình internet có vấn đề, không thể xem được kênh nào cả","false"
"Tại sao không nhận được mã xác thực khi đăng nhập vào app gọi xe?","false"
"Nhờ bạn giúp, không thấy hóa đơn tháng này trên tài khoản truyền hình cáp","false"
"Tôi cần mã OTP để đăng nhập vào tài khoản game nhưng không thấy gì cả","false"
"Khách hàng thường không nhận được mã xác thực từ dịch vụ thanh toán","false"
"Số điện thoại không nhận được thông báo khi sử dụng dịch vụ giao hàng","false"
"Không thấy mã OTP gửi về số điện thoại của mình, phải làm sao?","false"
"Phí dịch vụ của app truyền hình cáp sao lại tăng mà không có thông báo trước?","false"
"Đã thử nhiều lần nhưng vẫn không nhận được mã OTP cho tài khoản ngân hàng","false"
"Tôi không thể xem các kênh trên truyền hình cáp do tài khoản bị lỗi","false"
"Số điện thoại không nhận được mã xác thực khi đăng ký tài khoản mới","false"
"App thanh toán yêu cầu xác minh số điện thoại mà không gửi mã gì cả","false"
"Việc không nhận được mã xác thực cho app gọi xe khiến tôi rất khó chịu","false"
"Tại sao không thấy thông tin tài khoản truyền hình cáp của tôi ở đâu cả?","false"
"Đã thử gọi điện nhưng không thấy mã OTP gửi cho tài khoản game của mình","false"
"Số điện thoại này không nhận được tin nhắn từ dịch vụ xem phim nào cả","false"
"Không hiểu sao không nhận được mã xác thực cho app ngân hàng khi đăng nhập?","false"
"Truyền hình cáp không có tín hiệu, đã thử reset mà vẫn không được","false"
"Tại sao không nhận được mã xác thực cho app giao hàng qua số điện thoại này?","false"
"Tôi không thể xác nhận tài khoản giao dịch nếu không nhận được mã xác thực?","false"
"Số điện thoại không được phép đăng nhập vào tài khoản xem phim nào cả","false"
"Người dùng thường không nhận được thông báo từ dịch vụ truyền hình cáp","false"
"Đã thử nhiều lần nhưng vẫn không nhận được mã cho tài khoản ví điện tử","false"
"Em không nhận được mã OTP để đăng nhập vào app ngân hàng","false"
"Tại sao tài khoản ví điện tử của tôi bị khóa, tôi đã sử dụng số điện thoại để đăng nhập mà","false"
"Nhà mình không xem được kênh truyền hình cáp nào cả, có ai gặp lỗi này không?","false"
"Xin cho hỏi sao app gọi xe không xác minh được số điện thoại của tôi?","false"
"Tôi đã bị trừ tiền từ tài khoản mà không biết lý do, có ai biết không?","false"
"Phí dịch vụ của truyền hình internet tháng này cao quá, ai cũng bị vậy không?","false"
"App đặt đồ ăn yêu cầu nhập số điện thoại để xác thực, nhưng mã OTP không gửi đến","false"
"Tôi không đăng nhập được vào tài khoản game, mã xác thực gửi qua số điện thoại không thấy đâu!","false"
"Điện thoại của tôi không nhận được thông báo từ app mạng xã hội, ai biết cách khắc phục?","false"
"Tại sao tôi không xem được video trên app xem phim, có ai bị tình trạng này không?","false"
"Em vừa nạp tiền vào ví điện tử mà không thấy số dư cập nhật, phải làm sao đây?","false"
"Tài khoản của tôi bị khóa nhưng tôi không nhận được thông báo nào qua số điện thoại cả","false"
"Nhà mạng làm ơn cho biết sao tôi không nhận được mã OTP để xác minh ví điện tử?","false"
"Có ai gặp lỗi không xem được gói kênh yêu thích trên truyền hình cáp không?","false"
"App thanh toán không gửi mã xác thực về số điện thoại của tôi, rất bực mình!","false"
"Tôi có điện thoại nhưng không nhận được thông báo từ app mua sắm, làm ơn giúp tôi!","false"
"Khách hàng có gặp lỗi không vào được tài khoản ngân hàng qua số điện thoại không?","false"
"Xin lỗi, nhưng sao số điện thoại của tôi không được xác minh trên app gọi xe?","false"
"Tại sao tôi không thể xem các chương trình trên truyền hình internet?","false"
"Tôi đã bị trừ tiền nhưng không biết vì sao, ai có thể giúp tôi không?","false"
"Lỗi không nhận được mã xác thực qua số điện thoại rất phiền phức, ai có cách nào không?","false"
"Em không vào được tài khoản vì thiếu mã OTP, ai có cách nào khắc phục không?","false"
"Sao điện thoại không nhận được thông báo từ app giao hàng nhỉ?","false"
"Tại sao lại không xem được các series trên app xem phim, có ai biết không?","false"
"Em nghĩ tài khoản ví điện tử của mình có vấn đề vì không nhận được xác nhận qua số điện thoại","false"
"Đã lâu rồi không xem được kênh yêu thích trên truyền hình cáp, ai có cách khắc phục không?","false"
"Tôi không nhận được mã OTP cho thao tác thanh toán trên app ngân hàng, phải làm sao?","false"
"Không thể đăng nhập app gọi xe do không nhận được mã xác thực qua số điện thoại","false"
"Phí của dịch vụ truyền hình cáp này thực sự quá cao, ai cũng nghĩ vậy không?","false"
"Tại sao tôi không thể đặt đồ ăn qua app khi mã xác thực không gửi về số điện thoại?","false"
"Em có nạp tiền mà không thấy hiển thị, có ai gặp tình trạng tương tự không?","false"
"Điện thoại không nhận được mã OTP từ ví điện tử, ai biết cách khắc phục không?","false"
"Nhà mạng cho tôi hỏi sao không có thông báo nào về tài khoản ngân hàng của tôi?","false"
"Đã nạp tiền vào app nhưng số dư không thay đổi, rất khó chịu!","false"
"Không xem được kênh truyền hình mà mình thích, có ai có cách nào không?","false"
"Tại sao tôi không đăng nhập được vào tài khoản game, không thấy mã xác thực?","false"
"Sao không nhận được mã OTP qua số điện thoại, rất bực bội!","false"
"Em đã thử xác minh điện thoại cho app thanh toán mà không thành công, ai giúp em với?","false"
"Có ai gặp lỗi không thấy hóa đơn truyền hình cáp tháng này không?","false"
"Tại sao không có thông báo từ app giao hàng đến số điện thoại của tôi nhỉ?","false"
"Tôi không nhận được mã xác thực khi dùng app mạng xã hội, rất lo lắng!","false"
"Phí của dịch vụ truyền hình internet này có cao hơn trước không?","false"
"Em không nhận được thông báo từ app xem phim, ai biết tại sao không?","false"
"Không vào được tài khoản ngân hàng vì thiếu mã OTP, ai có cách nào không?","false"
"Tôi không thể xác minh số điện thoại của mình trên app gọi xe, ai biết giúp không?","false"
"Em đã thử nhiều lần mà không nhận được mã OTP cho ví điện tử, rất khó chịu!","false"
"Không thể xem được kênh yêu thích trên truyền hình cáp, làm ơn giúp tôi!","false"
"Số điện thoại của tôi không được xác minh cho app đặt đồ ăn, rất bực mình!","false"
"Phí dịch vụ mấy tháng gần đây quá cao, có ai thấy như vậy không?","false"
"Tôi không nhận được mã OTP khi đăng nhập vào tài khoản game, ai giúp tôi với!","false"
"Sao app thanh toán không gửi mã xác thực qua số điện thoại của tôi nhỉ?","false"
"Em không thể sử dụng ví điện tử vì không nhận được mã xác thực, ai giúp em với?","false"
"Tại sao không có bất kỳ thông báo nào từ app giao hàng đến số điện thoại của tôi?","false"
"Có ai cũng gặp lỗi không xem được nội dung trên truyền hình cáp không?","false"
"Đã nạp tiền rồi mà không thấy hiển thị trong app, rất khó chịu!","false"
"Tôi không nhận được mã OTP khi xác thực tài khoản ngân hàng, giúp tôi với!","false"
"Khách hàng có gặp tình trạng không nhận được mã OTP trên app gọi xe không?","false"
"Em không xem được kênh trên truyền hình mà mình thích, ai biết cách khắc phục không?","false"
"Sao không có mã xác thực gửi qua số điện thoại cho app thanh toán, rất khó chịu!","false"
"Biết làm sao khi không nhận được mã OTP cho tài khoản game?","false"
"Tại sao không nhận được mã OTP để xác thực cho app mạng xã hội?","false"
"Em đã nạp tiền vào ví điện tử mà không thấy số dư thay đổi, ai giúp em với?","false"
"Điện thoại không nhận được thông báo khi xem phim trên app, ai biết tại sao không?","false"
"Tại sao không nhận được mã OTP cho việc đăng nhập vào tài khoản ngân hàng?","false"
"Sao app gọi xe không xác minh được số điện thoại của tôi, rất bực bội!","false"
"Khách hàng có ai cũng không xem được kênh truyền hình nào không?","false"
"Em đang gặp lỗi không thể vào tài khoản game vì thiếu mã xác thực, ai giúp em với?","false"
"Tại sao không nhận được thông báo từ app giao hàng đến số điện thoại của tôi?","false"
"Em đã thử nhập mã OTP cho ví điện tử nhưng không thành công, ai giúp em với?","false"
"Tại sao lại không nhận được mã xác thực qua số điện thoại cho app thanh toán?","false"
"Nhà mạng giúp tôi với, sao không nhận được mã OTP cho tài khoản ngân hàng?","false"
"Điện thoại có vấn đề gì không khi không nhận được thông báo từ app mua sắm?","false"
"Sao em không nhận được mã OTP cho app xem phim, mọi người có biết không?","false"
"Tại sao không thể xác minh số điện thoại trên app gọi xe của tôi nhỉ?","false"
"Tôi đã nạp tiền vào ví điện tử mà không thấy cập nhật số dư, rất khó chịu!","false"
"Có ai gặp lỗi không xem được các chương trình trên truyền hình cáp không?","false"
"Biết làm sao khi tài khoản ngân hàng của tôi không nhận được mã OTP?","false"
"Điện thoại không nhận được thông báo cho app giao hàng, ai có thể giúp tôi với?","false"
"Em không xem được video trên app xem phim vì không nhận được mã xác thực!","false"
"Tại sao tôi không nhận được mã OTP khi đăng nhập tài khoản ngân hàng?","false"
"Tôi đã thử nhiều lần nhưng không nhận được mã xác thực cho ví điện tử, ai giúp tôi với?","false"
"Phí dịch vụ truyền hình cáp tăng cao quá, có ai thấy như vậy không?","false"
"Em không thể vào được tài khoản game vì không nhận được mã OTP, rất lo lắng!","false"
"Chẳng hiểu sao số điện thoại của tôi không được xác minh trên app thanh toán?","false"
"Sao app đặt đồ ăn không gửi mã xác thực về số điện thoại của tôi?","false"
"Tôi không biết tại sao không xem được kênh truyền hình cáp yêu thích của mình?","false"
"Em đã nạp tiền vào ví điện tử mà không thấy thay đổi, ai biết phải làm sao không?","false"
"Điện thoại không nhận được mã OTP gửi từ app mạng xã hội, có cách nào không?","false"
"Tại sao không nhận được mã xác thực cho việc đăng nhập tài khoản game của mình?","false"
"Em không nhận được thông báo từ app xem phim, có ai biết tại sao không?","false"
"Tại sao lại không có mã xác thực gửi qua số điện thoại cho app thanh toán của tôi?","false"
"Tôi không thể vào tài khoản ngân hàng vì thiếu mã OTP, ai biết giúp không?","false"
"Điện thoại của tôi không nhận được thông báo từ app mua sắm, rất khó chịu!","false"
"Nhà mạng có thể cho tôi hỏi sao không nhận được mã OTP cho tài khoản ngân hàng?","false"
"Em không thể xem được các chương trình trên truyền hình cáp, ai biết tại sao không?","false"
"Tôi đã thử nhiều lần mà không nhận được mã xác thực cho ví điện tử, rất bực mình!","false"
"Trong app ngân hàng, em không nhận được mã OTP về số điện thoại của mình","false"
"Vừa bị trừ tiền trong ví điện tử mà không biết lý do, ai giúp em với?","false"
"Em muốn xem lại hóa đơn truyền hình cáp tháng trước nhưng không tìm thấy ở đâu cả","false"
"Sao không đăng nhập được vào tài khoản game, có phải do số điện thoại không?","false"
"Đặt đồ ăn nhưng không nhận được xác nhận qua số điện thoại, phải làm sao?","false"
"App xem phim yêu cầu xác minh số điện thoại nhưng em không nhận được mã xác thực","false"
"Em quên mật khẩu ví điện tử, có cần số điện thoại để lấy lại không?","false"
"Không vào được tài khoản ngân hàng vì số điện thoại không được xác nhận","false"
"Có ai biết cách kiểm tra hóa đơn truyền hình cáp không? Em thấy bị tính phí cao quá","false"
"Em đăng nhập bằng số điện thoại vào app gọi xe mà không thấy mã xác thực","false"
"Tháng này em bị trừ tiền nhiều hơn tháng trước cho dịch vụ truyền hình cáp, ai biết lý do không?","false"
"Em muốn đổi số điện thoại đăng ký cho tài khoản thương mại điện tử nhưng không biết làm thế nào","false"
"Vừa bị khóa tài khoản ngân hàng mà không nhận được thông báo qua số điện thoại","false"
"Không xem được kênh truyền hình yêu thích, có phải do gói cước không?","false"
"Em không nhận được thông báo từ app đặt đồ ăn, có ai gặp trường hợp này chưa?","false"
"Lỗi không thể thanh toán đơn hàng trên app vì không thấy mã OTP gửi về số điện thoại","false"
"Em thấy bị trừ tiền cho dịch vụ không dùng từ app ngân hàng, có phải do lỗi không?","false"
"Có ai biết tại sao không vào được app mạng xã hội? Số điện thoại của em vẫn ok mà","false"
"Em đang bị khóa tài khoản ví điện tử, không biết có cần phải xác minh số điện thoại không?","false"
"Mọi người ơi, có ai bị mất số điện thoại khi đăng nhập vào ứng dụng gọi xe không?","false"
"Em quên mật khẩu tài khoản game, có cách nào lấy lại mà không cần số điện thoại không?","false"
"Tháng này sao mà hóa đơn truyền hình cáp cao quá, có ai biết lý do không?","false"
"Không nhận được mã xác thực khi đăng ký tài khoản trên app mua sắm, phải làm gì giờ?","false"
"Sao em không được xác nhận tài khoản ngân hàng qua số điện thoại nhỉ?","false"
"Em không xem được kênh nào cả trên truyền hình cáp, phải làm sao?","false"
"Số điện thoại của em không nhận được mã OTP khi đăng ký ví điện tử, có ai biết không?","false"
"Em không đăng nhập vào app gọi xe được vì không nhận mã xác nhận, có phải do lỗi không?","false"
"Mọi người cho em hỏi là sao không xem được phim trên nền tảng xem phim nhỉ?","false"
"Em đã thanh toán nhưng không thấy chuyển tiền vào tài khoản ngân hàng, ai biết lý do không?","false"
"Em bị khóa tài khoản truyền hình internet, mà không nhận được thông báo gì qua số điện thoại","false"
"Có ai biết tại sao lại không nhận được thông báo xác thực từ dịch vụ giao hàng không?","false"
"Em thấy không thể thanh toán cho dịch vụ truyền hình cáp qua số điện thoại, có ai gặp chưa?","false"
"Sao không xác minh được tài khoản ngân hàng bằng số điện thoại nhỉ?","false"
"Em thử đổi số điện thoại trên tài khoản game mà không thấy thông báo gì cả","false"
"App đặt đồ ăn báo lỗi không gửi được mã xác thực về số điện thoại, ai giúp em với!","false"
"Em không thể xem được kênh truyền hình yêu thích, có phải do gói dịch vụ không?","false"
"Tháng này bị trừ tiền cho dịch vụ không dùng trên app ngân hàng, ai biết lý do không?","false"
"Em đã đặt đồ ăn nhưng không thấy xác nhận qua số điện thoại, có ai biết không?","false"
"Em gặp lỗi không vào được trang web của dịch vụ streaming, số điện thoại vẫn dùng bình thường","false"
"Không nhận được mã xác thực khi đăng nhập vào app mạng xã hội, ai biết lý do không?","false"
"Em không vào được tài khoản ví điện tử, có cần số điện thoại để xác minh không?","false"
"Em không xem được phim yêu thích trên app, ai từng gặp phải lỗi này chưa?","false"
"Em đã bị trừ tiền cho dịch vụ truyền hình cáp mà không biết rõ lý do, có ai giúp không?","false"
"Bị khóa tài khoản ngân hàng mà không thấy mã OTP gửi về số điện thoại, làm sao giờ?","false"
"Em đã dùng số điện thoại để đăng ký nhưng không nhận được mã xác thực cho app gọi xe","false"
"Em thấy hóa đơn truyền hình cáp tháng này bất thường, có ai biết lý do không?","false"
"Không vào được tài khoản game vì không nhận được tin nhắn xác minh, phải làm sao?","false"
"Em không nhận được mã OTP để xác minh tài khoản trên app mua sắm, ai biết lý do không?","false"
"Sao không xem được kênh truyền hình nào trên app nhỉ? Có ai gặp phải không?","false"
"Em không nhận được thông báo từ ví điện tử, có ai gặp vấn đề tương tự không?","false"
"Em không vào được app ngân hàng vì không nhận được mã xác thực, có ai biết không?","false"
"Không vào được trang web của dịch vụ giao hàng, số điện thoại vẫn dùng bình thường","false"
"Em đã thử cập nhật số điện thoại nhưng không nhận được thông báo gì từ app đặt đồ ăn","false"
"Không nhận được xác nhận khi thanh toán qua ví điện tử, phải làm sao giờ?","false"
"Em muốn đổi số điện thoại cho tài khoản ứng dụng nhưng không biết cách làm","false"
"Tháng này bị trừ tiền cho dịch vụ không dùng trên app ngân hàng, có ai biết lý do không?","false"
"Em quên số điện thoại đăng ký cho tài khoản game, giờ không biết làm sao để khôi phục","false"
"Em không xem được phim trên nền tảng trực tuyến, có ai biết tại sao không?","false"
"Em không đăng nhập được vào tài khoản truyền hình internet, phải làm sao?","false"
"Sao không nhận được OTP khi đăng ký tài khoản trên app giao hàng nhỉ?","false"
"Em không nhận được mã xác thực khi đăng nhập vào app mạng xã hội, ai biết lý do không?","false"
"Có ai biết tại sao không vào được app gọi xe không? Số điện thoại em vẫn dùng bình thường mà","false"
"Em đã thử lấy lại mật khẩu nhưng không nhận được mã từ số điện thoại, có ai biết không?","false"
"Không nhận được mã OTP khi thanh toán qua ví điện tử, làm sao giờ?","false"
"Em đã thay đổi số điện thoại nhưng không thấy thông báo gì từ dịch vụ truyền hình cáp","false"
"Mọi người biết cách kiểm tra hóa đơn cho dịch vụ streaming không?","false"
"Em gặp vấn đề không vào được tài khoản ngân hàng, có cần số điện thoại để khôi phục không?","false"
"Em không nhận được mã xác thực khi đăng ký app gọi xe, ai từng gặp vấn đề này chưa?","false"
"Sao lại không nhận được thông báo từ app đặt đồ ăn nhỉ?","false"
"Em thấy không thể xem được phim trên nền tảng xem phim, có ai biết lý do không?","false"
"Em không vào được trang web của dịch vụ giao hàng, phải làm gì bây giờ?","false"
"Có ai biết tại sao lại không nhận được mã OTP cho tài khoản game không?","false"
"Em muốn kiểm tra gói kênh truyền hình của mình mà không biết phải làm sao","false"
"Tháng này sao mà hóa đơn truyền hình cáp cao quá, mong ai giúp với!","false"
"Em không vào được tài khoản ví điện tử, có cần số điện thoại để xác minh không?","false"
"Em đã thử đăng ký tài khoản trên app nhưng không nhận được mã xác thực về số điện thoại","false"
"Sao em không xem được phim yêu thích trên app nhỉ?","false"
"Em thấy bị trừ tiền cho dịch vụ không dùng trên app ngân hàng, có ai biết lý do không?","false"
"Em muốn đổi số điện thoại trên tài khoản game nhưng không biết làm sao","false"
"Em đã đặt đồ ăn nhưng không thấy xác nhận qua số điện thoại, ai giúp em với!","false"
"Em gặp lỗi không vào được dịch vụ xem phim trực tuyến, có ai biết lý do không?","false"
"Không nhận được thông báo từ ví điện tử, ai có cách khắc phục không?","false"
"Tháng này sao thấy hóa đơn truyền hình cáp cao quá, có ai giúp không?","false"
"Em không nhận được mã xác thực khi thử đăng nhập vào app mạng xã hội, ai biết không?","false"
"Em muốn kiểm tra tình trạng tài khoản đứng trên app thanh toán nhưng không thấy gì cả","false"
"Em đang bị khóa tài khoản ngân hàng mà không nhận được thông báo qua số điện thoại","false"
"Em không nhận được mã OTP khi đăng ký tài khoản trên app mua sắm, ai biết lý do không?","false"
"Em thấy không thể thanh toán cho dịch vụ truyền hình cáp bằng số điện thoại, có ai gặp chưa?","false"
"Sao không xác minh được tài khoản ngân hàng bằng số điện thoại nhỉ?","false"
"Em quên mật khẩu tài khoản game, có cách nào lấy lại mà không cần số điện thoại không?","false"
"Em muốn đổi số điện thoại cho tài khoản ứng dụng nhưng không biết cách làm","false"
"Có ai biết tại sao không vào được app gọi xe không? Số điện thoại em vẫn dùng bình thường mà","false"
"Em đã thử lấy lại mật khẩu nhưng không nhận được mã từ số điện thoại, có ai biết không?","false"
"Không nhận được mã OTP khi thanh toán qua ví điện tử, làm sao giờ?","false"
"Em đã thay đổi số điện thoại nhưng không thấy thông báo gì từ dịch vụ truyền hình cáp","false"
"Mọi người biết cách kiểm tra hóa đơn cho dịch vụ streaming không?","false"
"Em gặp vấn đề không vào được tài khoản ngân hàng, có cần số điện thoại để khôi phục không?","false"
"Em không nhận được mã xác thực khi đăng ký app gọi xe, ai từng gặp vấn đề này chưa?","false"
"Sao lại không nhận được thông báo từ app đặt đồ ăn nhỉ?","false"
"Em thấy không thể xem được phim trên nền tảng xem phim, có ai biết lý do không?","false"
"Em không vào được trang web của dịch vụ giao hàng, phải làm gì bây giờ?","false"
"Có ai biết tại sao lại không nhận được mã OTP cho tài khoản game không?","false"
"Em muốn kiểm tra gói kênh truyền hình của mình mà không biết phải làm sao","false"
"Tháng này sao mà hóa đơn truyền hình cáp cao quá, mong ai giúp với!","false"
"Em không vào được tài khoản ví điện tử, có cần số điện thoại để xác minh không?","false"
"Em đã thử đăng ký tài khoản trên app nhưng không nhận được mã xác thực về số điện thoại","false"
"Sao em không xem được phim yêu thích trên app nhỉ?","false"
"Em thấy bị trừ tiền cho dịch vụ không dùng trên app ngân hàng, có ai biết lý do không?","false"
"Em muốn đổi số điện thoại trên tài khoản game nhưng không biết làm sao","false"
"Em đã đặt đồ ăn nhưng không thấy xác nhận qua số điện thoại, ai giúp em với!","false"
"Em gặp lỗi không vào được dịch vụ xem phim trực tuyến, có ai biết lý do không?","false"
"Không nhận được thông báo từ ví điện tử, ai có cách khắc phục không?","false"
"Tháng này sao thấy hóa đơn truyền hình cáp cao quá, có ai giúp không?","false"
"Em không nhận được mã xác thực khi thử đăng nhập vào app mạng xã hội, ai biết không?","false"
"Em muốn kiểm tra tình trạng tài khoản đứng trên app thanh toán nhưng không thấy gì cả","false"
"Em đang bị khóa tài khoản ngân hàng mà không nhận được thông báo qua số điện thoại","false"
"Em không nhận được mã OTP khi đăng ký tài khoản trên app mua sắm, ai biết lý do không?","false"
"Em thấy không thể thanh toán cho dịch vụ truyền hình cáp bằng số điện thoại, có ai gặp chưa?","false"
"Sao không xác minh được tài khoản ngân hàng bằng số điện thoại nhỉ?","false"
"Em quên mật khẩu tài khoản game, có cách nào lấy lại mà không cần số điện thoại không?","false"
"Em muốn đổi số điện thoại cho tài khoản ứng dụng nhưng không biết cách làm","false"
"Chào bạn, mình không nhận được mã OTP để xác minh tài khoản ngân hàng, bạn có biết tại sao không?","false"
"Tại sao mình không thể đăng nhập vào ví điện tử, có ai gặp vấn đề tương tự không?","false"
"Mình đã bị trừ tiền từ tài khoản mà không biết lý do, ai hỗ trợ mình với trường hợp này?","false"
"Xin chào, mình không thể xem kênh truyền hình yêu thích, có ai biết cách khắc phục không?","false"
"Mình cần xác minh số điện thoại cho app đặt đồ ăn nhưng mã xác thực không gửi về, bạn giúp mình với?","false"
"Không nhận được thông báo hóa đơn từ app truyền hình, ai gặp tình trạng này không?","false"
"Mình đang gặp lỗi khi thanh toán trên trang thương mại điện tử, nhờ ai đó giúp mình với!","false"
"Có ai biết cách khắc phục khi không thể đăng nhập vào tài khoản game không?","false"
"Chào, mình đã chọn gói dịch vụ truyền hình nhưng không thấy kênh nào cả, bạn giúp mình nhé!","false"
"Không nhận được mã xác nhận qua số điện thoại cho app ngân hàng, mình phải làm sao?","false"
"Tại sao tài khoản ví điện tử của mình lại bị khóa, có cách nào khôi phục không?","false"
"Mình không thể xem phim trên ứng dụng, có ai gặp tình trạng giống mình không?","false"
"Có ai biết lý do mình không nhận được thông báo từ app giao hàng không?","false"
"Mình bị mất tiền trong tài khoản mà không rõ nguyên do, có ai từng gặp tình huống này không?","false"
"Không thể xác minh số điện thoại cho dịch vụ xem phim, có cách nào khác không?","false"
"Chào bạn, mình không truy cập được vào tài khoản ngân hàng, có ai có kinh nghiệm giải quyết không?","false"
"Mình đang không thể thanh toán trên app gọi xe, liệu có ai biết cách xử lý không?","false"
"Có ai biết tại sao mình không nhận được thông báo từ ví điện tử không?","false"
"Mình thấy hóa đơn truyền hình cáp tăng đột biến, có cách nào phản ánh không?","false"
"Không vào được tài khoản game, mã xác thực không gửi về, ai biết cách giúp mình không?","false"
"Mình đã bị trừ tiền cho dịch vụ mà không sử dụng, ai có thông tin gì không?","false"
"Chào, mình cần hỗ trợ khi không thể xem được kênh truyền hình yêu thích, có ai giúp không?","false"
"Mình không thể nhận mã xác thực cho ứng dụng thanh toán, có ai gặp phải không?","false"
"Giúp mình với, mình không thể đăng nhập vào app giao hàng do không nhận được OTP!","false"
"Mình đã chờ mã xác nhận số điện thoại cho app ngân hàng nhưng không thấy gì cả, làm sao bây giờ?","false"
"Tại sao mình không nhận được thông tin từ ví điện tử? Có ai biết nguyên do không?","false"
"Có ai trong nhóm đã gặp vấn đề tương tự khi xem phim qua app không?","false"
"Chào mọi người, mình không thể thanh toán trên trang thương mại điện tử, ai có cách giải quyết không?","false"
"Mình đang không thể truy cập vào tài khoản truyền hình cáp, có ai biết tại sao không?","false"
"Không nhận được thông báo từ app mua sắm, có ai biết cách khắc phục không?","false"
"Chào bạn, mình có vấn đề với hóa đơn truyền hình, nhờ bạn giúp mình với!","false"
"Tại sao tài khoản ví điện tử của mình không hoạt động, có ai biết cách sửa không?","false"
"Mình không nhận được mã OTP cho tài khoản game, ai có cách giải quyết giúp mình không?","false"
"Không xem được kênh nào trên truyền hình cáp, có ai biết lý do không?","false"
"Mình đang gặp lỗi không thể đăng ký tài khoản trên ứng dụng giao hàng, ai có kinh nghiệm không?","false"
"Tại sao mình không nhận được mã xác thực cho app ngân hàng, có ai gặp trường hợp này không?","false"
"Chào, mình không thể thanh toán qua ví điện tử, nhờ mọi người giúp với!","false"
"Có ai biết lý do mình không nhận được thông báo từ app truyền hình không?","false"
"Mình không vào được tài khoản game, mã xác nhận không gửi về, ai biết cách giúp không?","false"
"Chào mọi người, mình không thể xem phim trên ứng dụng, có ai có cách nào không?","false"
"Tại sao tài khoản ngân hàng của mình không thể truy cập, ai có cách giải quyết không?","false"
"Mình đã bị trừ tiền cho dịch vụ không sử dụng, có ai biết lý do không?","false"
"Không nhận được mã xác thực cho app đặt đồ ăn, nhờ bạn giúp mình với!","false"
"Mình đang không thể đăng nhập vào tài khoản truyền hình, có ai gặp tình huống tương tự không?","false"
"Có ai có thông tin gì về lỗi không thanh toán được trên app thương mại điện tử không?","false"
"Chào, mình không thể nhận thông báo từ ví điện tử, có ai biết cách sửa không?","false"
"Tại sao mình không xem được kênh yêu thích trên truyền hình cáp, ai biết lý do không?","false"
"Mình không nhận được mã OTP cho app ngân hàng, có ai có cách nào không?","false"
"Mọi người ơi, mình gặp lỗi khi thanh toán trên ứng dụng gọi xe, giúp mình với!","false"
"Chào bạn, mình không truy cập được vào tài khoản game, ai có cách nào không?","false"
"Tại sao mình không nhận được thông báo từ app mua sắm, ai biết không?","false"
"Mình không thể xác minh số điện thoại cho ứng dụng thanh toán, có ai giúp mình không?","false"
"Chào, mình không nhận được mã xác thực cho tài khoản ngân hàng, nhờ mọi người giúp!","false"
"Có ai gặp vấn đề tương tự với hóa đơn truyền hình cáp không?","false"
"Mình không thể xem phim trên app, có ai biết cách khắc phục không?","false"
"Chào mọi người, mình đã bị trừ tiền từ ví điện tử mà không rõ lý do, ai biết không?","false"
"Mình không nhận được mã xác thực cho app gọi xe, có ai giúp mình với?","false"
"Tại sao mình không thể thanh toán qua trang thương mại điện tử, ai biết cách khắc phục không?","false"
"Có ai trong nhóm biết tại sao tài khoản truyền hình của mình không hoạt động không?","false"
"Mình đã đợi mã OTP vào số điện thoại cho app ngân hàng nhưng không thấy gì, ai có cách giải quyết không?","false"
"Chào mọi người, mình không thể đăng nhập vào ví điện tử, có ai biết cách không?","false"
"Tại sao mình không nhận được thông báo từ dịch vụ giao hàng, có ai biết không?","false"
"Mình không xem được kênh nào trên truyền hình cáp, có ai có thông tin gì không?","false"
"Chào bạn, mình đang gặp lỗi với tài khoản game, có ai có cách giúp không?","false"
"Tại sao tài khoản ngân hàng mình không hoạt động, ai biết cách giải quyết không?","false"
"Mình đang không nhận được mã OTP cho app thanh toán, nhờ mọi người giúp với!","false"
"Có ai biết lý do mình không nhận được thông báo từ ví điện tử không?","false"
"Mình không vào được tài khoản truyền hình, có ai biết cách khắc phục không?","false"
"Chào mọi người, mình không thể thanh toán trên app thương mại điện tử, có ai có cách nào không?","false"
"Tại sao mình không nhận được mã xác thực cho dịch vụ xem phim, ai có ý kiến không?","false"
"Mình không thể xem phim trên ứng dụng, có ai gặp vấn đề tương tự không?","false"
"Có ai biết lý do mình không nhận được thông báo từ app giao hàng không?","false"
"Mình đã bị trừ tiền cho dịch vụ mà không sử dụng, có ai biết cách làm rõ không?","false"
"Chào bạn, mình không thể xác minh số điện thoại cho app ngân hàng, có ai giúp không?","false"
"Tại sao mình không nhận được mã OTP cho tài khoản game, ai biết cách xử lý không?","false"
"Mình không vào được tài khoản ví điện tử, có ai biết cách phục hồi không?","false"
"Có ai có thông tin gì về việc không nhận được mã xác thực cho app thanh toán không?","false"
"Mình không thể xem được kênh nào trên truyền hình cáp, ai có cách khắc phục không?","false"
"Chào mọi người, mình không thể đăng nhập vào tài khoản ngân hàng, có ai giúp mình không?","false"
"Tại sao mình không nhận được thông báo từ ví điện tử, có ai biết không?","false"
"Mình không thể xác minh số điện thoại cho dịch vụ giao hàng, có ai giúp mình không?","false"
"Mình đã chờ mã xác thực cho app đặt đồ ăn nhưng không thấy gì, ai biết cách giải quyết không?","false"
"Có ai gặp tình trạng tương tự không thể thanh toán trên trang thương mại điện tử không?","false"
"Mình không thể vào tài khoản game, mã OTP không gửi về, có ai biết không?","false"
"Chào bạn, mình không thể xem phim qua app, có ai có cách nào không?","false"
"Tại sao tài khoản ngân hàng của mình không hoạt động, ai có cách giải quyết không?","false"
"Mình không nhận được mã xác thực cho ứng dụng thanh toán, ai biết đâu là vấn đề không?","false"
"Có ai biết lý do mình không nhận được thông báo từ app truyền hình không?","false"
"Có ai trong nhóm đã gặp vấn đề tương tự khi không thể đăng ký tài khoản trên ứng dụng giao hàng không?","false"
"Mình không thể xem được kênh yêu thích trên truyền hình cáp, có ai biết cách nào không?","false"
"Chào mọi người, mình không nhận được mã OTP cho app ngân hàng, ai có cách nào không?","false"
"Tại sao tài khoản ví điện tử của mình không hoạt động, có ai biết cách khắc phục không?","false"
"Mình không thể xác minh số điện thoại cho app gọi xe, ai có cách nào giúp không?","false"
"Mình đã bị trừ tiền từ dịch vụ không sử dụng, có ai biết cách làm rõ không?","false"
"Chào bạn, mình gặp lỗi khi thanh toán trên trang thương mại điện tử, có ai biết cách xử lý không?","false"
"Tại sao mình không nhận được thông báo từ ví điện tử, có ai giúp mình không?","false"
"Mình không vào được tài khoản truyền hình, có ai biết cách khắc phục không?","false"
"Có ai trong nhóm đã gặp vấn đề khi xem phim qua app không?","false"
"Mình không nhận được mã xác thực cho app thanh toán, ai có ý kiến gì không?","false"
"Chào mọi người, mình không thể đăng nhập vào tài khoản game, có ai biết cách nào không?","false"
"Tại sao mình không nhận được thông báo từ app giao hàng, có ai biết không?","false"
"Mình không thể xem được kênh truyền hình yêu thích, có ai giúp không?","false"
"Mình đã chờ mã OTP vào số điện thoại cho app ngân hàng nhưng không thấy gì, ai có cách giải quyết không?","false"
"Chào bạn, mình không thể xác minh số điện thoại cho app đặt đồ ăn, có ai giúp mình không?","false"
"Có ai biết lý do mình không nhận được thông báo từ app thương mại điện tử không?","false"
"Mình không thể vào tài khoản ví điện tử, có ai biết cách phục hồi không?","false"
"Tại sao mình không nhận được mã xác thực cho dịch vụ xem phim, ai có ý kiến không?","false"
"Chào mọi người, mình không thể thanh toán trên trang thương mại điện tử, có ai biết cách nào không?","false"
"Mình không thể đăng nhập vào tài khoản ngân hàng, có ai biết cách nào không?","false"
"Có ai biết lý do mình không nhận được thông báo từ ví điện tử không?","false"
"Mình không vào được tài khoản truyền hình, có ai biết cách khắc phục không?","false"
"Chào bạn, mình không thể xác minh số điện thoại cho app giao hàng, có ai giúp không?","false"
"Có ai biết lý do mình không nhận được mã OTP cho tài khoản game không?","false"
"Mình không thể xem phim trên ứng dụng, có ai gặp vấn đề tương tự không?","false"
"Chào mọi người, mình đã bị trừ tiền cho dịch vụ không sử dụng, có ai biết cách giải quyết không?","false"
"Tại sao mình không nhận được mã xác thực cho app thanh toán, ai biết không?","false"
"Mình không thể đăng nhập vào ví điện tử, có ai có cách nào không?","false"
"Có ai trong nhóm đã gặp vấn đề tương tự khi không nhận được thông báo từ app giao hàng không?","false"
"Mình không thể xem được kênh nào trên truyền hình cáp, có ai biết cách khắc phục không?","false"
"Chào bạn, mình không nhận được mã OTP cho app ngân hàng, ai có cách nào không?","false"
"Tại sao mình không nhận được thông báo từ ví điện tử, có ai biết cách nào không?","false"
"Mình không thể xác minh số điện thoại cho dịch vụ xem phim, ai có ý kiến không?","false"
"Có ai biết lý do mình không nhận được mã xác thực cho ứng dụng thanh toán không?","false"
"Mình không thể vào tài khoản game, có ai biết cách khắc phục không?","false"
"Chào mọi người, mình không thể thanh toán trên trang thương mại điện tử, có ai biết cách nào không?","false"
"Tại sao mình không thể xem được kênh truyền hình yêu thích, có ai biết không?","false"
"Mình đã chờ mã xác thực cho app đặt đồ ăn nhưng không thấy gì, ai biết cách giải quyết không?","false"
"Có ai biết lý do mình không nhận được thông báo từ app thanh toán không?","false"
"Mình không thể vào tài khoản ví điện tử, có ai biết cách phục hồi không?","false"
"Chào bạn, mình không thể xác minh số điện thoại cho app gọi xe, có ai giúp không?","false"
"Tại sao mình không nhận được mã OTP cho tài khoản ngân hàng, ai biết cách giải quyết không?","false"
"Mình không thể xem phim trên ứng dụng, có ai gặp vấn đề tương tự không?","false"
"Chào mọi người, mình đã bị trừ tiền không rõ lý do, có ai biết cách làm rõ không?","false"
"Chào bạn, mình không nhận được mã OTP cho app ngân hàng, có cách nào giúp không?","false"
"Tại sao mình không thể xem được kênh trên truyền hình cáp, có ai biết không?","false"
"Mình quên mật khẩu tài khoản game và không nhận được mã xác thực qua số điện thoại.","false"
"Xin lỗi nhưng mình không vào được ví điện tử, nhờ bạn hỗ trợ giúp mình nhé!","false"
"App đặt đồ ăn yêu cầu xác minh số điện thoại nhưng mình không thấy mã gửi về.","false"
"Đã trừ tiền từ tài khoản nhưng mình không nhận được hóa đơn cho dịch vụ xem phim.","false"
"Không thể đăng nhập vào tài khoản thương mại điện tử, nhưng họ gửi mã OTP qua số điện thoại.","false"
"Mình bị khóa tài khoản ví điện tử sau khi đăng nhập bằng số điện thoại, có ai trải nghiệm giống mình không?","false"
"Hóa đơn truyền hình internet tháng này sao lại cao quá vậy, ai biết lý do không?","false"
"Thời gian gần đây app gọi xe không gửi mã OTP xác minh, rất khó chịu.","false"
"Mình thử thanh toán qua ứng dụng nhưng không nhận được thông báo gì cả, có ai biết không?","false"
"Sao mình không thấy kênh truyền hình nào hiển thị trên app cáp quang vậy?","false"
"Không vào được tài khoản ngân hàng, nhưng họ yêu cầu xác nhận số điện thoại.","false"
"Có ai gặp lỗi khi xem phim trên app không? Mình không nhận được xác minh số điện thoại.","false"
"Mình đã mất mã OTP khi cố gắng đăng nhập ví điện tử, ai giúp mình với!","false"
"Chào các bạn, mình không thể tải video trên app xem phim, có ai biết cách khắc phục?","false"
"Mình được thông báo là tài khoản game bị khóa, nhưng không rõ lý do.","false"
"App thanh toán điện thoại không gửi mã OTP, mình phải làm sao đây?","false"
"Mình không thể xem kênh truyền hình yêu thích, có ai gặp phải không?","false"
"Sao tự dưng không nhận được mã xác thực cho tài khoản thương mại điện tử vậy?","false"
"Tại sao app ngân hàng lại không gửi mã OTP cho mình, có lỗi gì không?","false"
"Mình đang gặp vấn đề với việc xác minh số điện thoại trên app gọi xe.","false"
"Có ai biết tại sao tài khoản ví điện tử của mình bị khóa không?","false"
"Mình không nhận được thông báo nào về hóa đơn truyền hình cáp này, giúp mình với!","false"
"App xem phim yêu cầu mã xác thực nhưng mình không nhận được gì cả.","false"
"Không vào được tài khoản ngân hàng qua app, có lỗi gì không?","false"
"Số điện thoại này không nhận được mã xác thực cho dịch vụ đặt đồ ăn.","false"
"Mình không thể xem các kênh trên app truyền hình internet, có ai biết lý do không?","false"
"Tài khoản game của mình bị khóa vì lý do gì, ai biết không?","false"
"Không nhận được OTP từ app ngân hàng, ai đã gặp phải vấn đề này chưa?","false"
"Mình cần hỗ trợ vì không vào được ví điện tử, có ai biết giúp không?","false"
"Hóa đơn tháng này cho dịch vụ truyền hình cáp của mình không đúng, có ai biết không?","false"
"Mình đã thử nâng cấp tài khoản nhưng không nhận được mã OTP qua số điện thoại.","false"
"Tại sao mình không thể thanh toán trên app gọi xe nữa, có lỗi gì không?","false"
"App đặt đồ ăn luôn yêu cầu xác minh nhưng không gửi mã về số điện thoại của mình.","false"
"Mình không nhận được mã xác thực khi cố gắng đăng nhập vào tài khoản ngân hàng.","false"
"Có ai biết tại sao mình không thể xem kênh yêu thích trên truyền hình cáp không?","false"
"Tại sao app thanh toán lại không gửi mã OTP cho số điện thoại của mình?","false"
"Mình không thấy hóa đơn cho tháng này từ dịch vụ xem phim, ai biết không?","false"
"Đã đăng ký nhưng không nhận được thông báo xác minh cho tài khoản game.","false"
"Mình không vào được tài khoản ví điện tử, nhờ bạn chỉ giáo giúp!","false"
"App truyền hình yêu cầu mã xác thực nhưng không thấy đâu, ai biết không?","false"
"Tại sao mình không nhận được thông báo từ app ngân hàng khi thanh toán?","false"
"Mình không hiểu vì sao tài khoản thương mại điện tử của mình lại bị khóa?","false"
"Mình không nhận được mã OTP khi cố gắng lấy lại mật khẩu tài khoản game.","false"
"Sao lại không thể xem được các kênh trên app truyền hình internet nữa vậy?","false"
"Có ai giải thích cho mình tại sao không nhận được mã xác thực trên app gọi xe không?","false"
"Tài khoản ví điện tử của mình đã bị khóa, có ai đã gặp phải không?","false"
"Mình không thấy thông báo về hóa đơn truyền hình cáp này, giúp mình với!","false"
"App xem phim không gửi mã OTP, giờ mình không vào được tài khoản.","false"
"Mình đang gặp khó khăn khi xác minh tài khoản ngân hàng qua số điện thoại.","false"
"Không nhận được mã xác thực khi cố gắng vào tài khoản thương mại điện tử, ai biết không?","false"
"Tại sao dịch vụ đặt đồ ăn không gửi mã OTP cho mình nữa?","false"
"Mình không vào được ví điện tử, nhờ mọi người hỗ trợ giúp mình nhé!","false"
"Có ai biết lý do vì sao không xem được kênh truyền hình yêu thích trên app không?","false"
"Tai sao mình không nhận được thông báo từ app ngân hàng khi thực hiện giao dịch?","false"
"Mình quên mật khẩu tài khoản game nhưng không nhận được mã xác minh qua số điện thoại.","false"
"Không thể thanh toán trên app gọi xe, có ai đã bị giống mình không?","false"
"App truyền hình luôn yêu cầu mã xác thực nhưng không thấy gửi về số điện thoại của mình.","false"
"Có ai biết tại sao tài khoản thương mại điện tử của mình lại bị khóa không?","false"
"Mình đang gặp rắc rối với việc đăng nhập vào ví điện tử, ai giúp mình với!","false"
"Không thấy hóa đơn từ dịch vụ xem phim tháng này, ai biết giúp không?","false"
"Bị khóa tài khoản ngân hàng sau khi đăng nhập bằng số điện thoại, có ai gặp không?","false"
"Không nhận được mã OTP từ app thanh toán, giờ mình không vào được tài khoản nhé.","false"
"Mình không vào được kênh truyền hình cáp tháng này, có ai biết lý do không?","false"
"Mình không nhận được thông báo khi thanh toán qua app gọi xe, ai biết không?","false"
"App đặt đồ ăn yêu cầu mã xác minh nhưng không gửi gì về cho mình.","false"
"Không hiểu sao tài khoản game của mình bị khóa, có ai biết không?","false"
"Mình không thể vào được tài khoản ngân hàng qua số điện thoại, nhờ mọi người hỗ trợ.","false"
"Tại sao không nhận được mã xác thực cho dịch vụ thương mại điện tử vậy?","false"
"Đã đăng ký mà không thấy mã OTP gửi về, có ai gặp trường hợp này không?","false"
"Có ai gặp lỗi khi xem phim trên app không? Mình thật sự bực bội.","false"
"Tại sao không thể thanh toán qua ứng dụng ngân hàng, ai biết không?","false"
"Mình không nhận được mã xác thực qua số điện thoại khi cố gắng đăng nhập vào tài khoản ví điện tử.","false"
"Hóa đơn truyền hình cáp sao lại cao đến thế, có ai biết lý do không?","false"
"App xem phim không gửi mã OTP, giờ mình không vào được tài khoản.","false"
"Tại sao mình không thể xem các kênh yêu thích qua app truyền hình internet?","false"
"Mình bị khóa tài khoản game vì lý do gì, ai đã gặp phải không?","false"
"Không vào được ví điện tử, có ai chỉ cách giúp mình không?","false"
"Mình không nhận được mã xác thực từ app gọi xe, nhờ mọi người hỗ trợ. ","false"
"Đã trừ tiền nhưng mình không thấy thông báo gì từ dịch vụ xem phim.","false"
"Bị khóa tài khoản ngân hàng, không biết phải làm sao, ai có kinh nghiệm không?","false"
"App thanh toán không gửi mã OTP cho số điện thoại của mình, có cách nào khắc phục không?","false"
"Không hiểu sao mình không xem được kênh trên truyền hình cáp nữa.","false"
"Tại sao tài khoản thương mại điện tử của mình lại bị khóa, ai biết không?","false"
"Mình không nhận được mã xác minh cho tài khoản game, nhờ mọi người giúp!","false"
"Chào mình thử thanh toán trên app gọi xe nhưng không nhận được mã OTP nào.","false"
"App đặt đồ ăn yêu cầu mã xác thực nhưng không thấy gửi về số điện thoại của mình.","false"
"Tại sao mình không thể xem kênh truyền hình yêu thích trên app nữa?","false"
"Mình không nhận được mã OTP khi cố gắng đăng nhập vào tài khoản ngân hàng.","false"
"Có ai biết lý do mình không vào được ví điện tử không?","false"
"Không thấy hóa đơn tháng này từ dịch vụ xem phim, ai biết giúp không?","false"
"Thời gian gần đây mình không nhận được thông báo từ app gọi xe, có lỗi gì không?","false"
"Bị khóa tài khoản ngân hàng sau khi đăng nhập, có ai gặp phải không?","false"
"Không nhận được mã xác thực cho app thanh toán, nhờ mọi người hỗ trợ.","false"
"App truyền hình cáp sao lại không hoạt động, ai có kinh nghiệm không?","false"
"Mình không vào được tài khoản thương mại điện tử, nhờ ai biết chỉ giáo giúp!","false"
"Không nhận được mã OTP khi cố gắng lấy lại mật khẩu tài khoản game, ai biết không?","false"
"Tại sao không thể thanh toán qua ứng dụng ngân hàng nữa?","false"
"App xem phim yêu cầu mã xác thực nhưng không thấy gửi mã về cho mình.","false"
"Có ai biết tại sao tài khoản ví điện tử của mình lại bị khóa không?","false"
"Mình đã thử đăng nhập vào tài khoản ngân hàng nhưng không nhận được mã xác minh.","false"
"Chào mọi người, mình không nhận được thông báo từ dịch vụ xem phim, giúp mình với!","false"
"Bị khóa tài khoản game, không rõ lý do, có ai đã gặp trường hợp này chưa?","false"
"App gọi xe không gửi mã OTP cho mình, giờ mình không biết làm sao.","false"
"Mình không vào được kênh truyền hình cáp, nhờ ai biết lý do không?","false"
"Tại sao không nhận được mã xác thực từ tài khoản thương mại điện tử của mình?","false"
"Không nhận được OTP từ app thanh toán, giờ mình không vào được tài khoản.","false"
"Có ai biết lý do tài khoản ví điện tử của mình bị khóa không?","false"
"App đặt đồ ăn yêu cầu xác minh số điện thoại nhưng không gửi gì về cho mình.","false"
"Tại sao mình không thể vào được tài khoản ngân hàng qua số điện thoại vậy?","false"
"Mình không thấy hóa đơn của dịch vụ truyền hình cáp này, ai biết giúp không?","false"
"App xem phim không gửi mã xác thực, giờ mình không vào được tài khoản.","false"
"Mình không biết mình đã bị khóa tài khoản game vì lý do gì, ai có kinh nghiệm không?","false"
"Không vào được ví điện tử, ai có cách nào giúp mình không?","false"
"Không nhận được mã OTP khi cố gắng thanh toán qua app gọi xe, ai biết không?","false"
"Chào mọi người, mình không nhận được mã xác thực cho tài khoản thương mại điện tử, giúp mình với!","false"
"Tại sao tài khoản ngân hàng của mình lại bị khóa, ai biết không?","false"
"Mình không hiểu sao không vào được tài khoản xem phim nữa, ai có kinh nghiệm không?","false"
"Mình không nhận được mã xác minh từ app thanh toán, nhờ mọi người hỗ trợ.","false"
"App truyền hình cáp không gửi mã xác thực, rất khó chịu!","false"
"Bị khóa tài khoản ví điện tử, có ai đã gặp phải không?","false"
"Tại sao không nhận được OTP cho ứng dụng gọi xe của mình vậy?","false"
"Mình không thể xem được kênh trên app truyền hình internet, ai biết giúp không?","false"
"Có ai biết lý do vì sao tài khoản thương mại điện tử của mình lại bị khóa không?","false"
"Mình không nhận được mã xác thực khi cố gắng vào tài khoản game, ai biết không?","false"
"Sao lại không thể thanh toán trên app ngân hàng nhé?","false"
"Mình không nhận được mã OTP cho dịch vụ đặt đồ ăn, nhờ mọi người giúp.","false"
"Chào bạn, sao mình không vào được tài khoản truyền hình cáp tháng này vậy?","false"
"Tại sao không nhận được mã xác thực từ dịch vụ xem phim vậy?","false"
"Bị khóa tài khoản game, không rõ lý do, có ai đã gặp trường hợp này chưa?","false"
"App gọi xe không gửi mã OTP cho mình, giờ mình không biết làm sao.","false"
"Mình không vào được kênh truyền hình cáp, nhờ ai biết lý do không?","false"
"Không nhận được OTP từ app thanh toán, giờ mình không vào được tài khoản.","false"
"Có ai biết lý do tài khoản ví điện tử của mình bị khóa không?","false"
"App đặt đồ ăn yêu cầu xác minh số điện thoại nhưng không gửi gì về cho mình.","false"
"Tại sao mình không thể vào được tài khoản ngân hàng qua số điện thoại vậy?","false"
"Mình không thấy hóa đơn của dịch vụ truyền hình cáp này, ai biết giúp không?","false"
"App xem phim không gửi mã xác thực, giờ mình không vào được tài khoản.","false"
"Mình không biết mình đã bị khóa tài khoản game vì lý do gì, ai có kinh nghiệm không?","false"
"Không vào được ví điện tử, ai có cách nào giúp mình không?","false"
"Không nhận được mã OTP khi cố gắng thanh toán qua app gọi xe, ai biết không?","false"
"Chào mọi người, mình không nhận được mã xác thực cho tài khoản thương mại điện tử, giúp mình với!","false"
"Tại sao tài khoản ngân hàng của mình lại bị khóa, ai biết không?","false"
"Mình không hiểu sao không vào được tài khoản xem phim nữa, ai có kinh nghiệm không?","false"
"Mình không nhận được mã xác minh từ app thanh toán, nhờ mọi người hỗ trợ.","false"
"App truyền hình cáp không gửi mã xác thực, rất khó chịu!","false"
"Bị khóa tài khoản ví điện tử, có ai đã gặp phải không?","false"
"Tại sao không nhận được OTP cho ứng dụng gọi xe của mình vậy?","false"
"Mình không thể xem được kênh trên app truyền hình internet, ai biết giúp không?","false"
"Có ai biết lý do vì sao tài khoản thương mại điện tử của mình lại bị khóa không?","false"
"Mình không nhận được mã xác thực khi cố gắng vào tài khoản game, ai biết không?","false"
"Sao lại không thể thanh toán trên app ngân hàng nhé?","false"
"Mình không nhận được mã OTP cho dịch vụ đặt đồ ăn, nhờ mọi người giúp.","false"
"Em không nhận được mã OTP để đăng nhập vào ứng dụng ngân hàng của mình","false"
"Tại sao tài khoản ví điện tử của tôi bị khóa, tôi cần gấp tiền để mua đồ","false"
"Chả hiểu sao không xem được kênh HBO trên truyền hình cáp, em cần xem phim ngay","false"
"Hóa đơn từ dịch vụ truyền hình internet tháng này sao lại cao vậy, có ai giúp tôi không?","false"
"Đã gửi yêu cầu xác nhận số điện thoại cho app gọi xe mà vẫn chưa thấy gì","false"
"Em cần hỗ trợ vì không vào được tài khoản game, hệ thống yêu cầu xác minh số điện thoại","false"
"Tôi không nhận được thông báo từ ứng dụng thanh toán, sao lại như vậy?","false"
"Nhờ anh kiểm tra giúp, sao mà không thấy tiền chuyển qua ví điện tử nhỉ?","false"
"Em đăng nhập vào app xem phim mà mã xác thực gửi vào số điện thoại không tới","false"
"Có ai biết lý do sao tôi không gửi được tin nhắn xác nhận cho tài khoản ngân hàng không?","false"
"Sao mà không nhận được mã xác thực để thanh toán online nhỉ?","false"
"Tôi đã nạp tiền vào tài khoản game mà không thấy tiền đâu, có ai biết tại sao không?","false"
"Làm ơn giúp tôi với, tôi không xem được kênh yêu thích trên truyền hình cáp","false"
"Em quên mật khẩu app ngân hàng, làm ơn gửi lại mã OTP qua số điện thoại giúp em với","false"
"Tại sao lại có phí dịch vụ cao như vậy trên ví điện tử của tôi?","false"
"Chả nhẽ tôi không thể thanh toán hóa đơn qua app gọi xe như mọi khi sao?","false"
"Sao mà không thấy tin nhắn xác nhận từ ứng dụng đặt đồ ăn nhỉ?","false"
"Em không hiểu sao tài khoản Youtube lại yêu cầu xác minh số điện thoại, có ai biết không?","false"
"Tôi cần gửi lại mã OTP nhưng không thấy gì gửi về điện thoại, sao kỳ vậy?","false"
"Ứng dụng thanh toán không cho tôi rút tiền, có ai biết cách giải quyết không?","false"
"Em không đăng nhập được vào tài khoản của mình trên app xem phim, mã OTP không về","false"
"Sao lại có phí dịch vụ cho truyền hình internet tháng này mà tôi không biết đến vậy?","false"
"Không hiểu sao tài khoản ví điện tử lại bị trừ tiền trong khi chưa thực hiện giao dịch nào","false"
"Tôi không vào được app ngân hàng, họ yêu cầu mã OTP mà mã không về điện thoại","false"
"Hóa đơn từ dịch vụ truyền hình cáp tháng này sao lại không đúng như dự kiến?","false"
"Em không nhận được thông báo gì từ app đặt đồ ăn, có ai giúp em không?","false"
"Tại sao tôi không đăng nhập được vào tài khoản trên nền tảng thương mại điện tử nhỉ?","false"
"Sao mà không thấy mã xác thực được gửi vào số điện thoại khi mua hàng online?","false"
"Tôi cần xác minh tài khoản ngân hàng nhưng mã OTP không gửi về, phải làm sao?","false"
"Em không thấy tiền trong tài khoản ví điện tử dù đã chuyển, giúp em với!","false"
"Hệ thống yêu cầu xác minh tài khoản nhưng không thấy mã gửi về điện thoại, kỳ ghê!","false"
"Làm ơn giúp tôi với, tôi không xem được kênh truyền hình yêu thích trên internet","false"
"Đã nhận mã OTP nhưng không vào được app ngân hàng, có ai biết cách nào không?","false"
"Phí dịch vụ truyền hình cáp tháng này sao cao quá vậy, tôi không hiểu?","false"
"Sao mà không nhận được mã xác nhận để thanh toán qua ví điện tử nhỉ?","false"
"Tôi quên mật khẩu tài khoản game và không nhận được mã gửi qua điện thoại, giúp với!","false"
"Nhờ kiểm tra giúp, sao không xem được kênh trên truyền hình cáp nhỉ?","false"
"Em không nhận được thông báo từ dịch vụ gọi xe, có ai biết tại sao không?","false"
"Chả hiểu sao mà mã OTP gửi vào số điện thoại không tới khi tôi cần xác minh tài khoản","false"
"Có ai biết tại sao tôi không đăng nhập được vào app thanh toán không?","false"
"Hóa đơn tháng này từ truyền hình cáp sao lại cao hơn dự kiến vậy?","false"
"Em không thấy thông báo từ app đặt đồ ăn, giúp em với!","false"
"Sao mà không nhận được mã xác thực để đăng nhập vào tài khoản ngân hàng nhỉ?","false"
"Tại sao tôi không rút tiền từ tài khoản ví điện tử, mã OTP không gửi về?","false"
"Sao không thấy thông báo nào từ app xem phim yêu thích của tôi cả?","false"
"Em không vào được app ngân hàng vì mã xác thực không về điện thoại, giúp em với!","false"
"Chả nhẽ tôi không thể thanh toán qua app thương mại điện tử được sao?","false"
"Hóa đơn từ dịch vụ truyền hình cáp sao lại có phí không hợp lý vậy?","false"
"Tôi đã nạp tiền vào tài khoản game nhưng không thấy đâu, ai giúp tôi với?","false"
"Em không nhận được mã OTP khi đăng nhập vào tài khoản ví điện tử, có ai biết không?","false"
"Không hiểu sao tài khoản của tôi bị khóa mà tôi không nhận được thông báo gì","false"
"Sao mà không thấy mã xác nhận gửi vào số điện thoại khi mua hàng online nhỉ?","false"
"Tôi cần hỗ trợ vì không vào được tài khoản trên app xem phim, mã OTP không về","false"
"Làm ơn kiểm tra giúp tôi, sao không nhận được thông báo từ dịch vụ ngân hàng?","false"
"Tại sao không thấy hóa đơn tháng này từ truyền hình cáp nhỉ?","false"
"Sao mà không nhận được mã xác thực để thanh toán qua ví điện tử nhỉ?","false"
"Em không vào được tài khoản vào app đặt đồ ăn, mã xác nhận gửi không tới","false"
"Chả nhẽ tôi không thể xác minh tài khoản ngân hàng qua số điện thoại được sao?","false"
"Tôi đã chuyển tiền qua ví điện tử mà không thấy tiền đâu, có ai biết tại sao không?","false"
"Em không nhận được mã OTP để xác minh tài khoản game, phải làm sao?","false"
"Hóa đơn tháng này từ dịch vụ truyền hình cáp sao lại không chính xác vậy?","false"
"Tại sao không thấy thông báo từ dịch vụ gọi xe, tôi cần gọi ngay!","false"
"Em không vào được tài khoản ngân hàng vì mã xác thực không tới điện thoại, giúp em!","false"
"Sao mà không thấy mã xác thực khi tôi cần đăng nhập vào app thương mại điện tử?","false"
"Tôi quên mật khẩu tài khoản game mà không nhận được mã OTP, phải làm sao?","false"
"Giúp tôi với, sao mà không thấy thông báo gì từ app xem phim yêu thích?","false"
"Chả hiểu sao không nhận được mã xác thực để thanh toán hóa đơn điện thoại nhỉ?","false"
"Sao mà không thấy mã xác thực gửi vào số điện thoại khi đăng nhập vào ứng dụng ngân hàng?","false"
"Em không nhận được thông báo từ dịch vụ thanh toán, có ai giúp em không?","false"
"Tôi không vào được tài khoản trên app đặt đồ ăn vì mã xác thực không về điện thoại","false"
"Sao mà không thấy mã xác thực gửi vào số điện thoại khi mua hàng online nhỉ?","false"
"Tại sao tài khoản ví điện tử của tôi không được xác minh, mã OTP không về?","false"
"Em không thấy thông báo từ dịch vụ truyền hình internet, giúp em với!","false"
"Chả nhẽ tôi không thể thanh toán hóa đơn qua app gọi xe được sao?","false"
"Tôi đã nạp tiền vào tài khoản game mà không thấy tiền đâu, ai giúp tôi với?","false"
"Em không nhận được mã OTP để đăng nhập vào ứng dụng ngân hàng của mình","false"
"Tại sao tài khoản ví điện tử của tôi bị khóa, tôi cần gấp tiền để mua đồ","false"
"Chả hiểu sao không xem được kênh HBO trên truyền hình cáp, em cần xem phim ngay","false"
"Hóa đơn từ dịch vụ truyền hình internet tháng này sao lại cao vậy, có ai giúp tôi không?","false"
"Đã gửi yêu cầu xác nhận số điện thoại cho app gọi xe mà vẫn chưa thấy gì","false"
"Em cần hỗ trợ vì không vào được tài khoản game, hệ thống yêu cầu xác minh số điện thoại","false"
"Tôi không nhận được thông báo từ ứng dụng thanh toán, sao lại như vậy?","false"
"Nhờ anh kiểm tra giúp, sao mà không thấy tiền chuyển qua ví điện tử nhỉ?","false"
"Em đăng nhập vào app xem phim mà mã xác thực gửi vào số điện thoại không tới","false"
"Có ai biết lý do sao tôi không gửi được tin nhắn xác nhận cho tài khoản ngân hàng không?","false"
"Sao mà không thấy tin nhắn xác nhận từ ứng dụng đặt đồ ăn nhỉ?","false"
"Tôi đã nạp tiền vào tài khoản game mà không thấy đâu, có ai biết tại sao không?","false"
"Làm ơn giúp tôi với, tôi không xem được kênh yêu thích trên truyền hình cáp","false"
"Em quên mật khẩu app ngân hàng, làm ơn gửi lại mã OTP qua số điện thoại giúp em với","false"
"Tại sao lại có phí dịch vụ cao như vậy trên ví điện tử của tôi?","false"
"Chả nhẽ tôi không thể thanh toán hóa đơn qua app gọi xe như mọi khi sao?","false"
"Sao mà không thấy mã xác thực được gửi vào số điện thoại khi mua hàng online?","false"
"Tôi cần xác minh tài khoản ngân hàng nhưng mã OTP không gửi về, phải làm sao?","false"
"Em không thấy tiền trong tài khoản ví điện tử dù đã chuyển, giúp em với!","false"
"Hệ thống yêu cầu xác minh tài khoản nhưng không thấy mã gửi về điện thoại, kỳ ghê!","false"
"Làm ơn giúp tôi với, tôi không xem được kênh truyền hình yêu thích trên internet","false"
"Đã nhận mã OTP nhưng không vào được app ngân hàng, có ai biết cách nào không?","false"
"Phí dịch vụ truyền hình cáp tháng này sao cao quá vậy, tôi không hiểu?","false"
"Sao mà không nhận được mã xác thực để thanh toán online nhỉ?","false"
"Tôi quên mật khẩu tài khoản game và không nhận được mã gửi qua điện thoại, giúp với!","false"
"Nhờ kiểm tra giúp, sao không xem được kênh trên truyền hình cáp nhỉ?","false"
"Em không nhận được thông báo gì từ app đặt đồ ăn, có ai giúp em không?","false"
"Tại sao tôi không đăng nhập được vào tài khoản trên nền tảng thương mại điện tử nhỉ?","false"
"Sao mà không thấy mã xác thực gửi vào số điện thoại khi mua hàng online?","false"
"Tôi cần gửi lại mã OTP nhưng không thấy gì gửi về điện thoại, sao kỳ vậy?","false"
"Ứng dụng thanh toán không cho tôi rút tiền, có ai biết cách giải quyết không?","false"
"Em không vào được app ngân hàng vì mã xác thực không về điện thoại, giúp em với!","false"
"Sao lại có phí dịch vụ cho truyền hình internet tháng này mà tôi không biết đến vậy?","false"
"Không hiểu sao tài khoản ví điện tử lại bị trừ tiền trong khi chưa thực hiện giao dịch nào","false"
"Tôi không vào được tài khoản vào app đặt đồ ăn, mã xác nhận gửi không tới","false"
"Chả nhẽ tôi không thể xác minh tài khoản ngân hàng qua số điện thoại được sao?","false"
"Tôi đã chuyển tiền qua ví điện tử mà không thấy tiền đâu, có ai biết tại sao không?","false"
"Em không nhận được mã OTP để xác minh tài khoản game, phải làm sao?","false"
"Hóa đơn tháng này từ dịch vụ truyền hình cáp sao lại không chính xác vậy?","false"
"Tại sao không thấy thông báo từ dịch vụ gọi xe, tôi cần gọi ngay!","false"
"Em không vào được tài khoản ngân hàng vì mã xác thực không tới điện thoại, giúp em!","false"
"Sao mà không thấy mã xác thực khi tôi cần đăng nhập vào app thương mại điện tử?","false"
"Tôi quên mật khẩu tài khoản game mà không nhận được mã OTP, phải làm sao?","false"
"Giúp tôi với, sao mà không thấy thông báo gì từ app xem phim yêu thích?","false"
"Chả hiểu sao không nhận được mã xác thực để thanh toán hóa đơn điện thoại nhỉ?","false"
"Sao mà không thấy mã xác thực gửi vào số điện thoại khi đăng nhập vào ứng dụng ngân hàng?","false"
"Em không nhận được thông báo từ dịch vụ thanh toán, có ai giúp em không?","false"
"Tôi không vào được tài khoản trên app đặt đồ ăn vì mã xác thực không về điện thoại","false"
"Sao mà không thấy mã xác thực gửi vào số điện thoại khi mua hàng online nhỉ?","false"
"Tại sao tài khoản ví điện tử của tôi không được xác minh, mã OTP không về?","false"
"Em không thấy thông báo từ dịch vụ truyền hình internet, giúp em với!","false"
"Chả nhẽ tôi không thể thanh toán hóa đơn qua app gọi xe được sao?","false"
"Tôi đã nạp tiền vào tài khoản game mà không thấy tiền đâu, ai giúp tôi với?","false"
"Không nhận được mã OTP để xác minh tài khoản ngân hàng của mình","false"
"Bạn có biết tại sao tôi không thể đăng nhập vào app gọi xe không?","false"
"Tôi bị trừ tiền trong tài khoản ví điện tử mà không hiểu lý do","false"
"Đã thanh toán hóa đơn nhưng vẫn không xem được kênh truyền hình cáp","false"
"Bạn có thể giúp tôi tìm lại tài khoản game đã bị khóa không?","false"
"Tại sao tôi không nhận được thông báo từ app mua sắm?","false"
"Có cách nào lấy lại tài khoản ngân hàng bị khóa không?","false"
"Tôi không thể xác minh số điện thoại trên nền tảng xem phim","false"
"Nhờ bạn kiểm tra xem hóa đơn điện nước có bị sai không?","false"
"App thanh toán của tôi cứ báo lỗi khi đăng nhập vào tài khoản","false"
"Không hiểu sao lại không nhận được mã xác thực từ app mạng xã hội","false"
"Tôi cần hỗ trợ vì tài khoản thương mại điện tử của tôi bị khóa","false"
"Làm ơn cho tôi biết tại sao không thể thanh toán qua ví điện tử?","false"
"Chả hiểu sao hóa đơn của tôi lại bị trừ gấp đôi trong tháng này","false"
"Có cách nào khôi phục tài khoản game bị khóa mà không cần mã OTP không?","false"
"App giao đồ ăn của tôi không cho phép đăng nhập bằng số điện thoại","false"
"Tôi vừa thanh toán nhưng vẫn không thấy đồ ăn đến nơi","false"
"Việc gì mà tôi không thể truy cập vào trang tài khoản ngân hàng nhỉ?","false"
"Tại sao app xem phim lại yêu cầu số điện thoại để xác minh?","false"
"Tôi đã tải lại trang nhưng vẫn không thấy bản hóa đơn điện tử","false"
"Chỗ nào trên app mua sắm có thể hỗ trợ về tài khoản bị khóa?","false"
"Không nhận được thông báo gì từ ví điện tử dù đã đăng nhập","false"
"Tôi đã thử thay đổi mật khẩu mà vẫn không vào được tài khoản","false"
"Phí dịch vụ của app giao hàng đã tự động trừ trong tài khoản của tôi","false"
"Có ai biết tại sao không nhận được OTP từ ứng dụng ngân hàng không?","false"
"Tôi đã liên hệ với bộ phận hỗ trợ mà vẫn không được giải quyết gì","false"
"Không hiểu sao app xã hội lại yêu cầu xác thực số điện thoại chứ?","false"
"Chờ mã xác thực mà lâu quá không thấy gửi về điện thoại","false"
"Có cách nào để liên hệ với dịch vụ khách hàng của ví điện tử không?","false"
"Tôi cần hỗ trợ vì không tìm thấy hóa đơn đã thanh toán gần đây","false"
"Hóa đơn dịch vụ truyền hình của tôi bị sai địa chỉ giao hàng","false"
"Phí duy trì tài khoản game không tự động trừ mà tôi phải làm sao?","false"
"Tại sao tôi không nhận được tin nhắn xác minh từ app giao hàng?","false"
"App mua sắm của tôi bị lỗi không cho phép thanh toán qua tài khoản ngân hàng","false"
"Có ai gặp lỗi không đăng nhập được vào ví điện tử giống tôi không?","false"
"Vừa mới thanh toán xong mà sao chả thấy hàng đến đâu cả?","false"
"Tôi không thể xác nhận tài khoản của mình trên app xem phim mới tải","false"
"Nhờ bạn tìm giúp tôi hóa đơn của tháng trước trong app nhé!","false"
"Tại sao không thấy thông báo mới trên app ngân hàng nhỉ?","false"
"Thấy thông báo mà không nhận được mã OTP từ tài khoản ngân hàng","false"
"Sao tài khoản shopping của tôi lại không hoạt động được vậy?","false"
"App xem phim yêu cầu số điện thoại nhưng không gửi mã xác thực","false"
"Tôi đã đổi số điện thoại mà vẫn không truy cập được vào tài khoản","false"
"Phí thanh toán của ứng dụng giao đồ ăn lại bị trừ cao hơn thường lệ","false"
"Có ai biết làm thế nào để lấy lại tài khoản bị khóa không vậy?","false"
"Tôi không thể truy cập vào hóa đơn dịch vụ internet của mình","false"
"Hy vọng sẽ giải quyết được vấn đề không nhận OTP từ app ngân hàng","false"
"Tại sao không nhận được thông báo từ ứng dụng đặt xe nhỉ?","false"
"Chỉ cần có mã xác thực từ app ngân hàng để xác minh tài khoản","false"
"Nhờ bạn xem giúp tôi lý do tài khoản game lại bị khóa nhé!","false"
"Tại sao vừa thanh toán mà đồ ăn vẫn chưa đến vậy?","false"
"Có ai biết cách đăng nhập vào ví điện tử không cần mã xác thực không?","false"
"SMS từ app thanh toán không hề gửi về số điện thoại của tôi","false"
"Tôi không thể mở ứng dụng truyền hình để xem kênh đã đăng ký","false"
"Phí hàng tháng trên app thanh toán tự động trừ mà không báo trước","false"
"Không nhận được mã OTP từ app vì không có mạng?","false"
"Tôi đã làm theo hướng dẫn nhưng vẫn không vào được tài khoản game","false"
"Tại sao không có thông tin gì từ app mua sắm sau khi thanh toán?","false"
"Có ai gặp lỗi không gọi điện được trên app giao hàng không?","false"
"Tôi đã liên hệ với bộ phận hỗ trợ mà vẫn không thấy phản hồi gì","false"
"Phí duy trì tài khoản vẫn bị trừ dù không sử dụng dịch vụ","false"
"App xem phim yêu cầu xác minh tài khoản qua số điện thoại nhưng không gửi mã","false"
"Sao mình không nhận được thông báo thanh toán từ ví điện tử nhỉ?","false"
"Hóa đơn tháng này bị trừ nhiều hơn, không rõ nguyên nhân","false"
"Có cách nào để lấy lại tài khoản ngân hàng bị khóa mà không cần gặp trực tiếp không?","false"
"Tại sao không thể xác nhận tài khoản trong app gọi xe?","false"
"Nhờ bạn kiểm tra xem sao không thể thanh toán trong app mua sắm","false"
"Sao không thấy mã xác thực từ app truyền hình gửi về điện thoại?","false"
"Tại sao app ngân hàng không cho phép tạo tài khoản mới nhỉ?","false"
"Tôi không thể đăng nhập vào tài khoản thương mại điện tử dù đã thử nhiều lần","false"
"Tại sao không thấy hóa đơn trên app khi vừa mới thanh toán?","false"
"Nhờ bạn giúp tôi tìm lại mã xác thực bị mất trong app ngân hàng","false"
"Tôi cần hỗ trợ vì không nhận được thông báo từ app giao hàng","false"
"Chờ mã xác thực từ ứng dụng mua sắm mà không thấy gửi về","false"
"Tại sao tôi không thể xác minh tài khoản thanh toán online của mình?","false"
"App xem phim yêu cầu xác thực qua điện thoại mà không gửi mã","false"
"Có cách nào để khôi phục mật khẩu ví điện tử không cần OTP không?","false"
"Hy vọng sẽ nhận được thông báo từ app gọi xe trong thời gian tới","false"
"Tại sao không nhận được mã xác thực cho tài khoản game?","false"
"Sao tôi không thể thanh toán qua app giao hàng khi đã đăng nhập?","false"
"Có ai gặp vấn đề không tìm thấy hóa đơn trong ứng dụng không?","false"
"App ngân hàng không cho phép truy cập vào tài khoản của tôi","false"
"Tôi không nhận được bất kỳ thông báo nào từ ứng dụng đặt đồ ăn","false"
"Nhờ bạn xem giúp tôi sao không thể thanh toán được nữa?","false"
"App xem phim yêu cầu xác minh số điện thoại nhưng không gửi mã xác thực","false"
"Tại sao lại không thể truy cập vào tài khoản giao hàng của tôi?","false"
"Chờ mã xác thực từ app ngân hàng mà không thấy gửi về số điện thoại","false"
"Tại sao lại không nhận được tin nhắn từ app thanh toán nhỉ?","false"
"Tôi cần hỗ trợ vì không thể mở hóa đơn trong ứng dụng","false"
"Tại sao không thể tìm thấy hóa đơn ở app mua sắm nhỉ?","false"
"Nhờ bạn xem giúp tôi lý do tại sao không truy cập được vào tài khoản","false"
"Tôi không thể xác minh số điện thoại trên app ngân hàng thế nào nhỉ?","false"
"Chả hiểu sao mã xác thực không gửi về cho tôi từ app giao hàng","false"
"Có ai gặp lỗi không nhận được thông tin thanh toán từ ví điện tử không?","false"
"Tại sao không thấy thông báo từ ứng dụng thanh toán nhỉ?","false"
"App dịch vụ truyền hình không cho phép tôi truy cập vào tài khoản","false"
"Tôi đã thử nhiều lần nhưng vẫn không thấy hóa đơn nào trên app","false"
"Nhờ bạn hỗ trợ tôi về việc không nhận được mã OTP từ app gọi xe","false"
"Sao tôi không thể truy cập vào tài khoản thương mại điện tử nhỉ?","false"
"Tôi không thể xác minh tài khoản trong app ngân hàng vì không nhận OTP","false"
"Tại sao lại không nhận được thông báo từ app mua sắm nhỉ?","false"
"Chờ mã xác thực từ app giao hàng mà không thấy gửi về số điện thoại tôi","false"
"Tôi đã thử nhiều cách mà vẫn không thể đăng nhập vào ví điện tử","false"
"Phí dịch vụ của app thanh toán tự động trừ mà không báo trước","false"
"Tại sao không thấy thông báo từ ứng dụng gọi xe nhỉ?","false"
"Sao mã xác thực không gửi về cho tôi từ app ngân hàng?","false"
"Tôi không thể xem được kênh trên ứng dụng truyền hình mà đã đăng ký","false"
"Sao lại không nhận được thông báo thanh toán từ app giao hàng nhỉ?","false"
"Tôi đã thử tạo tài khoản mới mà vẫn không được, có ai biết không?","false"
"Tại sao lại không tìm thấy hóa đơn của tháng này trong ứng dụng nhỉ?","false"
"Tôi không thể xác minh tài khoản của mình trong app ngân hàng được","false"
"Sao tôi chờ mã OTP từ app giao đồ ăn mà không thấy gửi về?","false"
"Tại sao lại không nhận được thông báo từ app thanh toán nhỉ?","false"
"Nhờ bạn xem giúp tôi sao không thể thanh toán được nữa qua ví điện tử","false"
"Tôi không thấy hóa đơn trong ứng dụng ngân hàng mặc dù đã thanh toán","false"
"Tại sao không thể đăng nhập vào tài khoản thương mại điện tử của mình?","false"
"Tôi không nhận được mã xác thực từ app xem phim, có ai biết tại sao không?","false"
"Sao không nhận được thông báo từ app giao hàng nhỉ?","false"
"Tôi chờ mã xác thực từ app ngân hàng mà không thấy gửi về số điện thoại","false"
"Nhờ bạn hỗ trợ kiểm tra sao không thể truy cập vào tài khoản thanh toán nhỉ?","false"
"Cho tôi hỏi về hóa đơn của dịch vụ truyền hình cáp tháng này có bị tăng không?","false"
"Tôi không nhận được mã OTP để xác minh tài khoản của ví điện tử!","false"
"Làm thế nào để tôi có thể đặt đồ ăn trong ứng dụng mà không bị trừ tiền?","false"
"Bạn có biết vì sao tôi không thể đăng nhập vào tài khoản game của mình không?","false"
"Tại sao tôi không xem được kênh yêu thích trên truyền hình internet?","false"
"Tôi không nhận được thông báo gì từ app ngân hàng sau khi chuyển khoản.","false"
"Giúp tôi với, tài khoản của tôi ở ứng dụng giao hàng bị khóa rồi!","false"
"Đã hơn 5 phút rồi mà mã xác minh không gửi vào số điện thoại của tôi!","false"
"Chi phí hàng tháng của gói truyền hình có thay đổi không nhỉ?","false"
"Tôi cần hỗ trợ vì không vào được tài khoản trên nền tảng xem phim.","false"
"App gọi xe của tôi không cho tôi đặt chuyến, có ai gặp vấn đề này không?","false"
"Sao tôi không thể thanh toán hóa đơn mua hàng qua ví điện tử?","false"
"Cho tôi hỏi cách khôi phục tài khoản trên app xem phim được không?","false"
"Đã đặt đồ ăn rồi mà sao không thấy giao đến, ai giúp tôi với?","false"
"Có ai biết cách kiểm tra số dư tài khoản trên ứng dụng ngân hàng không?","false"
"Sao tài khoản của tôi trên nền tảng thương mại điện tử lại bị khóa vậy?","false"
"Tôi đã chờ mã OTP lâu quá, chắc chắn là số điện thoại đúng mà!","false"
"Ứng dụng xem phim yêu cầu xác minh số điện thoại, nhưng mã không tới!","false"
"Tôi cần hỗ trợ vì không truy cập được vào tài khoản game của mình.","false"
"Cho tôi hỏi hóa đơn tháng này của dịch vụ truyền hình có tăng không?","false"
"Không biết Gói kênh nào của truyền hình có giá tốt vậy nhỉ?","false"
"Chuyện gì xảy ra với tài khoản ví điện tử của tôi mà không giao dịch được?","false"
"Có ai bị khóa tài khoản trên app giao đồ ăn giống tôi không?","false"
"App ngân hàng không cho tôi chuyển tiền, phải làm sao đây?","false"
"Nhờ tư vấn về cách sử dụng ứng dụng thanh toán với số điện thoại nhé!","false"
"Tại sao tôi không nhận được tin nhắn xác nhận từ ứng dụng đặt đồ ăn?","false"
"Bạn có biết dịch vụ nào xem phim mà không cần xác minh số điện thoại không?","false"
"Tôi không thể xem được các kênh trên truyền hình cáp, có ai biết không?","false"
"Làm sao để khôi phục tài khoản trên ứng dụng ngân hàng bị khóa?","false"
"Cho tôi hỏi về phí hàng tháng cho dịch vụ xem phim trực tuyến nhé!","false"
"Không nhận được mã xác thực từ số điện thoại cho ví điện tử của mình!","false"
"Ứng dụng gọi xe của tôi không nhận diện được số điện thoại, sao vậy?","false"
"Mã OTP không gửi vào điện thoại để thanh toán hóa đơn, tôi phải làm sao?","false"
"Giúp tôi tìm hiểu lý do tài khoản game của tôi không hoạt động được!","false"
"Bị trừ tiền mà không biết rõ lý do từ dịch vụ nào, ai giúp tôi với?","false"
"Tìm cách để lấy lại tài khoản trên ứng dụng xem phim, bị khóa rồi!","false"
"Ứng dụng thanh toán không hiển thị số dư tài khoản mà tôi đã thêm!","false"
"Sao không giao hàng cho tôi từ ứng dụng đặt đồ ăn, có ai gặp không?","false"
"Tôi đã chờ mã OTP lâu rồi mà vẫn chưa nhận được từ ứng dụng ngân hàng!","false"
"Mình không thể truy cập vào tài khoản trên nền tảng thương mại điện tử, ai giúp?","false"
"Bạn có biết cách giải quyết lỗi không xem được kênh trên truyền hình cáp không?","false"
"Nhờ ai hỗ trợ về vấn đề không nhận mã xác thực cho ứng dụng giao hàng nhé!","false"
"Có ai đang gặp lỗi không vào được tài khoản game trên điện thoại không?","false"
"Tại sao tốc độ truyền tải video lại chậm trên app xem phim?","false"
"Không hiểu sao tôi không thể thanh toán qua ví điện tử trên app này nữa!","false"
"Cho tôi hỏi về gói kênh truyền hình có nội dung gì hay không?","false"
"Làm sao để lấy lại mã OTP cho tài khoản ngân hàng của tôi đây?","false"
"SAO không thấy thông tin về tài khoản trên ứng dụng mua sắm nhỉ?","false"
"Bị trừ tiền từ ví điện tử mà không biết lý do, ai có cách giải quyết không?","false"
"Có ai có kinh nghiệm với ứng dụng giao hàng mà không nhận được mã xác thực không?","false"
"Tôi có thể kiểm tra hóa đơn truyền hình của tháng trước ở đâu vậy?","false"
"Thông tin tài khoản của tôi trên app ngân hàng không hiện ra nữa, giúp tôi với!","false"
"Làm sao để khôi phục tài khoản truyền hình cáp đã bị khóa?","false"
"Không thể chuyển tiền qua ví điện tử, có ai biết vì sao không?","false"
"Giúp tôi với, làm thế nào để lấy lại số điện thoại cho tài khoản game bị khóa?","false"
"Nếu không nhận được mã OTP thì tôi phải làm sao để xác thực tài khoản?","false"
"Sao tự dưng không xem được kênh yêu thích trên dịch vụ truyền hình?","false"
"Nhờ ai đó giúp tôi với lỗi không vào được tài khoản trên ứng dụng giao đồ ăn!","false"
"Tôi không hiểu tại sao mình lại không thể đăng nhập vào ứng dụng thanh toán.","false"
"Cho tôi hỏi cách kiểm tra hóa đơn tháng này của dịch vụ xem phim nhé!","false"
"Không vào được ứng dụng đặt đồ ăn, có ai biết tại sao không?","false"
"Có ai bị mất số điện thoại đăng ký tài khoản trên app ngân hàng không?","false"
"Tôi thấy phí hàng tháng cho gói truyền hình có thay đổi không nhỉ?","false"
"App gọi xe không nhận điện thoại của tôi, không biết tại sao?","false"
"Sao tôi không nhận được mã xác thực từ app giao đồ ăn nhỉ?","false"
"Giúp tôi kích hoạt lại tài khoản ngân hàng bị khóa nhé, ai biết không?","false"
"Tôi đã bị trừ tiền qua ví điện tử nhưng không biết lý do là gì!","false"
"Nếu tài khoản game của tôi bị khóa thì phải làm sao để lấy lại?","false"
"Không nhận được thông báo gì từ dịch vụ truyền hình cáp, ai biết không?","false"
"Bạn có biết tại sao app xem phim lại yêu cầu xác minh số điện thoại không?","false"
"Tôi không thể vào được tài khoản trên nền tảng thương mại điện tử, nhờ bạn giúp!","false"
"Đã đợi mã OTP lâu mà vẫn chưa có gì cả, sao thế này?","false"
"Tôi cần hỗ trợ để khôi phục tài khoản trên app gọi xe nhé!","false"
"Bạn có biết vì sao không xem được kênh trên truyền hình internet không?","false"
"Cho tôi hỏi cách xác minh tài khoản trên ví điện tử của mình nhé!","false"
"Sao mà không giao hàng từ ứng dụng đặt đồ ăn cho mình được nhỉ?","false"
"Tôi thấy hóa đơn truyền hình tháng trước có sự khác biệt, có ai giống không?","false"
"Làm sao để kiểm tra tình trạng tài khoản trên app giao hàng nhỉ?","false"
"Nếu tôi không nhận được mã OTP thì có cách nào khác để xác minh không?","false"
"Giúp tôi xem lại lý do không vào được tài khoản trên dịch vụ xem phim!","false"
"Tôi không vào được tài khoản ngân hàng của mình, ai có cách giải quyết không?","false"
"App giao hàng của tôi không hoạt động, không biết có vấn đề gì không?","false"
"Đã lâu mà không nhận được mã xác thực từ số điện thoại cho ví điện tử!","false"
"Có ai biết cách nâng cấp gói truyền hình không nhỉ?","false"
"Tại sao tôi không thể thanh toán qua ứng dụng ngân hàng được nữa?","false"
"Giúp tôi với, tài khoản game của tôi không đăng nhập được, có ai biết không?","false"
"Không nhận được thông báo gì về tài khoản trên dịch vụ thương mại điện tử cả!","false"
"Sao tôi lại không xem được kênh yêu thích trên dịch vụ truyền hình cáp vậy?","false"
"Giúp tôi kiểm tra hóa đơn tháng trước cho app gọi xe nhé!","false"
"Không hiểu sao tài khoản của tôi trên ví điện tử lại bị khóa?","false"
"Cho tôi hỏi cách giải quyết lỗi không nhận được mã xác minh cho tài khoản?","false"
"Tôi không biết phải làm gì khi không thể truy cập vào tài khoản game nữa!","false"
"Tại sao mã OTP từ app ngân hàng lại không gửi tới số điện thoại của tôi?","false"
"Bạn có biết có cách nào để lấy lại tài khoản trên nền tảng xem phim không?","false"
"Đã vài lần tôi không nhận được mã xác thực từ ứng dụng giao hàng, sao vậy?","false"
"Bị trừ tiền từ dịch vụ nhưng không biết lý do, nhờ ai giúp tôi với!","false"
"Giúp tôi hỏi về phí dịch vụ truyền hình cáp tháng này như thế nào nhé!","false"
"Tôi không vào được tài khoản của app ngân hàng, có ai gặp lỗi này không?","false"
"Cho tôi biết lý do không xem được kênh yêu thích trên dịch vụ truyền hình!","false"
"Giúp tôi với vấn đề không thể thanh toán qua ví điện tử nhé!","false"
"Tôi đã chờ mã OTP cho tài khoản game mà không thấy gửi tới!","false"
"Không biết có ai gặp lỗi không vào được tài khoản trên app đặt đồ ăn không?","false"
"Có ai biết tại sao tài khoản trên ứng dụng thương mại điện tử lại bị khóa không?","false"
"Tôi không thể nhận mã xác minh từ ứng dụng ngân hàng, ai có ý kiến không?","false"
"Nhờ bạn giúp tôi khi không xem được kênh trên truyền hình cáp nhé!","false"
"Đã lâu mà không nhận được mã OTP từ app thanh toán, sao mà lâu vậy?","false"
"Tôi không vào được tài khoản trên app giao hàng, có ai giúp tôi không?","false"
"Giúp tôi kiểm tra lý do không nhận được thông báo từ ứng dụng mua sắm nhé!","false"
"Sao tôi không thể thanh toán hóa đơn qua ví điện tử được nữa?","false"
"Giúp tôi tìm hiểu lý do tài khoản game của tôi không đăng nhập được nhé!","false"
"Cho tôi hỏi sao không xem được kênh trên dịch vụ truyền hình internet nhỉ?","false"
"Không biết có ai không nhận được mã xác thực từ ứng dụng giao hàng không nhỉ?","false"
"Tôi đã chờ mã OTP cho tài khoản ngân hàng mà chưa thấy gì cả!","false"
"Giúp tôi hỏi về phí hàng tháng cho dịch vụ truyền hình có thay đổi không?","false"
"Có ai rơi vào tình trạng không truy cập được tài khoản trên app đặt đồ ăn không?","false"
"Không hiểu sao tài khoản của tôi trên ứng dụng thương mại điện tử bị khóa rồi!","false"
"Tôi cần tìm hiểu lý do không nhận được mã xác thực từ app thanh toán nhé!","false"
"Nhờ ai đó giúp tôi về vấn đề không vào được tài khoản trên nền tảng xem phim!","false"
"Bạn có biết tại sao mình không thể xem được các kênh trên truyền hình không?","false"
"Tôi không biết phải làm gì khi app giao hàng không nhận diện được số điện thoại của tôi?","false"
"Giúp tôi với, không nhận được tin nhắn xác thực từ ứng dụng ngân hàng!","false"
"Cho tôi hỏi hóa đơn truyền hình tháng này có thay đổi gì không?","false"
"Giúp tôi với, không vào được tài khoản game, có ai gặp tình trạng này không?","false"
"Sao không thấy mã xác thực từ ứng dụng đặt đồ ăn gửi về cho tôi?","false"
"Tôi cần hỗ trợ vì không thể thanh toán qua ví điện tử được nữa!","false"
"Đã lâu rồi mà sao tôi không nhận được mã OTP từ app ngân hàng?","false"
"Nhờ ai giúp tôi với vấn đề không vào được tài khoản trên dịch vụ thương mại điện tử!","false"
"Có ai bị khóa tài khoản trên nền tảng xem phim không?","false"
"Tôi không nhận được thông báo gì từ dịch vụ truyền hình cáp, có ai biết không?","false"
"Giúp tôi tìm hiểu lý do không nhận được mã xác minh cho ví điện tử nhé!","false"
"Cho tôi hỏi cách khôi phục tài khoản bị khóa trên ứng dụng ngân hàng!","false"
"Tôi đã chờ mã OTP lâu mà vẫn chưa thấy gửi đến, sao vậy nhỉ?","false"
"Giúp tôi hỏi về phí dịch vụ cho gói truyền hình tháng này xem sao!","false"
"Có ai cũng gặp lỗi không vào được tài khoản trên ứng dụng giao hàng không?","false"
"Giúp tôi kiểm tra lý do không nhận được mã xác thực từ app thanh toán nhé!","false"
"Tôi không hiểu tại sao mình không thể xem được kênh trên truyền hình internet nữa!","false"
"Đã chờ mã OTP cho tài khoản game mà vẫn chưa nhận được, sao vậy?","false"
"Bị trừ tiền từ ví điện tử mà không biết lý do, ai biết không?","false"
"Giúp tôi hỏi về việc không xem được kênh yêu thích trên dịch vụ truyền hình nhé!","false"
"Tôi không thể thanh toán hóa đơn qua ứng dụng ngân hàng, có ai hỗ trợ không?","false"
"Cho tôi biết lý do không vào được tài khoản trên nền tảng thương mại điện tử!","false"
"Bị khóa tài khoản trên app gọi xe rồi, nhờ ai giúp tôi với!","false"
"Giúp tôi xem lại hóa đơn tháng này của dịch vụ xem phim nhé!","false"
"Có ai gặp lỗi không nhận được mã xác thực từ ứng dụng giao hàng không?","false"
"Sao không thấy thông tin về tài khoản của mình trên ví điện tử nhỉ?","false"
"Em không nhận được mã OTP vào số điện thoại để đăng nhập ví điện tử","false"
"Tại sao tài khoản ngân hàng của tôi bị khóa, tôi không thể sử dụng app được?","false"
"Chị không thể xem được kênh truyền hình cáp, có phải bị lỗi gì không?","false"
"Tôi cần hỗ trợ vì không nhận được mã xác thực cho app đặt đồ ăn.","false"
"Đã bị trừ tiền trong ví điện tử nhưng không thấy món hàng nào cả, ai giúp tôi với?","false"
"Có cách nào để lấy lại tài khoản game bị khóa không?","false"
"Làm ơn giúp tôi với, tôi không thể đăng nhập vào tài khoản ngân hàng!","false"
"Tại sao tôi không nhận được thông báo giao dịch trên số điện thoại đã đăng ký?","false"
"Lỗi không xem được phim trên app, có ai biết phải làm sao không?","false"
"Tôi cần biết hóa đơn tháng này cho dịch vụ truyền hình cáp, bạn có thể giúp không?","false"
"Xin hỏi làm thế nào để khôi phục tài khoản của tôi trên app ngân hàng?","false"
"Điện thoại của tôi không nhận được mã xác thực cho ví điện tử, phải làm sao?","false"
"Có ai gặp vấn đề khi xem phim online không, tôi không vào được?","false"
"Mã OTP của tôi không gửi đến số điện thoại khi đăng nhập vào app gọi xe.","false"
"Chồng tôi đã thanh toán hóa đơn truyền hình cáp nhưng sao vẫn bị khóa kênh?","false"
"Tôi không thể truy cập vào tài khoản game, có ai biết lý do tại sao không?","false"
"Cần hỗ trợ vì không nhận được tin nhắn xác nhận từ ví điện tử.","false"
"Sao tôi không nhận được thông báo giao dịch từ tài khoản ngân hàng vậy?","false"
"Tôi đã đăng ký gói kênh mới nhưng vẫn không xem được, phải làm sao?","false"
"Tại sao không nhận được mã xác thực từ app đặt đồ ăn, ai biết không?","false"
"Em không thể đăng nhập vào app gọi xe, nó báo lỗi gì đó mà không rõ.","false"
"Chị không nhận được mã OTP để xác thực tài khoản ngân hàng, giúp tôi với!","false"
"Tôi không thể vào app xem phim, có lỗi gì không vậy?","false"
"Tại sao tài khoản ví điện tử của tôi bị khóa, tôi cần hỗ trợ!","false"
"Em không thấy thông báo thanh toán hóa đơn truyền hình cáp tháng này.","false"
"Làm ơn cho tôi biết làm sao để lấy lại mã OTP cho tài khoản ngân hàng?","false"
"Số điện thoại của tôi không nhận được mã xác thực cho app thanh toán.","false"
"Có ai biết tại sao lại không vào được tài khoản game không?","false"
"Tôi không thể thanh toán qua ví điện tử vì bị lỗi gì đó, cần giúp đỡ.","false"
"Chồng tôi đã mất số điện thoại đăng ký tài khoản ngân hàng, làm sao lấy lại?","false"
"Xin lỗi, nhưng tôi không nhận được mã OTP để xác thực tài khoản xem phim.","false"
"Tại sao tôi không xem được hóa đơn dịch vụ truyền hình cáp tháng này?","false"
"Tôi gặp vấn đề với tài khoản ví điện tử, không vào được.","false"
"Em thấy có lỗi khi đăng nhập vào app gọi xe, có ai gặp trường hợp này không?","false"
"Chị không nhận được tin nhắn xác thực từ ngân hàng, có cách nào khắc phục không?","false"
"Tôi đã thử nhiều lần nhưng vẫn không nhận được mã OTP cho app thanh toán.","false"
"Tháng này sao không thấy hóa đơn truyền hình cáp của tôi đâu nhỉ?","false"
"Làm ơn hỗ trợ tôi với, tài khoản ngân hàng của tôi bị khóa không vào được!","false"
"Em không nhận được mã xác thực cho app đặt đồ ăn, phải làm sao bây giờ?","false"
"Sao không có ai giúp tôi khi tôi không vào được tài khoản game nhỉ?","false"
"Chồng tôi nói không nhận được mã OTP khi đăng nhập ví điện tử, có ai biết không?","false"
"Tại sao không xem được kênh yêu thích trên truyền hình cáp tháng này?","false"
"Tôi không thể đăng nhập vào app xem phim, nó báo lỗi gì đó.","false"
"Mẹ tôi không nhận được mã xác thực cho tài khoản ngân hàng, ai giúp với?","false"
"Có cách nào khôi phục lại tài khoản game không, tôi không vào được nữa?","false"
"Chị không thể thanh toán qua ví điện tử, có ai biết tại sao không?","false"
"Tôi không thấy thông báo giao dịch cho tài khoản ngân hàng, phải làm sao?","false"
"Sao không nhận được mã xác thực cho app gọi xe nhỉ?","false"
"Tôi cần hỗ trợ khôi phục tài khoản ngân hàng của mình, ai giúp tôi với!","false"
"Em không vào được app đặt đồ ăn, có lỗi gì không?","false"
"Làm ơn cho tôi biết làm thế nào để lấy lại mã OTP cho app ngân hàng?","false"
"Tại sao tài khoản truyền hình cáp của tôi lại bị khóa vậy?","false"
"Chồng tôi không nhận được mã OTP từ tài khoản ngân hàng, ai biết cách xử lý không?","false"
"Hóa đơn dịch vụ truyền hình cáp tháng này bị thiếu, tôi cần trên app.","false"
"Tôi không thể xem phim trên ứng dụng, có ai biết lý do không nhỉ?","false"
"Mẹ không nhận được mã xác thực cho ví điện tử, sao lại thế?","false"
"Sao tôi không thấy thông báo mới cho tài khoản game nhỉ?","false"
"Đã thử bao nhiêu lần mà không nhận được mã OTP cho app thanh toán!","false"
"Tại sao tôi không thể đăng nhập vào tài khoản ngân hàng của mình?","false"
"Xin hãy giúp tôi với, tôi không nhận được mã xác thực cho app gọi xe.","false"
"Tôi không thấy hóa đơn tháng này cho dịch vụ truyền hình cáp, cần giúp!","false"
"Chị không thể vào được tài khoản game, đã thử nhiều cách mà vẫn không được.","false"
"Em không nhận được mã OTP cho app ngân hàng, có cách nào không?","false"
"Có ai biết tại sao không nhận được thông báo giao dịch từ tài khoản ngân hàng không?","false"
"Tôi gặp lỗi khi xem phim trên app, có ai gặp tình trạng này không?","false"
"Chả hiểu sao tài khoản ví điện tử của tôi bị khóa, ai có ý kiến không?","false"
"Không thấy mã xác thực gửi đến số điện thoại, làm ơn giúp tôi với!","false"
"Tôi không thể xem được kênh yêu thích trên truyền hình cáp, có ai biết không?","false"
"Sao tài khoản game của tôi lại bị khóa, cần hỗ trợ gấp!","false"
"Em không nhận được thông báo thanh toán cho tài khoản ngân hàng, sao vậy?","false"
"Có cách nào để lấy lại mã OTP cho ví điện tử không?","false"
"Sao không xem được phim trên app của tôi, có lỗi gì không?","false"
"Chị không nhận được mã xác thực từ tài khoản ngân hàng, ai biết không?","false"
"Tôi đã thử nhiều lần nhưng mã OTP cho tài khoản game vẫn không gửi đến.","false"
"Làm ơn kiểm tra giúp tôi vì sao không nhận được tin nhắn xác thực từ ví điện tử.","false"
"Tại sao hóa đơn truyền hình cáp lại không có trong tài khoản của tôi nhỉ?","false"
"Chồng tôi không nhận được mã OTP cho app thanh toán, ai giúp với!","false"
"Tôi không thể đăng nhập vào tài khoản ngân hàng, không biết lý do tại sao?","false"
"Sao không có mã xác thực cho app đặt đồ ăn gửi đến số điện thoại của tôi?","false"
"Em thấy không nhận được mã xác thực cho tài khoản game, phải làm sao?","false"
"Tôi đã thử nhiều cách nhưng vẫn không xem được kênh truyền hình cáp yêu thích.","false"
"Có ai gặp vấn đề với việc không nhận được thông báo từ ngân hàng không?","false"
"Tại sao tài khoản ví điện tử của tôi lại bị khóa, cần hỗ trợ!","false"
"Chị không nhận được mã OTP khi đăng nhập vào app thanh toán, phải làm sao?","false"
"Đã 2 hôm rồi mà không thấy thông báo từ tài khoản ngân hàng, ai biết không?","false"
"Sao lại không vào được app xem phim nhỉ?","false"
"Tôi không nhận được mã xác thực cho tài khoản game, có ý kiến gì không?","false"
"Em không thể thanh toán qua ví điện tử, có lỗi gì không nhỉ?","false"
"Đã thử nhiều lần mà vẫn không vào được tài khoản ngân hàng, có ai giúp không?","false"
"Chị không thấy thông báo giao dịch mới từ tài khoản của mình, sao lại thế?","false"
"Tôi không thấy hóa đơn tháng này cho dịch vụ truyền hình cáp, cần hỗ trợ!","false"
"Sao không nhận được mã xác thực khi đăng nhập vào app đặt đồ ăn nhỉ?","false"
"Tôi không thể xem phim trên ứng dụng, có lý do gì không?","false"
"Làm ơn kiểm tra giúp tôi vì sao không nhận được mã OTP cho ví điện tử.","false"
"Tại sao tài khoản game của tôi lại bị khóa và không thể khôi phục được?","false"
"Chồng tôi không nhận được mã xác thực từ app ngân hàng, cần giúp đỡ!","false"
"Tôi không thể vào được tài khoản ngân hàng, đã thử nhiều lần mà không được.","false"
"Sao không nhận được thông báo thanh toán cho tài khoản truyền hình cáp nhỉ?","false"
"Em không thấy mã OTP gửi đến số điện thoại để đăng nhập vào ứng dụng.","false"
"Có ai biết tại sao không vào được tài khoản ví điện tử không?","false"
"Tôi không thể xem được kênh yêu thích trên truyền hình cáp, có ai biết không?","false"
"Đã thử nhiều lần nhưng vẫn không nhận được mã xác thực cho app thanh toán.","false"
"Tôi không nhận được mã OTP cho tài khoản game, phải làm sao bây giờ?","false"
"Cần hỗ trợ vì không thấy thông báo giao dịch từ tài khoản ngân hàng.","false"
"Chồng tôi không nhận được mã xác thực khi đăng nhập vào ví điện tử, ai biết không?","false"
"Sao tài khoản truyền hình cáp của tôi lại bị khóa, giúp tôi với!","false"
"Tôi không thể vào được app xem phim, có lỗi gì không?","false"
"Làm ơn giúp tôi với, không nhận được mã OTP cho tài khoản ngân hàng!","false"
"Tại sao không thấy hóa đơn tháng này cho dịch vụ truyền hình cáp nhỉ?","false"
"Sao không có mã xác thực gửi đến số điện thoại cho app đặt đồ ăn?","false"
"Em thấy không nhận được mã OTP cho tài khoản game, phải làm sao?","false"
"Tôi đã thử nhiều cách mà vẫn không vào được tài khoản ngân hàng, giúp tôi với!","false"
"Có ai gặp vấn đề với việc không nhận được thông báo từ ngân hàng không?","false"
"Chị không nhận được mã xác thực cho app thanh toán, sao lại thế?","false"
"Sao lại không xem được kênh truyền hình cáp yêu thích của tôi?","false"
"Tôi không thể vào được tài khoản game, đã thử nhiều cách mà vẫn không được.","false"
"Đã 2 hôm rồi mà không thấy thông báo từ tài khoản ngân hàng, ai biết không?","false"
"Làm ơn kiểm tra giúp tôi vì sao không nhận được mã OTP cho ví điện tử.","false"
"Tại sao tài khoản ví điện tử của tôi lại bị khóa, cần hỗ trợ!","false"
"Chồng tôi không nhận được mã xác thực khi đăng nhập vào app ngân hàng, cần giúp đỡ!","false"
"Tôi không thể vào được tài khoản ngân hàng, đã thử nhiều lần mà không được.","false"
"Sao không nhận được thông báo thanh toán cho tài khoản truyền hình cáp nhỉ?","false"
"Em không thấy mã OTP gửi đến số điện thoại để đăng nhập vào ứng dụng.","false"
"Có ai biết tại sao không vào được tài khoản ví điện tử không?","false"
"Tôi không thể xem được kênh yêu thích trên truyền hình cáp, có ai biết không?","false"
"Đã thử nhiều lần nhưng vẫn không nhận được mã xác thực cho app thanh toán.","false"
"Tôi không nhận được mã OTP cho tài khoản game, phải làm sao bây giờ?","false"
"Cần hỗ trợ vì không thấy thông báo giao dịch từ tài khoản ngân hàng.","false"
"Chồng tôi không nhận được mã xác thực khi đăng nhập vào ví điện tử, ai biết không?","false"
"Sao tài khoản truyền hình cáp của tôi lại bị khóa, giúp tôi với!","false"
"Tôi không thể vào được app xem phim, có lỗi gì không?","false"
"Làm ơn giúp tôi với, không nhận được mã OTP cho tài khoản ngân hàng!","false"
"Tại sao không thấy hóa đơn tháng này cho dịch vụ truyền hình cáp nhỉ?","false"
"Sao không có mã xác thực gửi đến số điện thoại cho app đặt đồ ăn?","false"
"Không nhận được mã OTP để đăng nhập vào tài khoản ngân hàng của mình","false"
"Chờ mã xác minh từ app gọi xe nhưng không thấy gửi đến số điện thoại của tôi","false"
"Tại sao tôi không xem được kênh yêu thích trên truyền hình cáp?","false"
"Bị trừ tiền từ tài khoản ví điện tử mà tôi không biết nguyên nhân từ đâu","false"
"Tháng này hóa đơn internet của tôi tăng cao mà không rõ lý do","false"
"Không thể đăng nhập vào tài khoản game do quên mật khẩu, có thể gửi mã xác nhận không?","false"
"Tôi đã thanh toán qua ứng dụng nhưng vẫn chưa nhận được xác nhận","false"
"Làm ơn giúp tôi với, tôi không thể xem phim trên app, nó yêu cầu xác minh số điện thoại","false"
"Gửi mã OTP cho tôi để tôi kích hoạt tài khoản trên nền tảng thương mại điện tử","false"
"Đã đặt đồ ăn nhưng không nhận được thông báo, có ai biết không?","false"
"Tại sao tài khoản ngân hàng của tôi bị khóa mà không có lý do nào cả?","false"
"Hóa đơn gọi xe tăng cao quá, tôi không biết vì sao nữa","false"
"Không nhận được thông báo từ app thanh toán, có ai gặp lỗi này chưa?","false"
"Tôi muốn biết tại sao không thể xem lại lịch sử giao dịch trên ví điện tử?","false"
"Số điện thoại của tôi không nhận được mã xác thực từ app mua sắm","false"
"Bị trừ tiền mặc dù không thực hiện giao dịch nào trong tháng này","false"
"Chờ mã OTP để nâng cấp tài khoản nhưng không thấy gì cả","false"
"Làm ơn cho tôi biết cách khôi phục tài khoản trên app gọi xe","false"
"Tại sao tôi bị lỗi khi cố gắng thanh toán qua ứng dụng ngân hàng?","false"
"Có ai biết tại sao tôi không thể sử dụng app xem phim không?","false"
"Đã gửi yêu cầu hỗ trợ nhưng chưa nhận được phản hồi nào","false"
"Tài khoản game của tôi bị khóa, làm sao để mở lại?","false"
"Không nhận được thông báo từ dịch vụ giao hàng, ai biết không?","false"
"Mã OTP không gửi đến điện thoại của tôi để xác minh tài khoản","false"
"Tại sao không thể truy cập vào tài khoản truyền hình trực tuyến của tôi?","false"
"Có cách nào để khôi phục hóa đơn thanh toán trên app không?","false"
"Số điện thoại của tôi không hoạt động khi đăng nhập vào ví điện tử","false"
"Tôi không nhận được mã OTP khi cố gắng xác minh tài khoản thương mại điện tử","false"
"Bị lỗi không xem được kênh khi đăng nhập vào truyền hình cáp, có ai biết không?","false"
"Đã thanh toán nhưng tài khoản vẫn không được cập nhật, phải làm sao?","false"
"Số điện thoại của tôi không nhận được mã xác nhận từ app giao đồ ăn","false"
"Tại sao không thể thanh toán qua ví điện tử mặc dù đã có tiền trong tài khoản?","false"
"Tôi bị lỗi không thể xem lại lịch sử đơn hàng trên app mua sắm","false"
"Chờ mã OTP để kích hoạt tài khoản ngân hàng mà chưa thấy đâu","false"
"Tài khoản của tôi bị khóa khi sử dụng dịch vụ livestream, làm sao để mở lại?","false"
"Không thể đăng nhập vào app gọi xe vì quên mật khẩu, gửi mã xác nhận giúp tôi","false"
"Tôi không thể xem phim trên nền tảng trực tuyến, báo lỗi liên tục","false"
"Có ai gặp lỗi không nhận được hóa đơn từ ví điện tử không?","false"
"Làm ơn cho tôi biết cách khôi phục tài khoản trên app thanh toán","false"
"Nhập số điện thoại mà không nhận được mã OTP để xác minh tài khoản ngân hàng","false"
"Tại sao phí dịch vụ gọi xe của tôi lại tăng mà không có thông báo nào?","false"
"Không nhận được thông báo từ app giao hàng, ai đã trải qua tình huống này chưa?","false"
"Bị mất tiền trong ví điện tử mà không biết lý do, ai có kinh nghiệm không?","false"
"Chờ mã xác minh từ app mua sắm nhưng đã qua 20 phút vẫn chưa thấy","false"
"Tại sao không thể xem lại các kênh đã xem trên truyền hình cáp?","false"
"Không nhận được thông báo từ ngân hàng dù đã thực hiện giao dịch thành công","false"
"Tháng này bị trừ phí dịch vụ quá cao từ app gọi xe, không rõ lý do","false"
"Hóa đơn quá cao cho dịch vụ truyền hình trực tuyến, làm thế nào để kiểm tra?","false"
"Tôi không thể truy cập vào tài khoản game của mình, có thể giúp không?","false"
"Nhập mã OTP nhưng không nhận được tin nhắn xác nhận từ ví điện tử","false"
"Tôi không biết làm sao để khôi phục tài khoản trên app đặt đồ ăn","false"
"Làm ơn gửi mã xác nhận để tôi có thể đăng nhập vào tài khoản ngân hàng","false"
"Bị khóa tài khoản ví điện tử mà không có lý do, có ai biết không?","false"
"Tại sao tôi không thể thanh toán hóa đơn qua app gọi xe?","false"
"Chưa nhận được thông báo từ app thanh toán dù đã thực hiện giao dịch","false"
"Có ai biết cách xử lý khi không nhận được mã xác thực từ app không?","false"
"Tôi không thể xem được kênh yêu thích trên truyền hình, ai có giải pháp không?","false"
"Số điện thoại của tôi không nhận được mã xác nhận khi đăng nhập vào ví điện tử","false"
"Nhờ hỗ trợ, tôi không thể lấy lại tài khoản trên nền tảng thương mại điện tử","false"
"Chờ mã OTP để xác minh tài khoản game mà không thấy gì","false"
"Tại sao tôi không thể đăng nhập vào tài khoản trên ứng dụng xem phim?","false"
"Bị trừ tiền tự động từ tài khoản mà không biết lý do, ai có kinh nghiệm không?","false"
"Không nhận được thông báo từ app giao hàng, có khắc phục được không?","false"
"Chưa thấy mã OTP gửi đến số điện thoại để kích hoạt tài khoản ngân hàng","false"
"Tài khoản trên app gọi xe của tôi không hoạt động, ai có cách nào không?","false"
"Không thể truy cập vào thông tin tài khoản trên ứng dụng thanh toán","false"
"Không nhận được mã xác thực từ ví điện tử, phải làm sao đây?","false"
"Tôi đã thanh toán nhưng tài khoản vẫn chưa được cập nhật, có ai gặp vấn đề này không?","false"
"Có ai biết tại sao không thể xem lại video trên nền tảng trực tuyến không?","false"
"Chờ mã OTP từ ứng dụng ngân hàng mà đã quá lâu vẫn không thấy","false"
"Tài khoản game của tôi bị khóa, không biết vì sao và làm sao để khôi phục","false"
"Bị lỗi không thể xác minh tài khoản trên app đặt đồ ăn, ai có biết không?","false"
"Không thể xem chương trình yêu thích trên truyền hình trực tuyến, làm sao để khắc phục?","false"
"Số điện thoại của tôi không nhận được mã xác nhận từ app giao đồ ăn","false"
"Tại sao hóa đơn gọi xe của tôi lại tăng mà không có lý do nào cả?","false"
"Nhờ hỗ trợ khôi phục tài khoản ngân hàng, nhưng không nhận được phản hồi","false"
"Khi nào tôi mới nhận được mã OTP để xác minh tài khoản ví điện tử?","false"
"Không nhận được xác nhận từ app mua sắm dù đã thanh toán thành công","false"
"Tại sao tôi không thể xem lại kênh yêu thích trên truyền hình cáp?","false"
"Đã yêu cầu mã xác thực nhưng vẫn chưa thấy đâu, ai biết xử lý sao không?","false"
"Tại sao phí dịch vụ gọi xe tăng mà không có thông báo trước?","false"
"Bị khóa tài khoản ví điện tử, không biết phải làm sao để mở lại?","false"
"Tôi không thể xác minh tài khoản game vì không nhận được mã OTP","false"
"Chờ mã OTP từ ngân hàng nhưng mãi không thấy gửi đến số điện thoại","false"
"Không thể thanh toán hóa đơn qua ứng dụng vì lỗi gì đó, có ai biết không?","false"
"Tôi không nhận được mã xác thực khi cố gắng đăng nhập vào ứng dụng","false"
"Tại sao tôi không thể xem lại lịch sử giao dịch trên ví điện tử?","false"
"Số điện thoại của tôi không nhận được mã xác minh cho tài khoản ngân hàng","false"
"Tôi không thể truy cập vào tài khoản trên app gọi xe, ai có cách giải quyết không?","false"
"Bị lỗi không thể xem phim trên nền tảng trực tuyến, có ai biết không?","false"
"Chờ mã OTP để xác minh tài khoản ngân hàng mà đã quá lâu không thấy","false"
"Không nhận được thông báo từ app giao hàng mặc dù đã đặt hàng","false"
"Tại sao không thể thanh toán qua ví điện tử mặc dù có đủ số dư?","false"
"Số điện thoại của tôi không nhận được mã xác nhận từ dịch vụ giao đồ ăn","false"
"Tôi bị trừ tiền vào cuối tháng mà không rõ lý do, làm sao để kiểm tra?","false"
"Không thể đăng nhập vào app xem phim vì quên mật khẩu, ai có cách làm không?","false"
"Đã gửi yêu cầu hỗ trợ nhưng chưa nhận được phản hồi từ dịch vụ","false"
"Tại sao không thể xem lại chương trình trên app truyền hình cáp?","false"
"Bị lỗi không nhận được mã xác thực từ ví điện tử, ai làm ơn giúp với?","false"
"Tôi không nhận được thông báo từ app thanh toán sau khi giao dịch thành công","false"
"Số điện thoại của tôi không nhận được mã OTP để xác minh tài khoản game","false"
"Tại sao tôi không thể xem lại các kênh đã xem trước đó trên dịch vụ truyền hình?","false"
"Chờ mã xác minh từ app giao hàng nhưng chưa thấy gửi đến số điện thoại của tôi","false"
"Tôi không thể lấy lại tài khoản trên app đặt đồ ăn, có ai biết cách không?","false"
"Bị khóa tài khoản ngân hàng mà không rõ nguyên nhân, ai có kinh nghiệm không?","false"
"Không nhận được mã OTP khi cố gắng xác minh tài khoản trên app ngân hàng","false"
"Tại sao tôi không thể thanh toán hóa đơn trên app gọi xe?","false"
"Số điện thoại của tôi không nhận được mã xác nhận từ dịch vụ thương mại điện tử","false"
"Tôi đã thanh toán nhưng vẫn không thấy tiền được cập nhật trong tài khoản","false"
"Tại sao tôi không thể xem phim trên nền tảng trực tuyến, có ai nhận lỗi không?","false"
"Chờ mã xác minh cho tài khoản ngân hàng mà đã lâu không thấy gửi đến","false"
"Tôi không thể đăng nhập vào tài khoản trên app thanh toán vì lỗi xác nhận","false"
"Bị lỗi không nhận được mã OTP từ ví điện tử, làm sao để khắc phục?","false"
"Tôi không thể truy cập vào tài khoản game, có ai biết cách xử lý không?","false"
"Tại sao phí dịch vụ gọi xe của tôi lại tăng mà không có lý do nào trước đó?","false"
"Chờ mã xác thực từ app giao hàng nhưng đã hơn 30 phút vẫn chưa thấy","false"
"Tôi không thể xem lại lịch sử giao dịch trên ví điện tử, có ai biết không?","false"
"Số điện thoại của tôi không nhận được mã xác nhận cho tài khoản ngân hàng","false"
"Bị khóa tài khoản nhưng không biết cách mở lại, ai có kinh nghiệm không?","false"
"Không nhận được thông báo từ dịch vụ giao hàng mặc dù đã đặt hàng thành công","false"
"Tại sao tôi không thể thanh toán qua ứng dụng ví điện tử?","false"
"Số điện thoại của tôi không nhận được mã OTP khi đăng nhập vào tài khoản game","false"
"Tôi không thể cập nhật thông tin tài khoản trên app giao đồ ăn, có ai biết không?","false"
"Có ai biết tại sao không nhận được mã xác thực từ app thanh toán không?","false"
"Bị lỗi không thể xem được kênh yêu thích trên dịch vụ truyền hình cáp, có ai giúp không?","false"
"Tôi không nhận được xác nhận từ app giao hàng ngay cả khi đã thanh toán","false"
"Tại sao không thể truy cập vào tài khoản trên ứng dụng ngân hàng?","false"
"Số điện thoại của tôi không nhận được mã xác nhận từ dịch vụ thương mại điện tử","false"
"Tôi đã thực hiện giao dịch nhưng không thấy tiền được cập nhật trong tài khoản","false"
"Tại sao không thể xem lại các kênh đã xem trước đó trên dịch vụ truyền hình?","false"
"Bị khóa tài khoản game mà không rõ lý do, ai biết cách phục hồi không?","false"
"Không nhận được mã OTP để đăng nhập vào ví điện tử","false"
"Tại sao tôi không thể xem được kênh yêu thích trên truyền hình cáp?","false"
"Chờ mã xác thực từ app ngân hàng cũng lâu thiệt","false"
"Không vào được tài khoản game vì quên mật khẩu, có cần số điện thoại không?","false"
"Làm ơn giúp tôi với, tôi không thể xác minh số điện thoại trên ứng dụng đặt đồ ăn","false"
"Mình đã nạp tiền cho tài khoản nhưng vẫn không thấy tiền đâu","false"
"Sao app xem phim không cho tôi đăng nhập với số điện thoại?","false"
"Tôi bị trừ tiền nhưng không biết vì sao, có ai giúp không?","false"
"Lỗi không xem được phim trên nền tảng trực tuyến, có ai bị giống mình không?","false"
"Ứng dụng gọi xe đã trừ tiền nhưng không thấy xe đến, bây giờ sao?","false"
"Đã gửi mã OTP cho số điện thoại nhưng không nhận được, làm sao bây giờ?","false"
"Tôi không vào được tài khoản ngân hàng, có cần nhập số điện thoại nữa không?","false"
"Bị khóa tài khoản trên app thanh toán, ai biết làm sao để mở không?","false"
"Sao mình không nhận được xác nhận từ dịch vụ thương mại điện tử?","false"
"Ứng dụng mạng xã hội hỏi số điện thoại nhưng không thấy mã xác thực về","false"
"Không thể xem trực tiếp trên truyền hình internet, tại sao lại như vậy?","false"
"Tại sao hóa đơn của dịch vụ truyền hình cáp lại cao hơn tháng trước?","false"
"Tôi không thể nạp tiền vào tài khoản ví điện tử, có ai bị giống vậy không?","false"
"Không vào được trang thanh toán, nhấn gửi mã OTP mà không thấy gì cả","false"
"Chờ mã xác thực cho tài khoản game đã lâu mà chưa nhận được","false"
"Thời gian chờ xác minh số điện thoại trên app đặt đồ ăn thật lâu quá","false"
"Sao lại không thấy thông báo từ dịch vụ gọi xe khi đặt xe vậy?","false"
"Bị lỗi không nhận được thông báo quan trọng trên ứng dụng ngân hàng","false"
"Tôi cần hỗ trợ, không biết sao mà không xem được kênh trên truyền hình","false"
"Tôi đã thử nhiều lần nhưng không lấy lại được mật khẩu tài khoản game","false"
"Đã nạp tiền cho ví nhưng không thấy số dư được cập nhật","false"
"Chờ mã OTP từ app ngân hàng mà không thấy gửi về số điện thoại","false"
"Mình thấy bị trừ tiền nhưng không có giao dịch nào cả, làm sao để kiểm tra?","false"
"Tại sao không thể đăng nhập vào tài khoản thương mại điện tử của mình?","false"
"Phí tháng này của truyền hình cáp sao lại cao hơn bình thường như vậy?","false"
"Không nhận được mã xác thực từ app mạng xã hội, giúp tôi với!","false"
"Làm ơn cho tôi biết cách lấy lại mật khẩu app thanh toán, bị khóa tài khoản rồi","false"
"Tôi không vào được dịch vụ xem phim, nhấn xác minh nhưng không nhận được gì","false"
"Số tiền trong tài khoản game tự dưng bị mất, ai biết tại sao không?","false"
"Sao không nhận được thông báo từ dịch vụ gọi xe mặc dù đã đặt rồi?","false"
"App ngân hàng của tôi không cho phép đăng nhập, có cần gửi mã OTP không?","false"
"Tôi đã liên hệ nhưng vẫn chưa nhận được phản hồi từ dịch vụ xử lý đơn hàng","false"
"Không thấy kênh yêu thích trên truyền hình trực tuyến, phải làm sao đây?","false"
"Sao app thanh toán không cho tôi xác minh số điện thoại để rút tiền?","false"
"Đã chờ mã OTP để xác nhận giao dịch nhưng không thấy gì cả","false"
"Tôi cần hỗ trợ vì không vào được tài khoản trên nền tảng xem phim","false"
"Phí giao dịch của ví điện tử sao lại cao hơn tháng trước?","false"
"Tôi đã thử nạp tiền cho tài khoản nhưng không thấy gì cập nhật","false"
"Có phải mất bao lâu để nhận mã xác thực cho dịch vụ thương mại điện tử không?","false"
"Không thể kết nối với app gọi xe, có ai gặp vấn đề giống không?","false"
"Tôi không nhận được thông báo trừ tiền từ dịch vụ ngân hàng, sao vậy?","false"
"Sao lại không thể xem trực tuyến kênh yêu thích của tôi trên truyền hình cáp?","false"
"Đã nhập số điện thoại để lấy mã xác minh nhưng không thấy gửi về","false"
"Bị khóa tài khoản trên app thanh toán mà không biết cách mở lại","false"
"Tôi không thể vào trang web của dịch vụ gọi xe, ai biết lý do không?","false"
"Sao không thấy mã OTP từ app ngân hàng gửi về số điện thoại của mình?","false"
"Chờ mã xác thực mà không thấy gửi về, sao mình không nhận được?","false"
"Đã thử nhiều lần nhưng không thấy hóa đơn của dịch vụ thương mại điện tử","false"
"Bị lỗi không truy cập được ứng dụng thanh toán, có ai giống tôi không?","false"
"Không thể khôi phục tài khoản game vì không nhận được mã OTP","false"
"Tại sao tôi không thể xem được video trên nền tảng trực tuyến?","false"
"Không nhận được thông tin giao hàng từ dịch vụ thương mại điện tử là sao?","false"
"Sao tôi không nhận được mã xác nhận từ app ngân hàng khi đăng nhập?","false"
"Tôi cần giúp đỡ, không thể mở ứng dụng gọi xe để đặt xe","false"
"Không vào được tài khoản của mình trên dịch vụ xem phim trực tuyến, có ai bị như vậy không?","false"
"Đã chờ mã OTP cho tài khoản ví điện tử mà không thấy gửi về","false"
"Sao lại không thấy thông báo từ dịch vụ truyền hình cáp sau khi thanh toán?","false"
"Không nhận được xác minh số điện thoại cho tài khoản game, làm sao đây?","false"
"Chờ mã OTP để xác nhận tài khoản mà không thấy gì cả","false"
"Đã gửi mã OTP cho app thanh toán nhưng không nhận được gì về số điện thoại","false"
"Tại sao lại không thấy thông tin từ dịch vụ ngân hàng sau khi gửi yêu cầu?","false"
"Sao lại không vào được tài khoản trên dịch vụ thương mại điện tử của tôi?","false"
"Không nhận được mã xác thực từ ứng dụng mạng xã hội, ai biết lý do không?","false"
"Bị lỗi không xem được video trên dịch vụ truyền hình trực tuyến","false"
"Có ai biết tại sao không nhận được mã OTP cho tài khoản game không?","false"
"Sao không vào được dịch vụ xem phim mà không thấy lý do nào cả?","false"
"Tôi đã thử khôi phục tài khoản nhưng vẫn không nhận được mã xác minh","false"
"Chờ mã xác thực từ app ngân hàng đã lâu mà không có gì","false"
"Không thể vào tài khoản trên ứng dụng đặt đồ ăn, làm sao bây giờ?","false"
"Phí tháng này cho truyền hình cáp sao lại không giống như hồi trước nhỉ?","false"
"Sao lại không thấy mã OTP gửi về số điện thoại để xác minh tài khoản?","false"
"Tôi không thể đăng nhập vào dịch vụ thương mại điện tử của mình, có ai biết cách không?","false"
"Đã chờ mã OTP cho app thanh toán nhưng không nhận được gì cả","false"
"Bị lỗi không vào được tài khoản game, ai có mẹo gì không?","false"
"Không nhận được thông báo từ ứng dụng gọi xe, có ai gặp phải giống không?","false"
"Tôi không thấy mã xác thực từ dịch vụ ngân hàng khi đăng nhập","false"
"Sao không thể truy cập vào nền tảng xem phim mà không lý do nào cả?","false"
"Bị khóa tài khoản trên ứng dụng thanh toán nhưng không biết làm sao mở lại","false"
"Chờ mã OTP cho tài khoản ví điện tử mà không thấy gửi về","false"
"Tôi không vào được dịch vụ gọi xe, ai biết sao không?","false"
"Sao không nhận được thông báo từ dịch vụ thương mại điện tử sau khi đặt hàng?","false"
"Đã thử gửi mã xác minh nhưng không thấy gửi về, làm sao bây giờ?","false"
"Bị lỗi không xem được kênh trên truyền hình cáp, ai biết cách khắc phục không?","false"
"Tôi không thể lấy lại mật khẩu tài khoản game vì không nhận được mã xác minh","false"
"Không thấy thông báo từ app ngân hàng mặc dù đã gửi yêu cầu","false"
"Bị lỗi không thể vào tài khoản trên nền tảng xem phim, ai giúp tôi với?","false"
"Không nhận được mã OTP từ dịch vụ thanh toán, ai có kinh nghiệm gì không?","false"
"Sao mà không thấy thông tin gì từ dịch vụ gọi xe sau khi đã đặt?","false"
"Tôi đã thử gửi yêu cầu đổi mật khẩu nhưng không nhận được mã xác thực","false"
"Không vào được tài khoản trên dịch vụ thương mại điện tử, có ai bị giống không?","false"
"Chờ mã xác thực mà không thấy gửi về, sao mình không nhận được?","false"
"Đã thử khôi phục tài khoản nhưng vẫn không thấy mã gửi về số điện thoại","false"
"Không xem được kênh yêu thích trên truyền hình cáp, có phải hệ thống bị lỗi không?","false"
"Bị lỗi không nhận được mã OTP cho tài khoản ví điện tử, ai biết sao không?","false"
"Sao không thấy thông tin từ dịch vụ ngân hàng khi gửi yêu cầu xác minh?","false"
"Tôi cần giúp đỡ, không thể mở ứng dụng gọi xe để đặt xe","false"
"Không nhận được mã OTP từ app ngân hàng, ai có cách nào không?","false"
"Bị khóa tài khoản trên dịch vụ thanh toán mà không biết cách mở lại","false"
"Chờ mã xác thực từ app mạng xã hội mà không thấy gửi về","false"
"Không vào được dịch vụ xem phim vì không nhận được mã xác minh","false"
"Bị lỗi không xem được video trên nền tảng trực tuyến, ai biết cách khắc phục không?","false"
"Không nhận được thông báo từ dịch vụ thương mại điện tử mặc dù đã đặt hàng","false"
"Sao không thấy mã OTP gửi về số điện thoại để xác minh tài khoản?","false"
"Tôi không thể đăng nhập vào dịch vụ thương mại điện tử của mình, có ai biết cách không?","false"
"Đã chờ mã OTP cho app thanh toán nhưng không nhận được gì cả","false"
"Bị lỗi không vào được tài khoản game, ai có mẹo gì không?","false"
"Không nhận được thông báo từ ứng dụng gọi xe, có ai gặp phải giống không?","false"
"Tôi không thấy mã xác thực từ dịch vụ ngân hàng khi đăng nhập","false"
"Sao không thể truy cập vào nền tảng xem phim mà không lý do nào cả?","false"
"Bị khóa tài khoản trên ứng dụng thanh toán nhưng không biết làm sao mở lại","false"
"Chờ mã OTP cho tài khoản ví điện tử mà không thấy gửi về","false"
"Tôi không vào được dịch vụ gọi xe, ai biết sao không?","false"
"Sao không nhận được thông báo từ dịch vụ thương mại điện tử sau khi đặt hàng?","false"
"Đã thử gửi mã xác minh nhưng không thấy gửi về, làm sao bây giờ?","false"
"Bị lỗi không xem được kênh trên truyền hình cáp, ai biết cách khắc phục không?","false"
"Tôi không thể lấy lại mật khẩu tài khoản game vì không nhận được mã xác minh","false"
"Không thấy thông báo từ app ngân hàng mặc dù đã gửi yêu cầu","false"
"Bị lỗi không thể vào tài khoản trên nền tảng xem phim, ai giúp tôi với?","false"
"Không nhận được mã OTP từ dịch vụ thanh toán, ai có kinh nghiệm gì không?","false"
"Sao mà không thấy thông tin gì từ dịch vụ gọi xe sau khi đã đặt?","false"
"Tôi đã thử gửi yêu cầu đổi mật khẩu nhưng không nhận được mã xác thực","false"
"Không vào được tài khoản trên dịch vụ thương mại điện tử, có ai bị giống không?","false"
"Chờ mã xác thực mà không thấy gửi về, sao mình không nhận được?","false"
"Đã thử khôi phục tài khoản nhưng vẫn không thấy mã gửi về số điện thoại","false"
"Không xem được kênh yêu thích trên truyền hình cáp, có phải hệ thống bị lỗi không?","false"
"Bị lỗi không nhận được mã OTP cho tài khoản ví điện tử, ai biết sao không?","false"
"Chả hiểu sao hôm nay không nhận được mã OTP từ ngân hàng, giúp tôi với!","false"
"Tôi vừa bị trừ tiền từ tài khoản ví điện tử nhưng không biết lý do, ai đó làm ơn giúp tôi!","false"
"App đặt đồ ăn báo lỗi không nhận được tin nhắn xác thực, có ai gặp trường hợp này chưa?","false"
"Làm ơn cho tôi hỏi tại sao không đăng nhập được vào tài khoản game, có cần mã OTP không?","false"
"Không xem được kênh yêu thích trên truyền hình cáp, có ai biết cách xử lý không?","false"
"Mình không nhận được mã xác minh số điện thoại cho app gọi xe, hỗ trợ giúp tôi với!","false"
"Tại sao hóa đơn tháng này của dịch vụ truyền hình lại cao hơn bình thường, ai giải thích giúp tôi?","false"
"Đã nạp tiền vào ví điện tử nhưng không thấy tiền về, có ai biết phải làm sao không?","false"
"Vừa bị khóa tài khoản trên app thanh toán, ai biết cách mở lại không ạ?","false"
"Tôi không nhận được OTP khi đăng nhập vào tài khoản ngân hàng, cảm ơn mọi người!","false"
"Có ai gặp lỗi không đăng nhập được vào app xem phim không, giúp tôi với!","false"
"Mình không nhận được xác nhận từ số điện thoại đăng ký app mạng xã hội, có ai biết cách khắc phục không?","false"
"Hóa đơn truyền hình cáp của tôi không khớp với dịch vụ đã đăng ký, ai đó đã trải qua chưa?","false"
"Ví điện tử của tôi đang bị lỗi không thực hiện giao dịch, ai đó có kinh nghiệm giúp tôi với!","false"
"Tôi cần hỗ trợ vì tài khoản game bị khóa, có cần gọi điện không?","false"
"Sao hôm nay không nhận được mã xác thực từ app giao hàng vậy nhỉ?","false"
"Chả hiểu sao tôi không xem được kênh truyền hình này, có ai biết cách khắc phục không?","false"
"App thanh toán yêu cầu xác minh lại số điện thoại, có ai gặp lỗi này chưa?","false"
"Tôi vừa bị trừ tiền từ tài khoản ví và không biết lý do, giúp tôi với!","false"
"Không nhận được tin nhắn xác minh từ số điện thoại, ai biết làm sao không?","false"
"Mọi người cho tôi hỏi sao không lấy lại được mật khẩu tài khoản ngân hàng nhỉ?","false"
"Có ai biết cách xử lý hóa đơn truyền hình khi không xem được kênh không?","false"
"Tôi không thể đăng nhập vào app giao đồ ăn, có cần mã OTP không?","false"
"Giúp tôi với, không nhận được mã xác thực cho tài khoản game, có lỗi gì không?","false"
"Tại sao tôi không nhận được OTP từ app thanh toán, có ai gặp trường hợp này chưa?","false"
"Hóa đơn tháng này của truyền hình cáp quá cao, ai có kinh nghiệm giải quyết không?","false"
"Chả hiểu sao lại bị khóa tài khoản ví điện tử, có ai giúp tôi không?","false"
"Tôi không xem được phim trên app yêu thích, có cần phải xác minh lại số điện thoại không?","false"
"Có ai giúp tôi cách lấy lại mật khẩu tài khoản ngân hàng không?","false"
"Tại sao không nhận được SMS xác nhận cho dịch vụ giao hàng vậy?","false"
"App gọi xe của tôi không hoạt động, có ai gặp lỗi này không?","false"
"Tôi không nhận được mã OTP cho app ngân hàng, giúp tôi với!","false"
"Đã nạp tiền vào ví nhưng không thấy gì, có ai biết lý do không?","false"
"Mọi người cho tôi biết cách xử lý khi không xem được kênh truyền hình không?","false"
"App thanh toán yêu cầu xác minh danh tính, nhưng tôi không nhận được tin nhắn xác thực, giúp tôi với!","false"
"Tôi không thể đăng nhập vào tài khoản game, có cần mã OTP không?","false"
"Làm ơn giúp tôi với, hóa đơn truyền hình cáp không đúng, ai đã gặp phải chưa?","false"
"Không thấy mã xác thực từ số điện thoại, có ai biết nguyên nhân không?","false"
"Giúp tôi với, không thể lấy lại mật khẩu tài khoản ngân hàng!","false"
"Sao tôi không nhận được mã OTP cho app mua sắm nhỉ?","false"
"Tôi không xem được kênh đã đăng ký trên truyền hình cáp, có ai biết cách giải quyết không?","false"
"Có ai gặp lỗi không đăng nhập được vào app thanh toán không?","false"
"Hóa đơn của tôi không khớp với dịch vụ đã sử dụng, có ai biết phải làm sao không?","false"
"Đã nạp tiền nhưng ví điện tử không cập nhật, giúp tôi với!","false"
"Chả hiểu sao số điện thoại không nhận được mã xác minh cho app đặt món ăn?","false"
"Tôi cần giúp đỡ vì tài khoản game bị khóa, ai có cách mở không?","false"
"Không nhận được tin nhắn xác thực cho app ngân hàng, có ai biết làm sao không?","false"
"Có ai đã từng gặp trường hợp không xem được kênh truyền hình cáp chưa?","false"
"Tôi không thể vào app gọi xe, chắc phải có vấn đề gì đó với số điện thoại?","false"
"Sao không nhận được mã OTP cho tài khoản ví điện tử vậy nhỉ?","false"
"Hóa đơn tháng này của truyền hình cáp quá cao, ai có kinh nghiệm giải quyết không?","false"
"Giúp tôi tìm cách mở lại tài khoản app ngân hàng, nó bị khóa rồi!","false"
"Có ai biết tại sao không nhận được mã xác thực cho app xem phim không?","false"
"Tôi không thể đăng nhập vào tài khoản game, có cần mã OTP không nhỉ?","false"
"Đã bị trừ tiền nhưng không rõ lý do, ai đã gặp phải không?","false"
"Vừa nạp tiền vào ví điện tử nhưng không thấy đâu, giúp tôi với!","false"
"Có ai biết cách xử lý khi không xem được kênh truyền hình không?","false"
"Mọi người cho tôi hỏi sao không lấy lại được mật khẩu tài khoản ngân hàng nhỉ?","false"
"Tôi không nhận được SMS xác nhận cho dịch vụ giao hàng, ai biết làm sao không?","false"
"Không nhận được mã xác minh cho app gọi xe, ai có cách không?","false"
"Sao tôi không nhận được mã OTP từ app ngân hàng, có ai biết không?","false"
"Đã nạp tiền vào ví nhưng không thấy gì, có ai biết lý do không?","false"
"Hóa đơn tháng này của truyền hình cáp quá cao, có ai có kinh nghiệm giải quyết không?","false"
"Tôi cần hỗ trợ vì tài khoản game bị khóa, có cần gọi điện không?","false"
"Chả hiểu sao hôm nay không nhận được mã OTP từ ngân hàng, giúp tôi với!","false"
"Tôi vừa bị trừ tiền từ tài khoản ví điện tử nhưng không biết lý do, ai đó làm ơn giúp tôi!","false"
"App đặt đồ ăn báo lỗi không nhận được tin nhắn xác thực, có ai gặp trường hợp này chưa?","false"
"Làm ơn cho tôi hỏi tại sao không đăng nhập được vào tài khoản game, có cần mã OTP không?","false"
"Không xem được kênh yêu thích trên truyền hình cáp, có ai biết cách xử lý không?","false"
"Mình không nhận được mã xác minh số điện thoại cho app gọi xe, hỗ trợ giúp tôi với!","false"
"Tại sao hóa đơn tháng này của dịch vụ truyền hình lại cao hơn bình thường, ai giải thích giúp tôi?","false"
"Ví điện tử của tôi đang bị lỗi không thực hiện giao dịch, ai đó có kinh nghiệm giúp tôi với!","false"
"Tôi cần hỗ trợ vì tài khoản game bị khóa, có cần gọi điện không?","false"
"Sao hôm nay không nhận được mã xác thực từ app giao hàng vậy nhỉ?","false"
"Chả hiểu sao tôi không xem được kênh này, có ai biết cách khắc phục không?","false"
"App thanh toán yêu cầu xác minh lại số điện thoại, có ai gặp lỗi này chưa?","false"
"Hóa đơn truyền hình cáp của tôi không khớp với dịch vụ đã đăng ký, ai đó đã trải qua chưa?","false"
"Ví điện tử của tôi đang bị lỗi không thực hiện giao dịch, ai đó có kinh nghiệm giúp tôi với!","false"
"Tôi cần hỗ trợ vì tài khoản game bị khóa, có cần gọi điện không?","false"
"Sao hôm nay không nhận được mã xác thực từ app giao hàng vậy nhỉ?","false"
"Chả hiểu sao tôi không xem được kênh này, có ai biết cách khắc phục không?","false"
"App thanh toán yêu cầu xác minh lại số điện thoại, có ai gặp lỗi này chưa?","false"
"Hóa đơn truyền hình cáp của tôi không khớp với dịch vụ đã đăng ký, ai đó đã trải qua chưa?","false"
"Ví điện tử của tôi đang bị lỗi không thực hiện giao dịch, ai đó có kinh nghiệm giúp tôi với!","false"
"Tôi không nhận được mã OTP cho app thanh toán, giúp tôi với!","false"
"Đã nạp tiền vào ví nhưng không thấy tiền về, có ai biết phải làm sao không?","false"
"Mọi người cho tôi hỏi sao không lấy lại được mật khẩu tài khoản ngân hàng nhỉ?","false"
"Có ai biết cách xử lý hóa đơn truyền hình khi không xem được kênh không?","false"
"Tôi không thể đăng nhập vào app giao đồ ăn, có cần mã OTP không?","false"
"Giúp tôi với, không nhận được mã xác thực cho tài khoản game, có lỗi gì không?","false"
"Tại sao không nhận được OTP từ app thanh toán, có ai gặp trường hợp này chưa?","false"
"Hóa đơn tháng này của truyền hình cáp quá cao, ai có kinh nghiệm giải quyết không?","false"
"Chả hiểu sao lại bị khóa tài khoản ví điện tử, có ai giúp tôi không?","false"
"Tôi không xem được phim trên app yêu thích, có cần phải xác minh lại số điện thoại không?","false"
"Có ai giúp tôi cách lấy lại mật khẩu tài khoản ngân hàng không?","false"
"Tại sao không nhận được SMS xác nhận cho dịch vụ giao hàng vậy?","false"
"App gọi xe của tôi không hoạt động, có ai gặp lỗi này không?","false"
"Tôi không nhận được mã OTP cho app ngân hàng, giúp tôi với!","false"
"Đã nạp tiền vào ví điện tử nhưng không thấy đâu, ai đó có kinh nghiệm giúp tôi không?","false"
"Hóa đơn tháng này của truyền hình cáp không đúng, ai đã gặp phải chưa?","false"
"Không thấy mã xác thực từ số điện thoại, có ai biết nguyên nhân không?","false"
"Giúp tôi với, không thể lấy lại mật khẩu tài khoản ngân hàng!","false"
"Sao tôi không nhận được mã OTP cho app mua sắm nhỉ?","false"
"Tôi không xem được kênh đã đăng ký trên truyền hình cáp, có ai biết cách giải quyết không?","false"
"Có ai gặp lỗi không đăng nhập được vào app thanh toán không?","false"
"Hóa đơn của tôi không khớp với dịch vụ đã sử dụng, có ai biết phải làm sao không?","false"
"Đã nạp tiền nhưng không rõ lý do, ai đã gặp phải không?","false"
"Vừa nạp tiền vào ví điện tử nhưng không thấy đâu, giúp tôi với!","false"
"Có ai biết cách xử lý khi không xem được kênh truyền hình không?","false"
"Mọi người cho tôi hỏi sao không lấy lại được mật khẩu tài khoản ngân hàng nhỉ?","false"
"Tôi không nhận được SMS xác nhận cho dịch vụ giao hàng, ai biết làm sao không?","false"
"Không nhận được mã xác minh cho app gọi xe, ai có cách không?","false"
"Sao tôi không nhận được mã OTP từ app ngân hàng, có ai biết không?","false"
"Đã nạp tiền vào ví nhưng không thấy gì, ai đó có kinh nghiệm giúp tôi không?","false"
"Hóa đơn tháng này của truyền hình cáp quá cao, có ai có kinh nghiệm giải quyết không?","false"
"Tôi cần hỗ trợ vì tài khoản game bị khóa, có cần gọi điện không?","false"
"Không nhận được mã OTP vào số điện thoại để xác minh tài khoản ngân hàng","false"
"Lỗi không xem được kênh trên truyền hình cáp, có kiểm tra mạng mà vẫn không được","false"
"Tại sao tài khoản của tôi bị khóa khi đăng nhập vào ví điện tử bằng số điện thoại?","false"
"App xem phim yêu cầu tôi phải xác minh số điện thoại, nhưng tôi không nhận được mã xác thực","false"
"Tôi bị trừ tiền từ tài khoản game mà không biết lý do, nhờ kiểm tra giúp","false"
"Không nhận được thông báo hóa đơn từ dịch vụ truyền hình internet","false"
"Làm ơn giúp tôi với, tài khoản ngân hàng bị khóa khi tôi nhập mã OTP sai","false"
"Tôi cần hỗ trợ vì không thể xem được phim trên app, có liên quan đến số điện thoại không?","false"
"Nhờ bạn kiểm tra giúp tôi với, tôi không thể đăng nhập vào ứng dụng gọi xe do lỗi số điện thoại","false"
"Không thấy tiền trong ví điện tử, dù đã nạp tiền bằng số điện thoại","false"
"Lỗi không nhận được tin nhắn xác nhận khi đăng ký tài khoản trên app thương mại điện tử","false"
"Có ai biết cách khắc phục lỗi khi xem kênh truyền hình cáp không?","false"
"Chắc chắn rằng tôi đã nhập đúng số điện thoại nhưng không nhận được mã xác thực cho app ngân hàng","false"
"Tiền trong tài khoản điện thoại bị trừ khi tôi đặt đồ ăn, nhờ kiểm tra giúp","false"
"Vì sao tôi không thể đăng nhập vào tài khoản game bằng số điện thoại đã đăng ký?","false"
"Tại sao mã OTP không được gửi đến số điện thoại của tôi khi đăng nhập vào ví?","false"
"Tôi không thể xác minh tài khoản trên app mạng xã hội vì không nhận được mã","false"
"Bị trừ tiền không rõ lý do khi sử dụng dịch vụ truyền hình trực tuyến","false"
"Tôi không nhận được thông báo từ app thanh toán khi sử dụng số điện thoại của mình","false"
"Hóa đơn không hiển thị trên ứng dụng xem phim, nhờ bạn giúp kiểm tra","false"
"Nhờ hỗ trợ, tôi không thể đăng nhập vào app gọi xe vì mã xác thực không đến số điện thoại","false"
"Chưa thấy tiền vào ví điện tử sau khi tôi nạp từ số điện thoại","false"
"App đặt đồ ăn yêu cầu xác minh số điện thoại nhưng lỗi mã xác thực","false"
"Tại sao tài khoản của tôi bị khóa khi tôi nhập mã OTP sai trên app thanh toán?","false"
"Không nhận được tin nhắn xác nhận khi đăng ký tài khoản trên app truyền hình","false"
"Có ai biết cách khắc phục lỗi không xem được kênh trên truyền hình không?","false"
"Nhờ kiểm tra, không nhận được mã xác thực từ app ngân hàng khi dùng số điện thoại","false"
"Lỗi không đăng nhập được vào ví điện tử, có liên quan đến số điện thoại không?","false"
"Không thấy hóa đơn trên app xem phim, nhờ bạn kiểm tra giúp","false"
"Tại sao không nhận được mã OTP khi dùng số điện thoại để xác minh tài khoản game?","false"
"Không nhận được thông báo hóa đơn từ dịch vụ truyền hình cáp tháng này","false"
"Nhờ bạn giúp, tôi không thể sử dụng app gọi xe do lỗi xác minh số điện thoại","false"
"Vì sao khi tôi đăng nhập vào ngân hàng trực tuyến lại không nhận được mã OTP?","false"
"Tôi cần hỗ trợ vì không thể xác minh tài khoản trên app mua sắm bằng số điện thoại","false"
"Tại sao không nhận được mã xác thực khi đăng kí trên ứng dụng gọi xe?","false"
"Không nhận được tin nhắn từ app thanh toán dù đã nhập đúng số điện thoại","false"
"Tôi đã nhập đúng số điện thoại nhưng mã xác minh vẫn không gửi đến","false"
"Xem phim trực tuyến mà không nhận được mã xác thực, nhờ ai đó giúp","false"
"Làm thế nào để khắc phục lỗi không xem được các kênh trên truyền hình?","false"
"Chưa thấy tiền vào ví điện tử khi đã nạp qua số điện thoại","false"
"Tôi không thể xác minh tài khoản trên app mạng xã hội, mã không gửi đến","false"
"Lỗi khi xem truyền hình trực tuyến, dù kết nối mạng vẫn bình thường","false"
"Có ai gặp phải vấn đề không nhận được mã xác thực từ ngân hàng không?","false"
"Tại sao tài khoản ví điện tử của tôi lại bị khóa khi đăng nhập bằng số điện thoại?","false"
"Nhờ kiểm tra giúp, không nhận được mã OTP khi xác minh tài khoản game","false"
"Có cách nào để khắc phục lỗi không nhận được thông báo từ app truyền hình không?","false"
"Không thấy hóa đơn từ dịch vụ xem phim tháng này, nhờ bạn xem giúp","false"
"Tại sao tôi không thể đăng nhập vào ví điện tử bằng số điện thoại đã đăng ký?","false"
"Làm ơn giúp tôi với, không nhận được mã xác thực khi đăng nhập vào app ngân hàng","false"
"Không nhận được mã OTP cho tài khoản mạng xã hội dù đã nhập đúng số điện thoại","false"
"Xem truyền hình cáp mà không nhận được hóa đơn, nhờ sự giúp đỡ","false"
"Chắc chắn rằng đã nhập đúng số điện thoại nhưng mã xác thực không đến","false"
"Tôi cần hỗ trợ vì không thể xác minh tài khoản trên app thanh toán bằng số điện thoại của mình","false"
"Có cách nào để khắc phục lỗi không nhận được mã xác minh cho app mua sắm không?","false"
"Tại sao tài khoản game của tôi lại bị khóa khi sử dụng số điện thoại để đăng nhập?","false"
"Không nhận được tin nhắn xác nhận từ dịch vụ truyền hình cáp, ai biết giúp không?","false"
"Nhờ bạn kiểm tra, tôi không thể đăng nhập vào app gọi xe vì mã xác thực không gửi đến số điện thoại","false"
"Làm cách nào để khắc phục lỗi không nhận được thông báo từ ví điện tử?","false"
"Tại sao không nhận được mã OTP khi đăng nhập vào tài khoản ngân hàng?","false"
"App xem phim yêu cầu xác minh số điện thoại, nhưng không nhận được mã xác thực","false"
"Tôi không thể xem được kênh trên truyền hình cáp, có ai biết nguyên nhân không?","false"
"Nhờ hỗ trợ, tôi không nhận được mã xác thực khi sử dụng ví điện tử","false"
"Không thấy hóa đơn tháng trước từ dịch vụ truyền hình cáp, nhờ bạn kiểm tra","false"
"Bị trừ tiền từ tài khoản khi sử dụng app đặt đồ ăn, nhờ kiểm tra giúp","false"
"Tại sao không nhận được mã xác minh khi đăng nhập vào mạng xã hội bằng số điện thoại?","false"
"Làm ơn giúp tôi với, app ngân hàng không gửi mã OTP vào số điện thoại của tôi","false"
"Không nhận được tin nhắn xác nhận khi đăng ký tài khoản trên app thương mại điện tử","false"
"Nhờ kiểm tra, tôi không thể đăng nhập vào ví điện tử do lỗi số điện thoại","false"
"Tại sao tài khoản của tôi bị khóa khi đăng nhập vào app gọi xe bằng số điện thoại?","false"
"Có ai biết cách khắc phục lỗi không xem được kênh truyền hình cáp không?","false"
"Không thấy tiền trong ví điện tử, dù đã nạp tiền từ số điện thoại","false"
"Nhờ bạn giúp, tôi không thể xác minh tài khoản trên app mạng xã hội vì không nhận được mã","false"
"Tại sao không nhận được mã OTP khi tôi đăng nhập vào ngân hàng trực tuyến?","false"
"Tôi không thể xác minh tài khoản trên app thanh toán do không nhận được mã xác thực","false"
"Bị trừ tiền không rõ lý do khi sử dụng dịch vụ truyền hình trực tuyến, nhờ kiểm tra","false"
"Tôi không nhận được thông báo từ app xem phim khi sử dụng số điện thoại","false"
"Chắc chắn đã nhập đúng số điện thoại nhưng mã xác minh vẫn không gửi đến","false"
"Nhờ hỗ trợ, tôi không thể đăng nhập vào số điện thoại đã đăng ký trên ví điện tử","false"
"Không nhận được thông báo từ dịch vụ truyền hình cáp mặc dù đã đăng ký","false"
"Tại sao số điện thoại của tôi không nhận được mã OTP để xác minh tài khoản game?","false"
"Có cách nào để khắc phục lỗi không nhận được mã xác thực cho app ngân hàng không?","false"
"Không nhận được mã xác minh khi tôi đăng nhập vào tài khoản trên app gọi xe","false"
"Hóa đơn không hiển thị trên ứng dụng xem phim, nhờ kiểm tra giúp","false"
"Tôi đã nhập đúng số điện thoại nhưng mã xác minh vẫn không gửi đến","false"
"Không thấy tiền vào ví điện tử khi đã nạp qua số điện thoại","false"
"Tại sao khi tôi đăng nhập vào ngân hàng trực tuyến lại không nhận được mã OTP?","false"
"Làm ơn giúp tôi với, không nhận được mã xác thực cho app thanh toán khi dùng số điện thoại","false"
"Tại sao tài khoản của tôi bị khóa khi tôi nhập mã OTP sai trên app gọi xe?","false"
"Nhờ kiểm tra, không nhận được mã xác thực từ app ngân hàng khi dùng số điện thoại","false"
"Xin lỗi nhưng tôi không nhận được mã OTP để đăng nhập vào ngân hàng của mình.","false"
"Tôi vừa bị khóa tài khoản ví điện tử, không biết làm sao để mở lại?","false"
"Sao hôm nay không xem được kênh yêu thích trên truyền hình cáp nhỉ?","false"
"App đặt đồ ăn của tôi không nhận được thông báo, có ai gặp vấn đề giống tôi không?","false"
"Tôi cần hỗ trợ vì không nhận được xác thực qua số điện thoại cho ứng dụng thanh toán.","false"
"Hóa đơn tháng này của dịch vụ truyền hình internet hơi cao, có ai biết lý do không?","false"
"Tại sao tôi không thể đăng nhập vào tài khoản game của mình, nó cứ báo lỗi mã xác thực?","false"
"Ứng dụng xem phim yêu cầu xác minh số điện thoại, mã OTP gửi mãi không tới.","false"
"Có ai biết tại sao ví điện tử của tôi tự động trừ tiền mà không rõ lý do không?","false"
"Tôi quên mật khẩu tài khoản ngân hàng và không nhận được mã để đặt lại.","false"
"Tại sao tôi không thể xem lại các kênh đã đăng ký trên truyền hình cáp?","false"
"App gọi xe của tôi báo lỗi không xác thực được số điện thoại, có ai gặp không?","false"
"Tôi bị khóa tài khoản thanh toán, không biết làm thế nào để khôi phục lại.","false"
"Làm ơn giúp tôi với, tôi không thể thực hiện giao dịch qua ngân hàng được!","false"
"Truyền hình cáp của tôi không xem được kênh nào cả, phải làm sao đây?","false"
"Mã OTP gửi qua điện thoại nhưng tôi không nhận được, ai biết cách khắc phục không?","false"
"Tôi không thể đăng nhập vào ứng dụng game, mã xác thực gửi mãi không tới.","false"
"App thanh toán của tôi báo lỗi không thể truy cập tài khoản, rất khó chịu!","false"
"Tại sao không thể xem video trên app xem phim, có ai biết nguyên nhân không?","false"
"Có cách nào để khôi phục tài khoản ví điện tử bị khóa không nhỉ?","false"
"Tôi không nhận được thông báo xác nhận từ app gọi xe, có ai bị như vậy không?","false"
"Hóa đơn tháng này của dịch vụ truyền hình cáp sao lại cao thế này?","false"
"App đặt đồ ăn của tôi không thể xác minh số điện thoại, rất khó chịu!","false"
"Sao tài khoản ngân hàng của tôi không thể thực hiện giao dịch được nhỉ?","false"
"Có ai biết cách để kiểm tra hóa đơn truyền hình cáp không, tôi không tìm thấy?","false"
"Tôi quên mật khẩu tài khoản game, mà không nhận được mã gửi qua số điện thoại.","false"
"Ứng dụng thanh toán tự động trừ tiền nhưng không rõ lý do, ai có kinh nghiệm không?","false"
"Sao không nhận được mã xác thực từ ví điện tử để đăng nhập, rất bực mình!","false"
"Tôi không thể xem được các kênh đã đăng ký trên truyền hình cáp, xin giúp!","false"
"Mã OTP không tới số điện thoại của tôi khi đăng nhập vào ngân hàng, phải làm sao?","false"
"Tôi cần hỗ trợ vì không xác thực được tài khoản trong app đặt đồ ăn.","false"
"Tại sao ứng dụng xem phim lại yêu cầu xác minh số điện thoại, rất phiền phức!","false"
"Sao tháng này hóa đơn dịch vụ truyền hình cáp lại cao đến vậy?","false"
"Làm ơn chỉ tôi cách mở khóa tài khoản ví điện tử, tôi không làm được!","false"
"Tôi không thể nhận mã xác thực qua số điện thoại cho ứng dụng thanh toán.","false"
"Chả nhẽ tôi không thể xem kênh truyền hình yêu thích vì lỗi mạng?","false"
"Có ai gặp lỗi không thể đăng nhập vào tài khoản game vì không nhận mã không?","false"
"App thanh toán tự động ngắt kết nối, tôi không thể giao dịch được!","false"
"Làm sao để tôi có thể lấy lại hóa đơn tháng trước của dịch vụ truyền hình cáp?","false"
"Tôi không hiểu sao mã OTP lại không gửi tới điện thoại khi đăng nhập vào ngân hàng!","false"
"Ứng dụng đặt đồ ăn của tôi không thể xác minh số điện thoại, có ai biết cách khắc phục không?","false"
"Tại sao lại không thể xem được các video trên app xem phim, lỗi gì đây?","false"
"Có cách nào để khôi phục tài khoản ngân hàng khi không nhận được mã OTP không?","false"
"Sao hôm nay không nhận được thông báo từ ví điện tử nhỉ?","false"
"Tôi cần trợ giúp vì tài khoản game của tôi bị khóa, không biết làm sao!","false"
"Có ai biết cách kiểm tra hóa đơn dịch vụ truyền hình cáp không?","false"
"Tại sao app thanh toán lại báo lỗi không thể thực hiện giao dịch?","false"
"Tôi không nhận được mã xác thực từ ứng dụng gọi xe, phải làm sao bây giờ?","false"
"Làm ơn giúp tôi mở khóa tài khoản ví điện tử, tôi không biết làm thế nào?","false"
"Tháng này hóa đơn truyền hình cáp cao quá, không biết có vấn đề gì không?","false"
"Tại sao không nhận được mã OTP gửi qua số điện thoại khi đăng nhập vào ngân hàng?","false"
"App xem phim yêu cầu tôi xác minh số điện thoại nhưng mã thì không tới.","false"
"Sao mà tôi không thể xem được các kênh yêu thích trên truyền hình cáp nhỉ?","false"
"Làm sao để tôi có thể lấy lại mật khẩu cho tài khoản game của mình?","false"
"Tôi không thể nhận được mã OTP để xác minh tài khoản trong app thanh toán.","false"
"Có ai biết tại sao không xem được video trên app xem phim không?","false"
"Tôi bực mình vì không thể đăng nhập vào tài khoản ngân hàng, mã không đến!","false"
"App đặt đồ ăn của tôi báo lỗi, không nhận được mã xác thực qua điện thoại.","false"
"Tại sao tôi không thể xem được các kênh trên truyền hình cáp sau khi trả tiền?","false"
"Tôi bị khóa tài khoản ví điện tử mà không biết lý do, ai giúp tôi với!","false"
"Phí dịch vụ truyền hình cáp tháng này sao lại cao thế nhỉ, không hiểu lý do?","false"
"Có ai gặp vấn đề không nhận được OTP khi đăng nhập vào app ngân hàng không?","false"
"Tôi không thể xác minh tài khoản trong app thanh toán, mã OTP không tới.","false"
"Tại sao tôi không thể xem phim trên app yêu thích, có ai biết lý do không?","false"
"Ứng dụng gọi xe của tôi báo lỗi, không thể thực hiện đặt xe, ai giúp tôi với?","false"
"Thật khó chịu khi không thể nhận mã xác thực từ số điện thoại cho tài khoản game!","false"
"Sao mà tôi không thể xem được các kênh yêu thích trên truyền hình cáp nhỉ?","false"
"App thanh toán của tôi tự động đăng xuất giữa chừng, không biết có phải lỗi không?","false"
"Tôi không nhận được mã xác thực cho ví điện tử, không biết phải làm sao?","false"
"Tôi quên mật khẩu tài khoản ngân hàng mà không nhận được mã OTP để khôi phục.","false"
"Có ai gặp lỗi không thể đăng nhập vào tài khoản game vì không nhận mã không?","false"
"Tôi không biết làm cách nào để lấy lại mật khẩu cho app đặt đồ ăn, ai biết không?","false"
"Sao hóa đơn dịch vụ truyền hình cáp tháng này lại cao bất thường vậy?","false"
"Làm sao để tôi khôi phục tài khoản ví điện tử bị khóa, khá khó chịu!","false"
"Tôi không thể xem được video trên app xem phim của tôi, rất bực bội!","false"
"Ứng dụng thanh toán của tôi không gửi mã xác thực qua số điện thoại, rất khó chịu!","false"
"Có ai biết tại sao không thể xem các kênh trên truyền hình cáp không?","false"
"Tôi cần trợ giúp vì không nhận được mã OTP để xác minh tài khoản ngân hàng.","false"
"App gọi xe của tôi không nhận được thông báo xác thực qua số điện thoại.","false"
"Tháng này hóa đơn dịch vụ truyền hình cáp sao lại cao đến vậy, có ai biết lý do không?","false"
"Tôi không biết làm sao để mở khóa tài khoản game, mã gửi mãi không tới.","false"
"Sao mà tôi không thể nhận mã xác thực từ ứng dụng thanh toán khi đăng nhập?","false"
"App đặt đồ ăn của tôi yêu cầu xác minh số điện thoại, nhưng mã không đến.","false"
"Có ai biết cách kiểm tra hóa đơn truyền hình cáp không?","false"
"Tôi bực bội vì không thể đăng nhập vào ví điện tử, mã xác thực không gửi!","false"
"Tại sao không nhận được mã OTP để vào tài khoản ngân hàng của tôi nhỉ?","false"
"Tôi không thể xem video trên app xem phim, không biết có vấn đề gì không?","false"
"Ứng dụng gọi xe báo lỗi khiến tôi không thể tham gia đặt xe, ai biết không?","false"
"Tại sao tài khoản ngân hàng của tôi lại bị khóa mà không rõ lý do?","false"
"Làm ơn cho tôi hỏi sao không thể nhận mã xác thực từ ví điện tử nhỉ?","false"
"Sao không nhận được mã OTP cho app thanh toán khi đăng nhập thế này?","false"
"Tôi không thể thực hiện giao dịch trên app thanh toán, mã xác thực không tới.","false"
"App xem phim yêu cầu tôi xác minh số điện thoại nhưng mã OTP thì không tới.","false"
"Tôi không thể xem được các kênh đã đăng ký trên truyền hình cáp, giúp với!","false"
"Có ai biết vì sao không thể nhận mã xác thực qua số điện thoại không?","false"
"Ứng dụng gọi xe báo lỗi không xác thực được số điện thoại, rất khó chịu!","false"
"Tôi cần hỗ trợ vì không thể xem phim trên app yêu thích, mã xác thực không tới.","false"
"Sao tháng này hóa đơn dịch vụ truyền hình cáp lại cao thế này?","false"
"Tôi không nhận được mã OTP để xác minh tài khoản ngân hàng, có cách nào không?","false"
"App đặt đồ ăn của tôi không gửi thông báo xác thực qua số điện thoại, rất bất tiện!","false"
"Tại sao tôi không thể xem video trên app xem phim, có ai biết không?","false"
"Tôi bị khóa tài khoản ví điện tử mà không rõ lý do, ai giúp tôi với!","false"
"Có ai biết cách để xem hóa đơn dịch vụ truyền hình cáp không, tôi không tìm thấy?","false"
"Tại sao không thể nhận mã xác thực từ tài khoản ngân hàng khi đăng nhập?","false"
"Có ai gặp vấn đề không thể đăng nhập vào tài khoản game vì mã xác thực không tới không?","false"
"Ứng dụng thanh toán báo lỗi, không thể xác minh tài khoản qua số điện thoại, có ai biết không?","false"
"Làm ơn giúp tôi mở khóa tài khoản ví điện tử, không biết làm sao!","false"
"Sao mà tôi không thể nhận được xác thực từ app thanh toán nhỉ?","false"
"Tại sao hóa đơn dịch vụ truyền hình cáp tháng này lại cao hơn bình thường vậy?","false"
"App gọi xe của tôi không gửi thông báo xác thực qua số điện thoại, rất phiền phức!","false"
"Tôi không hiểu sao không thể xem được các kênh trên truyền hình cáp, có ai biết không?","false"
"Có ai gặp lỗi không thể đăng nhập vào tài khoản ngân hàng vì không nhận mã không?","false"
"Đã hơn 30 phút mà vẫn chưa nhận được mã OTP để đăng nhập vào ví điện tử","false"
"Tôi không thể xem được kênh yêu thích trên truyền hình cáp, làm ơn giúp tôi với","false"
"Tháng này tôi bị trừ tiền không rõ lý do từ tài khoản game, có ai biết không?","false"
"Làm sao để thay đổi số điện thoại liên kết với tài khoản Netflix của tôi?","false"
"Tôi vừa đăng ký thì bị khóa tài khoản ngân hàng, ai đó đã gặp tình huống giống tôi chưa?","false"
"Không nhận được mã xác thực từ app giao đồ ăn, tôi cần giúp gấp!","false"
"Có ai biết tại sao không xem được phim trên ứng dụng này không?","false"
"Đã lâu rồi chưa nhận được thông báo từ app ngân hàng, có chuyện gì xảy ra không?","false"
"Tôi muốn đổi số điện thoại đăng nhập vào tài khoản Facebook của mình, làm thế nào?","false"
"Gần đây không nhận được thông báo thanh toán từ ví điện tử, ai biết cách khắc phục không?","false"
"Xin hỏi cách chắc chắn để không bị khóa tài khoản trên app đặt xe?","false"
"Tôi quên mật khẩu đăng nhập vào tài khoản trên trang thương mại điện tử, phải làm sao?","false"
"Hóa đơn tháng này của tôi sao cao thế, có ai gặp vấn đề tương tự không?","false"
"Đã đăng ký tài khoản nhưng không nhận được email xác nhận, hỗ trợ tôi với!","false"
"Có cần phải xác minh số điện thoại khi đăng ký tài khoản trên app xem phim không?","false"
"Tôi bị trừ tiền khi chưa sử dụng dịch vụ giao hàng, ai đó có biết lý do không?","false"
"Bị lỗi không đăng nhập vào ví điện tử, có ai có cách nào không?","false"
"Sao tôi không thấy mã OTP khi đăng nhập vào tài khoản mua sắm trực tuyến nhỉ?","false"
"Chào bạn, tôi không thể xem được kênh nào sau khi thay đổi gói dịch vụ truyền hình cáp!","false"
"Làm cách nào để khôi phục tài khoản game đã bị khóa vậy?","false"
"Tôi không nhận được thông báo từ app thanh toán, ai biết cách khắc phục không?","false"
"App xem phim yêu cầu xác minh số điện thoại, nhưng tôi không nhận được mã xác thực!","false"
"Bị trừ tiền từ tài khoản nhưng không biết vì sao, ai có biết không?","false"
"Tại sao tôi không xem được dịch vụ truyền hình trên ứng dụng khi đã thanh toán?","false"
"Xin lỗi, tôi không thấy lịch sử thanh toán trong ví điện tử của mình, có ai biết không?","false"
"Tôi đã thay đổi số điện thoại mà vẫn không nhận được mã OTP để đăng nhập vào tài khoản ngân hàng","false"
"Có ai bị lỗi không nhận được thông báo từ app gọi xe không?","false"
"Giúp mình với, mình không vào được tài khoản trên trang thương mại điện tử, có ai biết không?","false"
"Tôi không thể mở kênh này, đã thử nhiều lần mà vẫn không được, ai giúp tôi với!","false"
"App giao hàng yêu cầu xác minh số điện thoại nhưng mình không nhận được mã!","false"
"Tôi đã thanh toán nhưng vẫn chưa nhận được hàng, có ai bị tình trạng giống tôi không?","false"
"Không hiểu sao tài khoản ngân hàng của tôi bị khóa, ai có kinh nghiệm gì không?","false"
"Làm ơn chỉ cho tôi cách lấy lại tài khoản đã bị mất trên app game!","false"
"Hóa đơn thanh toán tháng này sao lại khác với tháng trước, có ai biết lý do không?","false"
"Đã thử nhiều lần mà vẫn không nhận được OTP từ app thanh toán, giúp tôi với!","false"
"Tôi thường xuyên không nhận được thông báo từ app phim, ai có cách sửa không?","false"
"Không vào được tài khoản trên trang thương mại điện tử, đã thử nhiều lần rồi!","false"
"Mình không thấy mã xác thực để đăng nhập vào tài khoản ngân hàng, làm ơn giúp đỡ!","false"
"Chả hiểu sao không nhận được thông báo từ app giao hàng nữa, ai có cách nào không?","false"
"Giúp tôi với, mất hết dữ liệu trong tài khoản game, không biết phải làm sao?","false"
"Tháng này sao hóa đơn truyền hình cao thế này, ai biết cách kiểm tra không?","false"
"Tôi không thấy mã OTP gửi về số điện thoại để đăng nhập vào app thanh toán","false"
"Có ai biết làm sao để không bị khóa tài khoản trên ứng dụng mạng xã hội không?","false"
"Đã thử reset mật khẩu nhưng vẫn không vào được tài khoản mua sắm, ai biết không?","false"
"Sao không gọi được số trên app giao đồ ăn như mọi khi, có ai gặp tình trạng này không?","false"
"Mình bị trừ tiền khi chưa đặt hàng, có ai biết xử lý như thế nào không?","false"
"Làm ơn chỉ cho tôi cách xác minh số điện thoại cho tài khoản truyền hình?","false"
"Không biết tại sao mà không nhận được mã OTP khi đăng nhập vào tài khoản ngân hàng?","false"
"Tôi đã thanh toán nhưng không thấy hàng tới, có ai biết lý do không?","false"
"Tôi không xem được phim yêu thích, đã thử nhiều lần mà vẫn không được!","false"
"Gần đây không nhận được hóa đơn từ app thanh toán, có ai có ý kiến không?","false"
"Đã đăng ký mà mã OTP vẫn không gửi về số điện thoại, ai giúp tôi với!","false"
"Bị khóa tài khoản ví điện tử mà không rõ lý do, ai đã trải qua không?","false"
"Tôi không nhận được thông báo từ tài khoản game, ai biết lý do không?","false"
"Không hiểu sao lại không xem được kênh mình đã đăng ký trên truyền hình cáp!","false"
"Làm sao để lấy lại tài khoản đã bị mất trên app giao hàng?","false"
"Tôi không thể đăng nhập vào tài khoản ngân hàng, đã thử đủ cách mà vẫn không được!","false"
"Khi nào thì tôi nhận được tiền hoàn lại từ ví điện tử đây?","false"
"Đã qua ngày mà sao chưa nhận được mã xác thực để truy cập vào app?","false"
"Sao hóa đơn truyền hình tháng này đắt quá, có ai biết được không?","false"
"Có ai biết vì sao không nhận được thông báo từ app giao đồ ăn không?","false"
"Tôi đã cần mã OTP mà vẫn chưa thấy gửi về số điện thoại, sao vậy nhỉ?","false"
"Chả hiểu sao tài khoản trên trang thương mại điện tử của tôi vẫn không thể đăng nhập?","false"
"Tôi không thể xem được kênh yêu thích, có ai biết cách khắc phục không?","false"
"App thanh toán yêu cầu xác minh nhưng không thấy mã OTP gửi về!","false"
"Tôi không thấy thông báo về lịch sử giao dịch trong ví điện tử, có ai biết cách kiểm tra không?","false"
"Mọi người có ai bị lỗi không đăng nhập được vào tài khoản game không?","false"
"Đã thử rất nhiều lần mà vẫn không nhận được mã xác thực của app thanh toán!","false"
"Làm sao để không bị khóa tài khoản trên ứng dụng mạng xã hội nhỉ?","false"
"Không hiểu sao mà tôi không nhận được mã OTP khi đăng nhập vào tài khoản ngân hàng!","false"
"Có ai biết cách xử lý khi không xem được kênh truyền hình sau khi đổi gói không?","false"
"Tôi đang bị trừ tiền từ tài khoản nhưng không rõ nguyên nhân, có ai biết không?","false"
"Làm ơn giúp tôi với, tôi không thể khôi phục tài khoản đã bị khóa trên app game!","false"
"Đã thanh toán nhưng sao không nhận được hàng, có ai biết lý do không?","false"
"Tôi không thể vào được ứng dụng giao hàng, có ai giúp tôi với không?","false"
"Không nhận được thông báo từ tài khoản ví điện tử là sao nhỉ?","false"
"Đã thử nhiều lần nhưng vẫn không nhận được mã OTP để đăng nhập tài khoản ngân hàng!","false"
"Tôi không thể xem được kênh mà mình đã đăng ký trên truyền hình cáp, ai giúp đỡ không?","false"
"Mọi người có ai gặp tình trạng không đăng nhập được vào tài khoản game không?","false"
"Gần đây tôi không nhận được thông báo từ app thanh toán, có ai biết cách sửa không?","false"
"Tháng này hóa đơn của tôi sao lại cao thế, có ai biết lý do không?","false"
"Tôi không nhận được mã xác thực từ ứng dụng đặt đồ ăn, ai biết phải làm sao?","false"
"Có ai biết cách thay đổi số điện thoại đăng nhập vào tài khoản Netflix không?","false"
"Làm sao để khôi phục tài khoản đã bị khóa trên app giao hàng đây?","false"
"Chả hiểu sao tài khoản ngân hàng của tôi lại bị khóa, ai có kinh nghiệm gì không?","false"
"Đã thử mọi cách mà vẫn không nhận được mã OTP từ app thanh toán, giúp tôi với!","false"
"Gần đây không nhận được thông báo từ app giải trí, ai biết lý do không?","false"
"Không nhận được mã OTP khi đăng nhập vào tài khoản mua sắm, ai biết làm sao không?","false"
"Tôi không thể xem được một số kênh trên truyền hình cáp, có ai biết cách khắc phục không?","false"
"Tháng này hóa đơn của tôi sao lại cao hơn tháng trước, ai biết lý do không?","false"
"Tôi không thấy mã xác minh gửi về số điện thoại khi đăng ký tài khoản ngân hàng!","false"
"Tôi không thể vào tài khoản trên app giao hàng, ai biết cách sửa không?","false"
"Làm thế nào để không bị khóa tài khoản trên ứng dụng thanh toán nhỉ?","false"
"Tôi đã đăng ký nhưng không nhận được mã OTP, không biết lý do vì sao?","false"
"Sao tài khoản game của tôi không đăng nhập được, ai đã gặp tình huống giống này không?","false"
"Làm ơn chỉ cho tôi cách xác minh số điện thoại cho tài khoản trên app truyền hình!","false"
"Không hiểu sao mà không nhận được thông báo từ app giao đồ ăn nữa, ai biết không?","false"
"Tôi không nhận được mã xác thực khi đăng nhập vào tài khoản ngân hàng, có ai biết lý do không?","false"
"Sao tôi không xem được kênh yêu thích trên truyền hình, đã thử nhiều lần nhưng không được?","false"
"Có ai biết cách lấy lại tài khoản game bị khóa không?","false"
"Đã thử nhiều lần nhưng không nhận được mã OTP từ ứng dụng thanh toán, giúp tôi với!","false"
"Sao không nhận được thông báo từ tài khoản ví điện tử, ai biết cách kiểm tra không?","false"
"Tôi đã thanh toán nhưng không thấy hàng đến, có ai biết lý do không?","false"
"Sao không vào được tài khoản trên trang thương mại điện tử, làm ơn ai đó giúp tôi!","false"
"Đã hơn 1 giờ mà không nhận được mã OTP để đăng nhập vào app ngân hàng!","false"
"Khi nào thì tôi mới nhận được tiền hoàn lại từ ví điện tử đây?","false"
"Có ai biết cách xử lý khi không xem được kênh truyền hình cáp không?","false"
"Tôi không vào được tài khoản game, đã thử đủ cách nhưng không được!","false"
"Bị khóa tài khoản ngân hàng mà không biết lý do, ai có kinh nghiệm gì không?","false"
"Không nhận được mã xác thực khi đăng nhập vào tài khoản mua sắm, có ai biết làm sao không?","false"
"Đã thử nhiều lần mà vẫn không nhận được mã OTP để đăng nhập vào tài khoản ngân hàng!","false"
"Tôi không thể xem được một số kênh trên truyền hình cáp, có ai biết cách khắc phục không?","false"
"Sao tôi không nhận được thông báo từ ứng dụng thanh toán, ai biết lý do không?","false"
"Gần đây không nhận được mã OTP từ app giao hàng, có ai biết lý do không?","false"
"Đã thử mọi cách nhưng vẫn không vào được tài khoản game, ai giúp tôi với!","false"
"Chả hiểu sao tài khoản ngân hàng của tôi lại bị khóa, có ai biết làm sao không?","false"
"Làm sao để không bị khóa tài khoản trên ứng dụng mạng xã hội nhỉ?","false"
"Có ai biết vì sao mà không nhận được mã OTP khi đăng nhập vào tài khoản ngân hàng không?","false"
"Bị khóa tài khoản ví điện tử mà không rõ lý do, ai đã trải qua không?","false"
"Tôi không thấy thông báo về thanh toán trong tài khoản ví điện tử, có ai biết cách kiểm tra không?","false"
"Đã hơn 1 giờ mà không nhận được mã OTP để đăng nhập vào app ngân hàng!","false"
"Sao tài khoản game của tôi không đăng nhập được, ai đã gặp tình huống giống này không?","false"
"Làm ơn chỉ cho tôi cách xác minh số điện thoại cho tài khoản trên app truyền hình!","false"
"Không hiểu sao mà không nhận được thông báo từ app giao đồ ăn nữa, ai biết không?","false"
"Tôi không nhận được mã xác thực khi đăng nhập vào tài khoản ngân hàng, có ai biết lý do không?","false"
"Sao tôi không xem được kênh yêu thích trên truyền hình, đã thử nhiều lần nhưng không được?","false"
"Có ai biết cách lấy lại tài khoản game bị khóa không?","false"
"Đã thử nhiều lần nhưng không nhận được mã OTP từ ứng dụng thanh toán, giúp tôi với!","false"
"Sao không nhận được thông báo từ tài khoản ví điện tử, ai biết cách kiểm tra không?","false"
"Tôi đã thanh toán nhưng không thấy hàng đến, có ai biết lý do không?","false"
"Sao không vào được tài khoản trên trang thương mại điện tử, làm ơn ai đó giúp tôi!","false"
"Không nhận được mã OTP để xác thực tài khoản ngân hàng","false"
"Tại sao tôi không thể đăng nhập vào ví điện tử của mình?","false"
"Cho tôi hỏi về hóa đơn truyền hình cáp, tại sao lại bị trừ tiền tháng này?","false"
"App đặt đồ ăn của tôi không gửi mã xác thực đến số điện thoại của tôi","false"
"Tôi đã thử nạp tiền vào tài khoản game nhưng không thấy tiền vào đâu cả?","false"
"Số điện thoại của tôi không nhận được xác nhận cho tài khoản mạng xã hội","false"
"Tôi không thể xem các kênh trên truyền hình cáp, có lỗi gì không?","false"
"Giúp tôi với, tôi không nhận được OTP cho app thanh toán này!","false"
"Sao mở ứng dụng xem phim mà lại yêu cầu xác minh số điện thoại?","false"
"Tôi đã bị khóa tài khoản ví điện tử, bạn có thể giúp tôi không?","false"
"Phí tháng này cho dịch vụ truyền hình cáp sao lại cao như vậy?","false"
"Tại sao không thể thực hiện giao dịch qua app ngân hàng?","false"
"Tôi cần giúp đỡ với việc không nhận được mã xác thực cho app gọi xe.","false"
"App mua sắm của tôi không gửi mã OTP để xác minh tài khoản.","false"
"Khi nào thì tài khoản game của tôi mới được mở lại?","false"
"Không thể đổi số điện thoại trên tài khoản của ứng dụng thanh toán","false"
"Tôi đã bị trừ tiền cho dịch vụ không sử dụng trên truyền hình cáp?","false"
"Ứng dụng gọi xe yêu cầu số điện thoại để xác thực nhưng tôi không nhận được gì.","false"
"Sao mà không xem được kênh yêu thích trên truyền hình cáp nhỉ?","false"
"Tôi cần hỗ trợ vì không nhận được mã OTP khi đăng nhập vào app ngân hàng","false"
"Không hiểu sao tài khoản thương mại điện tử lại bị khóa mà không có lý do.","false"
"Làm ơn giúp tôi với, tôi không nhận được tin nhắn xác thực cho ví điện tử.","false"
"Mã OTP cho app thanh toán không gửi đến số điện thoại của tôi, có sao không?","false"
"Tại sao tôi không thể truy cập vào tài khoản phim trực tuyến của mình?","false"
"App thanh toán yêu cầu số điện thoại nhưng tôi không nhận được gì cả.","false"
"Goi dịch vụ truyền hình cáp của tôi bị lỗi, không xem được kênh nào cả.","false"
"Tại sao tôi không nhận được OTP vào số điện thoại khi đăng nhập app?","false"
"Tôi không thể nhập mã xác thực cho tài khoản ngân hàng của mình.","false"
"Vì sao không thể chuyển tiền qua ví điện tử, có lỗi gì xảy ra không?","false"
"Sao lại không xem được các bộ phim yêu thích trên app này?","false"
"Cho tôi hỏi về phí hàng tháng cho dịch vụ truyền hình cáp nhé?","false"
"Làm ơn giúp tôi mở lại tài khoản game, không thể đăng nhập được.","false"
"Không nhận được mã xác minh cho tài khoản mạng xã hội của tôi.","false"
"Tại sao lại bị khóa tài khoản ví điện tử của tôi mà không có lý do?","false"
"Tôi bị trừ tiền nhưng không biết có giao dịch nào xảy ra không.","false"
"Tôi không thể xem được kênh yêu thích trên truyền hình cáp vào cuối tuần.","false"
"Sao mà không nhận được mã OTP cho ví điện tử vậy nhỉ?","false"
"Tại sao hóa đơn của dịch vụ truyền hình cáp lại cao hơn mọi tháng?","false"
"Xin hỏi, tại sao tôi không nhận được OTP để xác minh tài khoản ứng dụng?","false"
"Tại sao không thể sử dụng app gọi xe trên điện thoại của mình?","false"
"Tôi đã thử rất nhiều lần mà không nhận được OTP từ app ngân hàng.","false"
"Số điện thoại của tôi không nhận được mã xác thực cho app thanh toán.","false"
"Tôi không biết tại sao tài khoản game của mình lại bị khóa.","false"
"Không thể đăng nhập vào tài khoản trên dịch vụ truyền hình cáp của tôi.","false"
"Sao app mua sắm không gửi mã xác thực đến số điện thoại của tôi?","false"
"Tại sao lại không xem được các kênh truyền hình mà tôi đã đăng ký?","false"
"Tôi không nhận được mã OTP cho việc xác thực tài khoản ngân hàng.","false"
"Vì sao tôi lại không thể thực hiện giao dịch qua ví điện tử?","false"
"Tôi không thể mở tài khoản mới trên app ngân hàng này.","false"
"Hóa đơn tháng này cho dịch vụ truyền hình cáp cao quá, có gì sai không?","false"
"Tại sao tôi không nhận được mã xác thực cho tài khoản mạng xã hội?","false"
"Tôi không thể xem các bộ phim trên app, có ai biết không?","false"
"Giúp tôi với, tôi không nhận được OTP cho dịch vụ gọi xe của mình.","false"
"Chuyện gì xảy ra với số tiền trong ví điện tử của tôi vậy nhỉ?","false"
"Sao không thể truy cập vào tài khoản xem phim của mình?","false"
"Tôi đã không nhận được mã OTP cho tài khoản thương mại điện tử của mình.","false"
"Giúp tôi với, tôi không thể kết nối với dịch vụ truyền hình cáp.","false"
"Tại sao không nhận được mã xác thực từ ứng dụng thanh toán?","false"
"Đã một tuần rồi mà tài khoản game vẫn bị khóa, không biết sao?","false"
"App gọi xe yêu cầu xác minh số điện thoại nhưng không nhận được gì.","false"
"Không thể xem các chương trình yêu thích trên truyền hình cáp của tôi.","false"
"Tại sao lại không nhận được OTP cho app ngân hàng?","false"
"Sao phải trả phí tháng này cho dịch vụ mà tôi không sử dụng?","false"
"Giúp tôi với, tôi không nhận được mã xác thực cho tài khoản ví điện tử.","false"
"Tại sao không thể đăng nhập vào app mua sắm bằng số điện thoại của mình?","false"
"Không nhận được mã xác thực cho tài khoản mạng xã hội nào cả.","false"
"Tại sao hóa đơn truyền hình cáp lại tăng mà không có lý do?","false"
"Sao không nhận được mã OTP cho app thanh toán của tôi?","false"
"Tôi không thể sử dụng dịch vụ vì không xác minh được số điện thoại.","false"
"Có ai biết tại sao tài khoản game của tôi lại bị khóa không?","false"
"Không thể xem được các kênh trên truyền hình cáp, có lỗi gì không?","false"
"Tôi đã thanh toán cho dịch vụ nhưng vẫn không thể truy cập được.","false"
"Không nhận được mã OTP từ ngân hàng, có ai gặp tình trạng này không?","false"
"Sao không thể xác minh tài khoản mạng xã hội qua số điện thoại?","false"
"Tại sao không thể nạp tiền vào ví điện tử của mình?","false"
"Goi truyền hình cáp nhưng không thấy kênh yêu thích đâu cả.","false"
"Làm ơn giúp tôi với, tài khoản ngân hàng của tôi không thể đăng nhập.","false"
"Tại sao lại không nhận được mã xác thực cho tài khoản thương mại điện tử?","false"
"Không hiểu sao không thể xem được phim trên ứng dụng này.","false"
"Sao mở app mà không nhận được OTP để xác minh tài khoản?","false"
"Giúp mình với, không biết làm sao để mở lại tài khoản game bị khóa.","false"
"Tại sao không nhận được mã OTP cho việc xác minh ngân hàng vậy?","false"
"Có ai biết tại sao tài khoản truyền hình cáp của tôi lại bị khóa không?","false"
"Tại sao hóa đơn truyền hình cáp lại cao gần gấp đôi tháng trước?","false"
"Tôi không thể thực hiện giao dịch qua ví điện tử, có lỗi gì không?","false"
"Sao không nhận được mã xác thực cho app đặt đồ ăn nhỉ?","false"
"Không thể truy cập vào tài khoản ngân hàng của tôi, tại sao?","false"
"Giúp tôi với, tôi không nhận được mã OTP cho tài khoản mạng xã hội.","false"
"Tại sao app xem phim yêu cầu xác thực số điện thoại?","false"
"Không nhận được mã xác thực cho ví điện tử, có ai biết lý do không?","false"
"Tại sao không thể xem được kênh yêu thích trên truyền hình cáp?","false"
"Sao không nhận được mã OTP cho app thanh toán của mình?","false"
"Giúp tôi với, tài khoản game của tôi đã bị khóa và không hiểu tại sao.","false"
"Tại sao không thể đăng nhập vào dịch vụ truyền hình cáp?","false"
"Không nhận được mã xác thực cho tài khoản mạng xã hội, ai biết không?","false"
"Sao mà phí tháng này cho truyền hình cáp lại cao như thế?","false"
"Giúp tôi với, không có mã OTP gửi đến app ngân hàng của tôi.","false"
"Tại sao không thể thực hiện giao dịch qua ví điện tử này?","false"
"Không thể đăng nhập vào app đặt đồ ăn bằng số điện thoại của mình.","false"
"Tại sao không nhận được mã xác thực cho tài khoản ngân hàng?","false"
"Sao lại không xem được các kênh trên truyền hình cáp nhỉ?","false"
"Có ai gặp trường hợp không nhận được mã OTP cho app thanh toán không?","false"
"Không thể xác minh tài khoản của mình qua số điện thoại được.","false"
"Tại sao tài khoản game của tôi lại bị khóa mà không có lý do?","false"
"Giúp tôi với, không nhận được mã xác thực cho app gọi xe.","false"
"Tại sao không thể mở ứng dụng xem phim và xem được kênh yêu thích?","false"
"Không có mã OTP nào gửi đến số điện thoại của tôi cho ví điện tử.","false"
"Giúp tôi với, sao không thể đăng nhập vào tài khoản truyền hình cáp?","false"
"Tại sao không nhận được mã xác thực cho tài khoản mạng xã hội của tôi?","false"
"Sao lại không thể xem được phim trên ứng dụng này nhỉ?","false"
"Có ai gặp lỗi không nhận được mã OTP cho dịch vụ ngân hàng không?","false"
"Tại sao không thể chuyển tiền qua ví điện tử mà tôi đã cài đặt?","false"
"Không nhận được mã xác thực cho tài khoản thương mại điện tử của tôi.","false"
"Goi dịch vụ truyền hình cáp mà không xem được cái gì cả, sao vậy?","false"
"Tại sao không nhận được OTP cho app ngân hàng của tôi?","false"
"Không thể xác minh tài khoản mạng xã hội qua số điện thoại được.","false"
"Giúp tôi với, sao không có mã OTP gửi đến app thanh toán của tôi?","false"
"Không nhận được mã xác thực cho tài khoản ví điện tử, sao giờ?","false"
"Tại sao không thể thực hiện giao dịch qua app ngân hàng nhỉ?","false"
"Tôi không thể truy cập vào tài khoản của mình trên dịch vụ truyền hình cáp.","false"
"Sao không nhận được mã OTP cho app gọi xe của mình nhỉ?","false"
"Giúp tôi với, không biết làm sao để mở lại tài khoản game bị khóa.","false"
"Tại sao không thể sử dụng app thanh toán mà không nhận được mã xác thực?","false"
"Chào bạn, mình không nhận được mã OTP vào số điện thoại để xác minh tài khoản ngân hàng.","false"
"Bạn ơi, sao mình không thể đăng nhập vào ví điện tử, có phải bị khóa không?","false"
"Tại sao hóa đơn truyền hình cáp của mình lại tăng bất ngờ như vậy?","false"
"App xem phim yêu cầu xác minh số điện thoại nhưng mình không nhận được mã xác thực.","false"
"Mình đã thanh toán nhưng vẫn không thấy tiền vào tài khoản game, bạn giúp mình với!","false"
"Nhờ bạn kiểm tra giúp mình sao không tải được phim trên app này?","false"
"Xin lỗi, mình không nhận được OTP để đặt đồ ăn qua ứng dụng.","false"
"Bạn có biết tại sao mình không vào được tài khoản thương mại điện tử không?","false"
"Hóa đơn tháng này của mình không rõ ràng lắm, bạn có thể giải thích giúp không?","false"
"Tại sao mình không thể xem các kênh truyền hình trên app này?","false"
"Mình bị trừ tiền nhưng không thấy phản hồi từ dịch vụ gọi xe, ai biết lý do không?","false"
"App ngân hàng của mình cứ báo lỗi khi nhập số điện thoại, có ai bị như vậy không?","false"
"Mình không thể xem lại lịch sử chi tiêu trong ví điện tử, sao lại như vậy?","false"
"Tại sao app này yêu cầu xác minh số điện thoại trước khi xem phim?","false"
"Bạn có thể giúp mình kiểm tra sao không vào được tài khoản trên nền tảng thương mại điện tử không?","false"
"Chào bạn, mình bị khóa tài khoản ngân hàng, không biết phải làm sao?","false"
"Sao hóa đơn dịch vụ này lại không khớp với những gì mình đã thanh toán?","false"
"Ứng dụng gọi xe này có lỗi gì không mà mình không thể đặt xe?","false"
"Bạn có biết cách lấy lại mã OTP khi không nhận được không?","false"
"Mình đã thanh toán qua app nhưng không thấy tiền vào tài khoản, có gì sai không?","false"
"Tại sao mã xác thực không gửi vào số điện thoại của mình khi cố gắng đăng nhập?","false"
"Chẳng nhẽ mình không thể xem kênh yêu thích trên truyền hình cáp nữa?","false"
"Bạn có biết lỗi gì mà mình không nhận được hóa đơn qua email không?","false"
"Sao mình không nhận được thông báo khi có giao dịch mới trong ví điện tử?","false"
"Có ai biết tại sao app xem phim cứ báo lỗi khi nhập số điện thoại không?","false"
"Mình đang gặp vấn đề với tài khoản game, không thể đăng nhập được.","false"
"Sao lại không xem được các bộ phim mới trên app này nhỉ?","false"
"Có ai bị trừ tiền không rõ lý do từ dịch vụ gọi đồ ăn không?","false"
"App ngân hàng yêu cầu xác minh số điện thoại nhưng mã không gửi đến.","false"
"Bạn có biết sao mình không thể thanh toán qua ví điện tử nữa không?","false"
"Mình không vào được tài khoản trên app mua sắm, bạn có cách nào không?","false"
"Chả nhẽ mình không thể xem lại hóa đơn trên app truyền hình nữa sao?","false"
"Tại sao số điện thoại của mình không nhận được mã xác thực để đăng nhập?","false"
"Mình bị mất tài khoản trên app gọi xe, ai giúp được không?","false"
"Sao mình không thấy kênh yêu thích trong danh sách trên truyền hình cáp?","false"
"Bạn có biết sao mình không nhận được hóa đơn qua SMS không?","false"
"Tại sao app này không cho mình xem phim mặc dù đã xác minh số điện thoại?","false"
"Hóa đơn tháng này của mình không giống như tháng trước, bạn giải thích giúp mình?","false"
"Ứng dụng ngân hàng cứ báo lỗi khi mình nhập số điện thoại xác minh.","false"
"Sao mình không thấy xác nhận giao dịch trong ứng dụng thanh toán nhỉ?","false"
"Mình không nhận được mã xác thực khi đăng ký tài khoản mới trên app này.","false"
"Chẳng nhẽ mình không thể xem các bộ phim đã mua trên ứng dụng xem phim?","false"
"Bạn có biết vì sao tài khoản game của mình không thể truy cập được không?","false"
"Tại sao không thấy thông báo giao dịch mới trên ví điện tử nhỉ?","false"
"Sao lại không vào được app gọi đồ ăn nhỉ, có ai biết không?","false"
"Chẳng nhẽ mình phải chờ mã OTP lâu như vậy để đăng nhập vào ngân hàng?","false"
"Mình đã thanh toán nhưng không thấy tiền vào tài khoản của mình, có ai biết lý do không?","false"
"Tại sao mình không thể xem được kênh yêu thích trên truyền hình của mình?","false"
"Bạn có biết cách khôi phục tài khoản ví điện tử bị khóa không?","false"
"Sao lại không nhận được mã xác minh trên điện thoại để đăng nhập?","false"
"Mình không vào được tài khoản trên nền tảng mua sắm, bạn có giúp được không?","false"
"Tại sao mình không thấy hóa đơn tháng này trong app ngân hàng?","false"
"Chả nhẽ mình không thể xem lại lịch sử giao dịch trên ví điện tử sao?","false"
"Sao mã xác thực không gửi đến số điện thoại của mình khi đăng nhập vào app này?","false"
"Mình đang gặp sự cố với app gọi xe, không thể đặt xe được.","false"
"Có ai biết vì sao mình không nhận được mã OTP từ ứng dụng ngân hàng không?","false"
"Tại sao mình không thể xem các bộ phim mới trên ứng dụng này?","false"
"Sao không thấy thông báo giao dịch trong app thanh toán nhỉ?","false"
"App xem phim yêu cầu xác minh số điện thoại nhưng không có mã gửi về.","false"
"Mình không nhận được mã xác thực khi cố gắng đăng ký tài khoản mới.","false"
"Tại sao số điện thoại của mình không nhận được mã OTP khi đăng nhập?","false"
"Chả nhẽ mình không thể xem được kênh mà mình đã đăng ký trên truyền hình cáp sao?","false"
"Sao mình không vào được tài khoản trên app mua sắm nhỉ?","false"
"Chào bạn, mình không nhận được hóa đơn qua email, bạn có biết sao không?","false"
"Tại sao ứng dụng này không cho mình xác minh số điện thoại nhỉ?","false"
"Bạn có biết sao mình không thấy kênh yêu thích trong danh sách không?","false"
"Sao mà không thấy thông báo giao dịch trong ví điện tử nhỉ?","false"
"Có ai biết vì sao mình không nhận được mã OTP khi đăng nhập vào ví điện tử không?","false"
"Tại sao mình không thể xem lại lịch sử chi tiêu trong ứng dụng thanh toán được?","false"
"Chả nhẽ mình không thể xem phim đã mua trên ứng dụng này?","false"
"Bạn có biết cách khôi phục tài khoản game bị khóa không?","false"
"Sao lại không nhận được mã xác thực khi đăng ký tài khoản trên app này?","false"
"Mình không thể thanh toán qua ví điện tử, có ai có cách khắc phục không?","false"
"Tại sao mình không thấy hóa đơn trong app ngân hàng nhỉ?","false"
"Sao không nhận được thông báo khi có giao dịch mới trên ví điện tử?","false"
"Chúc bạn một ngày tốt lành! Mình không nhận được OTP để xác minh tài khoản ngân hàng.","false"
"Mình bị trừ tiền nhưng không thấy phản hồi từ dịch vụ gọi xe, bạn có biết lý do không?","false"
"Sao mình không thấy kênh yêu thích trong danh sách trên truyền hình cáp?","false"
"Bạn có biết cách khôi phục tài khoản ví điện tử bị khóa không?","false"
"Sao mà không thấy thông báo giao dịch trong ví điện tử nhỉ?","false"
"Có ai biết vì sao mình không nhận được mã OTP khi đăng nhập vào ví điện tử không?","false"
"Tại sao mình không thể xem lại lịch sử chi tiêu trong ứng dụng thanh toán được?","false"
"Chả nhẽ mình không thể xem phim đã mua trên ứng dụng này?","false"
"Bạn có biết cách khôi phục tài khoản game bị khóa không?","false"
"Sao lại không nhận được mã xác thực khi đăng ký tài khoản trên app này?","false"
"Mình không thể thanh toán qua ví điện tử, có ai có cách khắc phục không?","false"
"Tại sao mình không thấy hóa đơn trong app ngân hàng nhỉ?","false"
"Sao không nhận được thông báo khi có giao dịch mới trên ví điện tử?","false"
"Có ai biết tại sao mình không nhận được mã OTP khi đăng nhập vào ví điện tử không?","false"
"Tại sao mình không thể xem lại lịch sử chi tiêu trong ứng dụng thanh toán được?","false"
"Chả nhẽ mình không thể xem phim đã mua trên ứng dụng này?","false"
"Bạn có biết cách khôi phục tài khoản game bị khóa không?","false"
"Không nhận được mã OTP để xác minh tài khoản ngân hàng của mình","false"
"Tôi không thể đăng nhập vào ví điện tử vì bị khóa tài khoản","false"
"Bạn có biết cách lấy lại tài khoản game bị mất không?","false"
"Chờ mã xác thực từ app xem phim lâu quá, ai giúp mình với!","false"
"Tại sao hóa đơn truyền hình cáp của tôi lại cao hơn tháng trước?","false"
"Không xem được kênh yêu thích trên truyền hình internet, ai giúp với!","false"
"Đã gửi yêu cầu xác minh số điện thoại nhưng chưa nhận được gì","false"
"Nhờ bạn kiểm tra khi nào thì có thể sử dụng lại tài khoản thương mại điện tử?","false"
"Tôi muốn biết tại sao tài khoản ví của mình bị trừ tiền mà không rõ lý do","false"
"Gặp lỗi khi thanh toán đơn hàng qua app mua sắm, ai có cách nào không?","false"
"Quên mật khẩu tài khoản xem phim, cần trợ giúp để reset lại","false"
"Đặt đồ ăn qua app mà không nhận được xác nhận, có ai biết lý do không?","false"
"Mã xác thực gửi về số điện thoại nhưng không thấy đâu, ai biết giúp không?","false"
"Tại sao không thể chuyển tiền qua ứng dụng ngân hàng, bị lỗi gì vậy?","false"
"Không thể truy cập vào tài khoản mạng xã hội vì quên mật khẩu","false"
"Chờ lâu quá nhưng chưa thấy mã OTP gửi về số điện thoại","false"
"Làm ơn cho tôi biết cách lấy lại tài khoản bị khóa trên ứng dụng","false"
"Tôi không thể xem video trên app, có phải do lỗi gì không?","false"
"Xác minh số điện thoại trên app gọi xe không nhận được tin nhắn","false"
"Bạn có cách nào để lấy lại tài khoản game bị hack không?","false"
"Hóa đơn tháng này của truyền hình cáp tăng cao quá, mình cảm thấy bất ngờ!","false"
"Nhờ bạn kiểm tra lại giao dịch trên ví điện tử của tôi có vấn đề gì không?","false"
"Không nhận được thông báo khi có đơn hàng từ app thương mại điện tử","false"
"Làm sao để khôi phục tài khoản đã bị khóa trên app ngân hàng?","false"
"Khi nào tôi mới có thể sử dụng lại tài khoản đã bị khóa trên nền tảng xem phim?","false"
"Đã gửi mã OTP cho số điện thoại nhưng vẫn chưa nhận được gì","false"
"Không hiểu sao lại bị trừ tiền trong tài khoản ví điện tử mà không biết lý do","false"
"Không thể vào app đặt đồ ăn vì mã xác thực không gửi về số điện thoại","false"
"Tôi cần hỗ trợ khi không vào được tài khoản mạng xã hội của mình","false"
"Chờ mã OTP để xác minh tài khoản ngân hàng lâu quá, sao vậy nhỉ?","false"
"Nhờ bạn giúp tôi khôi phục tài khoản game bị cấm sử dụng","false"
"Đã thanh toán nhưng không nhận được xác nhận từ dịch vụ truyền hình cáp","false"
"Tại sao không thể đăng nhập vào ví điện tử của mình, bị lỗi gì không?","false"
"Làm ơn giúp tôi kiểm tra phí giao dịch trong app mua sắm có chính xác không?","false"
"Không nhận được thông báo về hóa đơn của dịch vụ truyền hình internet","false"
"Có ai biết tại sao app xem phim không hoạt động bình thường không?","false"
"Đặt món ăn nhưng không thấy thông báo xác nhận, có phải do lỗi không?","false"
"Tôi không thể giữ lại tài khoản đã bị khóa trên ứng dụng ngân hàng, làm thế nào?","false"
"Chờ mã xác thực từ app giao hàng mà mãi chưa thấy về","false"
"Không xem được phim yêu thích, có ai biết lý do tại sao không?","false"
"Không thể truy cập vào tài khoản thương mại điện tử của mình, ai giúp với!","false"
"Tại sao không nhận được mã xác minh từ app gọi xe vậy?","false"
"Không hiểu sao tài khoản ví điện tử của mình lại bị khóa","false"
"Tôi cần được hỗ trợ khôi phục tài khoản game đã bị khóa","false"
"Không nhận được thông báo khi có giao dịch từ app mua sắm","false"
"Chờ quá lâu mà vẫn không thấy mã OTP gửi về số điện thoại. Ai biết giúp không?","false"
"Làm sao để lấy lại tài khoản ngân hàng bị khóa, có ai biết không?","false"
"Không thể xem được kênh yêu thích trên truyền hình cáp, sao lại thế nhỉ?","false"
"Đã gửi yêu cầu xóa tài khoản nhưng chưa thấy phản hồi","false"
"Tôi không thể vào lại tài khoản của mình trên app ví điện tử, nhờ hỗ trợ!","false"
"Không hiểu sao lại bị từ chối khi cố gắng thanh toán qua app mua sắm","false"
"Chờ mã OTP mà không thấy thông báo gì, ai biết lý do không?","false"
"Tài khoản game của tôi bị khóa, có cách nào để mở lại không?","false"
"Tôi không thể tìm thấy hóa đơn tháng này từ dịch vụ truyền hình","false"
"Xác minh số điện thoại cho app ngân hàng nhưng vẫn chưa nhận được mã","false"
"Tại sao không nhận được tin nhắn xác nhận khi đặt đồ ăn?","false"
"Nhờ bạn hỗ trợ khôi phục tài khoản đã bị khóa trên nền tảng xem phim.","false"
"Không nhận được mã xác minh từ app thanh toán, có ai gặp trường hợp giống tôi không?","false"
"Đã thanh toán nhưng không nhận được tin nhắn xác nhận từ dịch vụ giao hàng","false"
"Tại sao tài khoản thương mại điện tử của tôi lại không hoạt động được?","false"
"Chờ mã xác thực từ app xem phim mà không thấy gì, có ai biết không?","false"
"Khi nào thì tôi có thể lấy lại tài khoản ngân hàng mà tôi đã bị khóa?","false"
"Không xem được kênh trên truyền hình cáp, ai biết cách khắc phục không?","false"
"Có ai biết cách lấy lại tài khoản game bị mất không?","false"
"Không nhận được thông báo khi có hóa đơn từ dịch vụ truyền hình internet","false"
"Tôi không thể đăng nhập vào ví điện tử của mình, có ai giúp không?","false"
"Nhờ bạn giúp tôi kiểm tra hóa đơn tháng này của dịch vụ truyền hình cáp","false"
"Chờ mã OTP mà mãi không thấy, có ai gặp tình trạng giống tôi không?","false"
"Không hiểu sao tài khoản ngân hàng của tôi lại không hoạt động được","false"
"Đặt đồ ăn nhưng không nhận được xác nhận từ app, sao lại thế nhỉ?","false"
"Nhờ bạn kiểm tra lý do tại sao không nhận được mã xác thực từ ứng dụng","false"
"Tôi không thể vào tài khoản trên nền tảng xem phim, ai biết lý do không?","false"
"Không nhận được tin nhắn xác minh khi cố gắng đăng nhập vào ứng dụng","false"
"Chờ lâu quá nhưng mã OTP gửi về số điện thoại vẫn chưa thấy","false"
"Không xem được kênh yêu thích trên truyền hình cáp, có ai sửa được không?","false"
"Đã gửi yêu cầu nhưng vẫn chưa nhận được phản hồi về tài khoản bị khóa","false"
"Không hiểu sao không vào được tài khoản ví điện tử của mình nữa","false"
"Tại sao không thể thanh toán qua app mua sắm, có ai biết không?","false"
"Chờ mã xác minh gửi về số điện thoại mà lâu quá vẫn không thấy","false"
"Tôi không thể khôi phục tài khoản game đã bị khóa, có cách nào khác không?","false"
"Nhờ bạn kiểm tra xem tại sao không nhận được thông báo từ app giao hàng","false"
"Không nhận được mã OTP từ dịch vụ ngân hàng khi đăng nhập vào ứng dụng","false"
"Tại sao tôi không thể xem được phim trên nền tảng xem phim yêu thích?","false"
"Chờ xác nhận đơn hàng từ app thương mại điện tử mà không thấy gì cả","false"
"Không nhận được thông báo khi có giao dịch từ dịch vụ giao hàng, ai biết giúp không?","false"
"Tại sao không thể truy cập tài khoản của mình trên app đặt đồ ăn?","false"
"Làm sao để lấy lại tài khoản bị khóa trên nền tảng mạng xã hội?","false"
"Chờ mã OTP để xác minh tài khoản ngân hàng mà sao không thấy về?","false"
"Có ai biết lý do tại sao không nhận được mã xác thực từ app thanh toán không?","false"
"Tôi không thể vào lại tài khoản xem phim của mình, ai có cách nào không?","false"
"Chờ lâu quá mà vẫn không thấy mã xác minh gửi đến số điện thoại","false"
"Làm ơn giúp tôi khi không vào được tài khoản ví điện tử, có ai biết không?","false"
"Không hiểu sao tôi lại bị từ chối khi cố gắng thanh toán qua app mua sắm","false"
"Sao mà mã OTP để xác minh tài khoản ngân hàng lại chưa gửi về nhỉ?","false"
"Không nhận được tin nhắn xác nhận khi đã thanh toán qua ví điện tử","false"
"Bạn có biết cách phục hồi tài khoản game bị khóa không?","false"
"Tại sao không thể xem được kênh truyền hình mà tôi đã đăng ký?","false"
"Chờ mã xác minh từ app gọi xe mà chưa nhận được gì cả","false"
"Không hiểu sao tài khoản thương mại điện tử của tôi lại không hoạt động được nữa","false"
"Nhờ bạn kiểm tra xem tại sao không nhận được thông báo từ app xem phim","false"
"Tôi không thể khôi phục tài khoản ngân hàng của mình, có ai giúp với không?","false"
"Chờ mã OTP mà mãi không thấy tin nhắn xác thực gửi về số điện thoại","false"
"Không thể xem được video trên nền tảng xem phim, ai biết nhận sửa không?","false"
"Đặt món ăn qua app nhưng không nhận được xác nhận, ai biết giúp không?","false"
"Không nhận được mã xác minh khi đăng nhập vào tài khoản giao hàng, có ai biết không?","false"
"Bạn có biết tại sao không nhận được tin nhắn xác nhận khi đặt hàng không?","false"
"Nếu không nhận được mã OTP thì phải làm sao để lấy lại tài khoản ngân hàng?","false"
"Không xem được kênh yêu thích, có ai biết cách khắc phục không?","false"
"Chờ mã xác thực mà sao lâu quá vẫn chưa thấy gửi về số điện thoại nhỉ?","false"
"Không thể đăng nhập vào tài khoản ví điện tử, ai biết lý do không?","false"
"Tại sao không thấy xác nhận khi tài khoản trên dịch vụ thương mại điện tử đã thanh toán?","false"
"Chờ mã OTP gửi về số điện thoại mà không thấy gì, có ai biết không?","false"
"Không hiểu sao không vào được tài khoản xem phim của tôi nữa","false"
"Nhờ bạn giúp tôi lấy lại tài khoản đã bị khóa trên app ngân hàng","false"
"Mất mã xác thực cho app ngân hàng, giờ không vào được tài khoản","false"
"Tại sao không thể xem được phim trên nền tảng yêu thích của tôi?","false"
"Không nhận được thông báo khi có giao dịch qua ứng dụng ví điện tử","false"
"Chờ mã OTP từ dịch vụ ngân hàng mà sao chưa nhận được gì cả","false"
"Không thể truy cập vào tài khoản thương mại điện tử của mình, có ai hỗ trợ không?","false"
"Nếu tôi không nhận được mã xác thực thì phải làm sao để khôi phục tài khoản?","false"
"Đã thanh toán nhưng vẫn không nhận được thông báo từ app giao hàng","false"
"Làm sao để khôi phục tài khoản game bị khóa, có ai biết không?","false"
"Không vào được tài khoản ngân hàng, ai biết lý do không?","false"
"Chờ mã xác minh mà mãi không thấy gửi về số điện thoại, ai giúp với!","false"
"Tôi không thể vào tài khoản trên app đặt đồ ăn của mình, ai có cách nào không?","false"
"Chờ mã xác thực mà không thấy gửi về số điện thoại, làm sao bây giờ?","false"
"Không nhận được xác nhận khi tôi đã thanh toán qua ví điện tử, có ai biết không?","false"
"Tại sao không thể xem được kênh yêu thích trên truyền hình cáp?","false"
"Chờ mã OTP mà vẫn chưa thấy gửi về, ai có biết lý do không?","false"
"Không vào được tài khoản ví điện tử của mình, có ai giúp không?","false"
"Không nhận được mã xác minh khi cố gắng đăng nhập vào tài khoản ngân hàng","false"
"Chờ mã xác thực từ app xem phim mà mãi chưa nhận được","false"
"Tại sao tài khoản thương mại điện tử của tôi lại bị khóa, ai biết không?","false"
"Không thể vào tài khoản của mình trên nền tảng xem phim, có ai biết lý do không?","false"
"Đặt hàng qua app mà không nhận được xác nhận, ai biết lý do không?","false"
"Không nhận được mã OTP khi đăng nhập vào tài khoản ngân hàng, sao lại thế?","false"
"Khi nào tôi mới có thể sử dụng lại tài khoản đã bị khóa trên dịch vụ giao hàng?","false"
"Không thể xem được video trên nền tảng xem phim, ai biết cách khắc phục không?","false"
"Đã gửi yêu cầu nhưng vẫn chưa nhận được phản hồi về tài khoản bị khóa","false"
"Mình không nhận được thông báo khi đã đặt món ăn qua app, ai biết lý do không?","false"
"Làm ơn cho tôi biết tại sao tài khoản ngân hàng của tôi không hoạt động được","false"
"Không thể vào tài khoản trên app thương mại điện tử, ai giúp với không?","false"
"Chờ mã xác thực từ app giao hàng mà mãi chưa nhận được gì cả","false"
"Không nhận được thông báo về giao dịch trên dịch vụ ví điện tử, có ai biết giúp không?","false"
"Chờ mã OTP gửi về số điện thoại mà mãi không thấy, ai biết cách nào không?","false"
"Tại sao không thể xem được kênh truyền hình cáp yêu thích của tôi?","false"
"Nhờ bạn hỗ trợ khôi phục tài khoản game đã bị khóa, có ai biết không?","false"
"Đặt món ăn mà không nhận được xác nhận từ dịch vụ, ai có biết không?","false"
"Không nhận được mã xác minh khi cố gắng đăng nhập vào ứng dụng ngân hàng","false"
"Không thể truy cập vào tài khoản của tôi trên nền tảng xem phim, sao lại như vậy?","false"
"Chờ mã xác thực mà chưa thấy gì, có ai biết vì sao không?","false"
"Không vào được tài khoản ví điện tử của mình, có cách nào không?","false"
"Không nhận được thông báo khi có giao dịch từ ứng dụng thương mại điện tử","false"
"Tại sao không thấy mã OTP trong tin nhắn gửi về số điện thoại?","false"
"Chờ mã xác minh nhưng mãi không thấy gửi về, có ai biết giúp không?","false"
"Tôi không thể khôi phục tài khoản ngân hàng của mình, ai biết cách nào không?","false"
"Không xem được chương trình yêu thích trên truyền hình, có ai biết lý do không?","false"
"Đặt đồ ăn qua app mà không nhận được xác nhận, có ai biết không?","false"
"Không nhận được mã xác thực từ dịch vụ ngân hàng, có ai biết giúp không?","false"
"Tại sao không thể vào tài khoản của mình trên nền tảng thương mại điện tử?","false"
"Chờ mã OTP mà mãi không thấy gửi về số điện thoại, có ai biết không?","false"
"Không hiểu sao tài khoản game của tôi lại bị khóa, có ai biết không?","false"
"Có ai biết cách khôi phục tài khoản bị khóa trên ứng dụng ví điện tử không?","false"
"Chờ xác nhận đơn hàng từ app mua sắm mà chưa thấy gì, ai giúp không?","false"
"Không nhận được thông báo khi có giao dịch từ app giao hàng, ai biết không?","false"
"Tại sao không thể xem được kênh truyền hình cáp mà tôi đã đăng ký?","false"
"Chờ mã xác minh mà mãi không thấy gửi về số điện thoại, ai biết lý do không?","false"
"Tôi không thể vào được tài khoản ví điện tử của mình, có ai giúp không?","false"
"Nhờ bạn hỗ trợ khôi phục tài khoản đã bị khóa trên nền tảng thương mại điện tử","false"
"Chờ mã OTP từ dịch vụ ngân hàng mà mãi không thấy gửi về, ai biết không?","false"
"Không nhận được xác nhận khi tài khoản đã thanh toán qua app mua sắm","false"
"Không thể vào tài khoản trên app xem phim của mình, ai biết lý do không?","false"
"Chờ mã xác thực từ dịch vụ giao hàng mà không thấy gì, ai biết giúp không?","false"
"Tôi không nhận được mã OTP khi cố gắng đăng nhập vào tài khoản ngân hàng","false"
"Tại sao không thấy thông báo về giao dịch trên ứng dụng ví điện tử?","false"
"Chờ lâu quá mà vẫn không thấy mã xác thực gửi về số điện thoại, có ai biết không?","false"
"Không hiểu sao tài khoản thương mại điện tử của tôi lại không hoạt động được","false"
"Đặt món ăn qua app nhưng không nhận được xác nhận, có cách nào không?","false"
"Không nhận được mã OTP để xác minh tài khoản ngân hàng","false"
"Sao không vào được ứng dụng ví điện tử của mình nhỉ?","false"
"Tôi đã thanh toán hóa đơn truyền hình cáp rồi nhưng chưa thấy được xem kênh nào","false"
"Làm ơn giúp tôi với, sao đăng nhập app gọi xe lại báo lỗi?","false"
"Có ai biết cách lấy lại tài khoản game bị khóa không?","false"
"Chả nhẽ tài khoản thương mại điện tử của tôi bị khóa vì không nhận được mã xác thực?","false"
"Tôi muốn xem lại hóa đơn tháng trước của dịch vụ truyền hình internet này","false"
"App xem phim yêu cầu nhập số điện thoại nhưng tôi không nhận được mã xác thực","false"
"Lỗi khi chuyển tiền qua ví điện tử và không thấy thông báo gì?","false"
"Tại sao số điện thoại của tôi không nhận được thông tin gì từ app đặt đồ ăn?","false"
"Có ai gặp lỗi khi sử dụng ứng dụng ngân hàng không?","false"
"Không vào được tài khoản trên nền tảng thương mại điện tử vì mất mã OTP","false"
"Sao không thể đăng nhập vào tài khoản của mình trên app thanh toán?","false"
"Nhà mình vừa lắp truyền hình cáp mà chưa thấy thông báo gì về gói kênh cả","false"
"Tôi đã thử nạp tiền vào ví điện tử nhưng không thành công","false"
"Ứng dụng gọi xe gửi mã xác thực nhưng tôi không nhận được","false"
"Phí dịch vụ truyền hình cáp tháng này có bị tăng không?","false"
"Làm ơn cho tôi hỏi làm sao để khôi phục tài khoản game bị mất mật khẩu?","false"
"Vì sao không xem được phim đã thuê trên ứng dụng xem phim?","false"
"Mình đã đăng ký gói kênh truyền hình nhưng chưa thấy được xem","false"
"Không nhận được thông báo từ số điện thoại khi sử dụng app thanh toán","false"
"Sao tôi không thể chuyển tiền từ ví điện tử sang tài khoản ngân hàng?","false"
"Giúp tôi với, sao không nhận được mã OTP khi đăng nhập app ngân hàng?","false"
"Có ai biết lý do tại sao không thanh toán thành công trên thương mại điện tử?","false"
"Tôi đã thanh toán nhưng không thấy hóa đơn của dịch vụ truyền hình nữa","false"
"Lỗi khi nhập số điện thoại vào app đặt đồ ăn, không nhận mã xác thực","false"
"Sao không thể xem kênh đã đăng ký trên truyền hình cáp nhỉ?","false"
"Đã thử nhiều lần nhưng vẫn không đăng nhập được vào tài khoản game","false"
"Chả nhẽ phí dịch vụ của ví điện tử này lại tăng một cách vô lý?","false"
"Làm thế nào để lấy lại tài khoản bị khóa của mình trên nền tảng thương mại điện tử?","false"
"Không thấy thông báo gì từ số điện thoại liên kết với app gọi xe","false"
"Sao không nhận được mã xác thực từ ngân hàng để xác minh thông tin?","false"
"Có ai biết cách để khắc phục lỗi không vào được ứng dụng xem phim không?","false"
"Tôi đã thực hiện chuyển tiền nhưng không nhận được thông báo gì từ ví điện tử","false"
"Không vào được tài khoản ngân hàng, mã OTP không gửi về số điện thoại","false"
"Sao tôi không thấy thông báo từ dịch vụ truyền hình cáp khi đã đăng ký?","false"
"Chuyện gì đang xảy ra với app thanh toán, không đăng nhập được?","false"
"Tôi đã chờ mã xác thực để xác minh tài khoản ngân hàng mà không thấy gì","false"
"Không hiểu sao lại không nhận được thông báo từ dịch vụ đặt đồ ăn","false"
"Có vẻ như gói kênh truyền hình của tôi bị khóa, làm sao để mở lại?","false"
"Sao không thể nhận mã OTP từ vai trò của app ngân hàng nhỉ?","false"
"Đã thử đăng nhập vào tài khoản game nhưng vẫn báo lỗi","false"
"Tại sao lúc thanh toán trên thương mại điện tử lại không thành công?","false"
"Không thấy thông tin gì từ ứng dụng thanh toán về giao dịch của tôi","false"
"Có ai biết cách khôi phục tài khoản ví điện tử bị khóa không?","false"
"Sao không thể xem phim đã thuê trên ứng dụng này?","false"
"Tôi đã thử chuyển tiền qua ví nhưng chưa thấy phản hồi gì từ ngân hàng","false"
"Chả nhẽ ứng dụng gọi xe lại bị lỗi không nhận được mã xác thực?","false"
"Tôi đã thanh toán hóa đơn truyền hình cáp mà không thấy thông báo gì","false"
"Bị trừ tiền nhưng không thấy giao dịch trên ứng dụng thanh toán","false"
"Sao tôi không nhận được mã OTP khi đăng nhập vào tài khoản ngân hàng?","false"
"Không thể xác minh tài khoản game vì không nhận được mã xác thực","false"
"Có ai gặp lỗi khi thanh toán trên nền tảng thương mại điện tử không?","false"
"Nhà mình chưa xem được kênh nào từ dịch vụ truyền hình cáp này cả","false"
"Làm ơn giúp tôi với, không vào được tài khoản trên ví điện tử","false"
"Tại sao không thấy mã xác thực trên số điện thoại dùng cho app đặt đồ ăn?","false"
"Sao không nhận được thông tin từ dịch vụ truyền hình cáp sau khi đăng ký?","false"
"Không biết cách lấy lại tài khoản ngân hàng bị khóa, ai giúp với?","false"
"Có ai gặp vấn đề khi sử dụng ứng dụng ngân hàng không?","false"
"Tôi đã thử nhiều cách nhưng vẫn không thể vào được tài khoản game","false"
"Giúp tôi với, sao không nhận được mã xác thực từ app thanh toán?","false"
"Không vào được ứng dụng gọi xe, có ai biết cách khắc phục không?","false"
"Tôi đã thử gửi tiền qua ví điện tử mà vẫn không thấy phản hồi","false"
"Làm sao tôi có thể khôi phục tài khoản bị khóa trên nền tảng thương mại điện tử?","false"
"Không nhận được mã OTP để xác minh tài khoản ví điện tử","false"
"Sao không xem được kênh đã đăng ký trên truyền hình cáp nhỉ?","false"
"Chả nhẽ phí sử dụng của dịch vụ thanh toán này lại không minh bạch?","false"
"Không nhận được thông báo từ số điện thoại sử dụng cho app gọi xe","false"
"Đã thanh toán nhưng không thấy thông tin gì từ dịch vụ truyền hình cáp","false"
"Sao không thể đăng nhập tài khoản trên ứng dụng xem phim được?","false"
"Chuyện gì đang xảy ra với ứng dụng thanh toán của tôi, không nhận được thông báo?","false"
"Tôi đã thử khôi phục tài khoản game nhưng không thấy phản hồi gì","false"
"Không hiểu sao lại không nhận được mã xác thực từ ứng dụng ngân hàng?","false"
"Có ai biết sao lại không thanh toán thành công trên thương mại điện tử không?","false"
"Sao không thể xem những kênh đã đăng ký trên truyền hình cáp nhỉ?","false"
"Tại sao không nhận được mã OTP từ số điện thoại liên kết với ví điện tử?","false"
"Chả nhẽ tài khoản ngân hàng của tôi bị khóa vì không nhận được mã xác thực?","false"
"Có ai gặp trường hợp không vào được ứng dụng gọi xe không?","false"
"Sao không thấy thông báo giao dịch từ dịch vụ thanh toán?","false"
"Tôi đã thử nhiều cách nhưng vẫn không vào được tài khoản game","false"
"Không nhận được mã OTP khi đăng nhập vào ứng dụng ngân hàng, sao vậy?","false"
"Sao không thể xem phim đã thuê qua ứng dụng xem phim này?","false"
"Đã thử kích hoạt ví điện tử nhưng không nhận được thông báo gì","false"
"Có ai biết cách để khôi phục tài khoản đã khóa trên nền tảng thương mại điện tử không?","false"
"Không thấy thông báo từ số điện thoại dùng cho app đặt đồ ăn sau khi đăng ký","false"
"Chả nhẽ phí dịch vụ của truyền hình cáp lại tăng mà không thông báo?","false"
"Làm ơn giúp tôi khắc phục tình trạng không nhận được mã xác thực từ ngân hàng","false"
"Sao không nhận được mã OTP khi vào tài khoản ví điện tử?","false"
"Tôi đã thử đăng nhập vào ứng dụng gọi xe nhưng vẫn không thành công","false"
"Chuyện gì đang xảy ra với ứng dụng thanh toán mà tôi không nhận được thông báo?","false"
"Không thể xem được kênh đã đăng ký trên truyền hình cáp nhỉ?","false"
"Sao vẫn không nhận được thông báo từ số điện thoại khi sử dụng app ngân hàng?","false"
"Có ai gặp lỗi khi thử khôi phục tài khoản game không?","false"
"Không vào được tài khoản ngân hàng, mã OTP không gửi về số điện thoại của tôi","false"
"Sao không thấy hóa đơn từ dịch vụ truyền hình cáp tháng này nhỉ?","false"
"Làm ơn giúp tôi với, không nhận được mã OTP để xác minh app thanh toán","false"
"Tại sao không thể thanh toán giao dịch trên nền tảng thương mại điện tử?","false"
"Có ai biết cách để giải quyết vấn đề không vào được ứng dụng xem phim không?","false"
"Sao không thấy thông tin gì từ dịch vụ đặt đồ ăn trên số điện thoại?","false"
"Tôi đã thử nhiều cách nhưng vẫn không thể vào tài khoản ngân hàng","false"
"Không nhận được mã xác thực từ ứng dụng ngân hàng, ai có cách nào không?","false"
"Sao không vào được ứng dụng ví điện tử của mình nhỉ?","false"
"Chả nhẽ không thể xác minh tài khoản game vì không nhận được mã xác thực?","false"
"Tôi đã thanh toán hóa đơn truyền hình cáp nhưng chưa thấy được xem kênh nào","false"
"Bị trừ tiền nhưng không thấy giao dịch trên ứng dụng thanh toán của tôi","false"
"Chuyện gì đang xảy ra với ứng dụng gọi xe mà không nhận được mã xác thực?","false"
"Sao không nhận được mã OTP khi đăng nhập vào tài khoản ngân hàng?","false"
"Có ai gặp vấn đề khi thanh toán trên nền tảng thương mại điện tử không?","false"
"Không vào được tài khoản game, mã xác thực không gửi về số điện thoại","false"
"Nhà mình chưa xem được kênh nào từ dịch vụ truyền hình cáp này cả","false"
"Có ai biết sao lại không thanh toán thành công trên thương mại điện tử không?","false"
"Sao không thể xem phim đã thuê trên ứng dụng này?","false"
"Đã thử gửi tiền qua ví điện tử mà vẫn không thấy phản hồi","false"
"Làm sao tôi có thể khôi phục tài khoản bị khóa trên nền tảng thương mại điện tử?","false"
"Không nhận được mã OTP để xác minh tài khoản ví điện tử","false"
"Sao không xem được kênh đã đăng ký trên truyền hình cáp nhỉ?","false"
"Tôi đã thử đăng nhập vào tài khoản game nhưng vẫn báo lỗi","false"
"Phí dịch vụ truyền hình cáp tháng này có bị tăng không?","false"
"Làm ơn cho tôi hỏi làm sao để khôi phục tài khoản game bị mất mật khẩu?","false"
"Sao không nhận được mã xác thực từ số điện thoại khi sử dụng app ngân hàng?","false"
"Chả nhẽ phí dịch vụ của ví điện tử này lại tăng một cách vô lý?","false"
"Sao tôi không thấy thông báo từ dịch vụ truyền hình cáp khi đã đăng ký?","false"
"Em không nhận được mã OTP khi đăng nhập ứng dụng ngân hàng","false"
"Tại sao tài khoản ví điện tử của tôi lại bị khóa?","false"
"Chị không xem được kênh mà đã đăng ký trên truyền hình cáp","false"
"Anh ơi, sao không nhận được xác minh số điện thoại cho app gọi xe?","false"
"Tôi bị trừ tiền nhưng không biết lý do từ đâu, có thể kiểm tra không?","false"
"Làm ơn hỗ trợ tôi khôi phục tài khoản game, bị khóa rồi!","false"
"Mình không nhận được thông báo khi có giao dịch qua ví điện tử.","false"
"Em muốn biết tại sao hóa đơn tháng này của truyền hình cáp lại cao như vậy?","false"
"Tại sao không đăng nhập được vào tài khoản xem phim?","false"
"Không hiểu sao không đăng nhập được vào app thanh toán, có ai biết không?","false"
"Mình thấy có trừ tiền từ tài khoản ngân hàng mà không rõ nguyên nhân.","false"
"Em không nhận được mã xác thực cho app thương mại điện tử.","false"
"Chị đang gặp lỗi khi thực hiện giao dịch trên app ngân hàng.","false"
"Tại sao tôi không xem được phim đã thuê trên nền tảng xem phim?","false"
"Anh ơi, đợt trước nạp tiền cho app gọi xe mà giờ không thấy tiền đâu?","false"
"Làm ơn cho tôi biết sao không nhận được thông báo từ ứng dụng mạng xã hội?","false"
"Mình có số điện thoại nhưng không nhận được mã xác minh cho ví điện tử.","false"
"Tại sao không thể thêm tài khoản ngân hàng vào ví điện tử của tôi?","false"
"Có ai biết tại sao hóa đơn app truyền hình lại không giống như tháng trước không?","false"
"Tôi không thể đăng nhập vào ứng dụng đặt đồ ăn, có ai giúp được không?","false"
"Chị không nhận được thông báo chi tiêu qua ví điện tử, làm ơn kiểm tra.","false"
"Tôi bị khóa tài khoản thương mại điện tử, có ai biết cách mở không?","false"
"Mình muốn hỏi về hóa đơn tháng này của truyền hình, sao lại tính phí cao vậy?","false"
"Tại sao tôi không nhận được OTP khi tạo tài khoản mới trên ngân hàng?","false"
"Em thấy không có thông báo gì khi đặt hàng trên app thương mại điện tử.","false"
"Có ai biết cách phục hồi tài khoản xem phim bị khóa không?","false"
"Chị không vào được app thanh toán hôm nay, có ai gặp tình trạng giống không?","false"
"Mình không nhận được mã xác thực cho ví hôm nay.","false"
"Tại sao hóa đơn của truyền hình cáp của tôi lại không khớp với hợp đồng?","false"
"Bị trừ tiền khi không đặt hàng trên app đặt đồ ăn, ai biết lý do không?","false"
"Em đang gặp lỗi khi đăng nhập vào ứng dụng gọi xe, có ai hỗ trợ được không?","false"
"Tại sao không nhận được thông báo về giao dịch trên ví điện tử?","false"
"Tôi không thể xem được kênh yêu thích trên truyền hình cáp, có ai biết không?","false"
"Chị không nhận được mã OTP khi đăng nhập vào app ngân hàng của mình.","false"
"Tại sao tài khoản game của tôi lại bị khóa khi không vi phạm quy định nào?","false"
"Em không thấy thông báo về khoản tiền chuyển đến ví điện tử, ai biết không?","false"
"Có ai biết tại sao không nhận được mã xác thực cho app thương mại điện tử không?","false"
"Tôi không thể xác minh số điện thoại khi đăng nhập vào ứng dụng gọi xe.","false"
"Chị ơi, sao mà không vào được tài khoản ngân hàng của mình vậy?","false"
"Mình không xem được một số kênh trên truyền hình cáp, có ai gặp phải không?","false"
"Tại sao không nhận được thông báo từ app gọi xe khi có chuyến đi?","false"
"Tôi không thể đăng nhập vào ví điện tử, có ai biết cách khắc phục không?","false"
"Em không hiểu sao phải thanh toán thêm tiền khi thuê phim trên app?","false"
"Tại sao không nhận được mã OTP khi thực hiện giao dịch trên ví điện tử?","false"
"Có ai biết tại sao tài khoản thương mại điện tử của tôi lại bị khóa không?","false"
"Chị không nhận được thông báo từ app truyền hình khi có chương trình mới.","false"
"Tôi đã nạp tiền vào ví nhưng không thấy tiền đâu, có ai gặp tình trạng này không?","false"
"Em không thể vào app thanh toán để xem lịch sử giao dịch của mình.","false"
"Tại sao không xem được kênh yêu thích trên truyền hình cáp hôm nay?","false"
"Chị đang gặp lỗi không nhận được mã xác thực từ app ngân hàng.","false"
"Tôi không thể đăng nhập vào tài khoản xem phim, có ai có cách nào không?","false"
"Mình không nhận được thông báo giao dịch qua ví điện tử khi mua hàng.","false"
"Có ai biết tại sao không vào được app gọi xe hôm nay không?","false"
"Tại sao hóa đơn tháng này của tôi lại cao hơn bình thường từ app truyền hình?","false"
"Chị ơi, không nhận được mã OTP khi đăng ký tài khoản ngân hàng, giúp mình với!","false"
"Có ai biết tại sao tài khoản của tôi trên ví điện tử lại bị khóa không?","false"
"Em không thấy ghi chú chi tiêu trên app ngân hàng của mình, có ai biết không?","false"
"Tôi không nhận được xác nhận từ app thương mại điện tử khi mua hàng.","false"
"Mình không thể xem được bộ phim đã đặt trên nền tảng xem phim hôm nay.","false"
"Tại sao không nhận được thông báo từ app gọi xe khi có chuyến đi?","false"
"Chị ơi, sao mà không vào được tài khoản ngân hàng của mình vậy?","false"
"Bị trừ tiền nhưng không rõ lý do từ tài khoản ngân hàng, có ai biết không?","false"
"Tại sao không nhận được mã OTP khi thực hiện giao dịch trên ví điện tử?","false"
"Tôi không thể xác minh số điện thoại khi đăng nhập vào ứng dụng gọi xe.","false"
"Chị không nhận được thông báo từ app truyền hình khi có chương trình mới.","false"
"Mình thấy không có trừ tiền từ tài khoản ngân hàng khi thanh toán trên app.","false"
"Tại sao không nhận được mã xác thực cho app thương mại điện tử hôm nay?","false"
"Có ai biết tại sao tài khoản của tôi trên ví điện tử lại bị khóa không?","false"
"Em không thấy thông báo chi tiêu trên app ngân hàng của mình, có ai biết không?","false"
"Tại sao không xem được kênh yêu thích trên truyền hình cáp hôm nay?","false"
"Chị đang gặp lỗi không nhận được mã xác thực từ app ngân hàng.","false"
"Tôi không thể đăng nhập vào tài khoản xem phim, có ai có cách nào không?","false"
"Mình không nhận được thông báo giao dịch qua ví điện tử khi mua hàng.","false"
"Có ai biết tại sao không vào được app gọi xe hôm nay không?","false"
"Tại sao hóa đơn tháng này của tôi lại cao hơn bình thường từ app truyền hình?","false"
"Chị ơi, không nhận được mã OTP khi đăng ký tài khoản ngân hàng, giúp mình với!","false"
"Có ai biết tại sao tài khoản của tôi trên ví điện tử lại bị khóa không?","false"
"Em không thấy ghi chú chi tiêu trên app ngân hàng của mình, có ai biết không?","false"
"Tôi không nhận được xác nhận từ app thương mại điện tử khi mua hàng.","false"
"Mình không thể xem được bộ phim đã đặt trên nền tảng xem phim hôm nay.","false"
"Chị không nhận được thông báo từ app gọi xe khi có chuyến đi.","false"
"Tại sao không nhận được mã xác thực cho app thương mại điện tử hôm nay?","false"
"Tôi không hiểu sao tài khoản game của mình lại bị khóa rồi, có ai biết không?","false"
"Em không nhận được thông báo khi có giao dịch qua ví điện tử.","false"
"Có ai biết tại sao hóa đơn tháng này của tôi lại cao hơn bình thường không?","false"
"Chị không xem được một số kênh trên truyền hình cáp, làm ơn kiểm tra giúp!","false"
"Tôi không thể đăng nhập vào ứng dụng đặt đồ ăn, có ai biết nguyên nhân không?","false"
"Em muốn hỏi sao lại không nhận được mã xác thực cho app ngân hàng?","false"
"Tại sao tài khoản game của mình bị khóa mà không có lý do?","false"
"Bị trừ tiền khi không đặt hàng trên app đặt đồ ăn, có giải thích không?","false"
"Tôi không nhận được mã OTP khi thực hiện giao dịch qua ví điện tử.","false"
"Mình không vào được app thanh toán hôm nay, có ai gặp tình trạng giống không?","false"
"Tại sao không nhận được thông báo từ ứng dụng mạng xã hội khi có tin nhắn mới?","false"
"Có ai biết tại sao không vào được tài khoản ngân hàng hôm nay không?","false"
"Tại sao hóa đơn truyền hình cáp lại không khớp với hợp đồng lần này?","false"
"Chị ơi, không nhận được mã OTP khi đăng nhập vào app ví điện tử, giúp tôi với!","false"
"Tại sao không nhận được thông báo khi có giao dịch qua ví điện tử?","false"
"Bị khóa tài khoản trên ứng dụng gọi xe, có ai biết cách khôi phục không?","false"
"Mình không xem được một số kênh trên truyền hình cáp, ai có thông tin gì không?","false"
"Tại sao không vào được tài khoản game của mình, có ai có cách nào khắc phục không?","false"
"Tôi không nhận được thông báo chi tiêu qua ví điện tử, làm ơn kiểm tra giúp!","false"
"Chị ơi, sao mà không vào được tài khoản ngân hàng của mình vậy?","false"
"Không hiểu sao không nhận được mã xác thực cho app thương mại điện tử.","false"
"Chị không thể xem được phim mình đã thuê trên nền tảng xem phim, có ai biết không?","false"
"Bị trừ tiền nhưng không thấy giao dịch qua ví điện tử, có ai gặp tình trạng này không?","false"
"Em không nhận được mã OTP khi thực hiện giao dịch trên ví điện tử.","false"
"Tại sao không nhận được thông báo từ app gọi xe khi có chuyến đi?","false"
"Tôi không thể đăng nhập vào tài khoản xem phim, có ai có cách nào không?","false"
"Mình không nhận được xác nhận giao dịch từ app thương mại điện tử khi mua hàng.","false"
"Tại sao tài khoản game của tôi bị khóa mà không có lý do gì cả?","false"
"Có ai biết tại sao không vào được app thanh toán hôm nay không?","false"
"Tại sao hóa đơn truyền hình cáp của tôi lại cao hơn bình thường từ app hôm nay?","false"
"Chị không nhận được thông báo từ app ngân hàng khi có giao dịch mới.","false"
"Tại sao không xem được kênh yêu thích trên truyền hình cáp hôm nay?","false"
"Chị ơi, không nhận được mã OTP khi đăng ký tài khoản ngân hàng, giúp mình với!","false"
"Có ai biết tại sao tài khoản của tôi trên ví điện tử lại bị khóa không?","false"
"Em không thấy ghi chú chi tiêu trên app ngân hàng của mình, có ai biết không?","false"
"Tôi không nhận được xác nhận từ app thương mại điện tử khi mua hàng.","false"
"Mình không thể xem được bộ phim đã đặt trên nền tảng xem phim hôm nay.","false"
"Tại sao không nhận được mã xác thực cho app gọi xe hôm nay?","false"
"Có ai biết tại sao không vào được tài khoản ngân hàng hôm nay không?","false"
"Tại sao hóa đơn tháng này của tôi lại cao hơn bình thường từ app truyền hình?","false"
"Chị ơi, không nhận được mã OTP khi đăng ký tài khoản ngân hàng, giúp mình với!","false"
"Có ai biết tại sao tài khoản của tôi trên ví điện tử lại bị khóa không?","false"
"Em không thấy ghi chú chi tiêu trên app ngân hàng của mình, có ai biết không?","false"
"Tôi không nhận được xác nhận từ app thương mại điện tử khi mua hàng.","false"
"Mình không thể xem được bộ phim đã đặt trên nền tảng xem phim hôm nay.","false"
"Em không nhận được xác minh số điện thoại khi đăng nhập vào ví điện tử.","false"
"Tại sao không nhận được thông báo giao dịch qua ví điện tử khi mua hàng?","false"
"Có ai biết cách phục hồi tài khoản game bị khóa không?","false"
"Tại sao không xem được kênh yêu thích trên truyền hình cáp hôm nay?","false"
"Chị ơi, không nhận được mã OTP khi đăng ký tài khoản ngân hàng, giúp tôi với!","false"
"Có ai biết tại sao tài khoản của tôi trên ví điện tử lại bị khóa không?","false"
"Em không thấy ghi chú chi tiêu trên app ngân hàng của mình, có ai biết không?","false"
"Tôi không nhận được xác nhận từ app thương mại điện tử khi mua hàng.","false"
"Mình không thể xem được bộ phim đã đặt trên nền tảng xem phim hôm nay.","false"
"Chị không nhận được thông báo từ app gọi xe khi có chuyến đi.","false"
"Tại sao không nhận được mã xác thực cho app thương mại điện tử hôm nay?","false"
"Tôi không hiểu sao tài khoản game của mình lại bị khóa rồi, có ai biết không?","false"
"Em không nhận được thông báo khi có giao dịch qua ví điện tử.","false"
"Có ai biết tại sao hóa đơn tháng này của tôi lại cao hơn bình thường không?","false"
"Chị không xem được một số kênh trên truyền hình cáp, làm ơn kiểm tra giúp!","false"
"Tôi không thể đăng nhập vào ứng dụng đặt đồ ăn, có ai biết nguyên nhân không?","false"
"Em muốn hỏi sao lại không nhận được mã xác thực cho app ngân hàng?","false"
"Tại sao tài khoản game của mình bị khóa mà không vi phạm quy định nào?","false"
"Bị trừ tiền khi không đặt hàng trên app đặt đồ ăn, có giải thích không?","false"
"Tôi không nhận được mã OTP khi thực hiện giao dịch qua ví điện tử.","false"
"Mình không vào được app thanh toán hôm nay, có ai gặp tình trạng giống không?","false"
"Tại sao không nhận được thông báo từ ứng dụng mạng xã hội khi có tin nhắn mới?","false"
"Có ai biết tại sao không vào được tài khoản ngân hàng hôm nay không?","false"
"Tại sao hóa đơn truyền hình cáp lại không khớp với hợp đồng lần này?","false"
"Chị ơi, không nhận được mã OTP khi đăng nhập vào app ví điện tử, giúp tôi với!","false"
"Tại sao không nhận được thông báo khi có giao dịch qua ví điện tử?","false"
"Bị khóa tài khoản trên ứng dụng gọi xe, có ai biết cách khôi phục không?","false"
"Mình không xem được một số kênh trên truyền hình cáp, ai có thông tin gì không?","false"
"Tại sao không vào được tài khoản game của mình, có ai có cách nào khắc phục không?","false"
"Tôi không nhận được thông báo chi tiêu qua ví điện tử, làm ơn kiểm tra giúp!","false"
"Chào bạn, mình không nhận được mã OTP cho app ngân hàng, có ai gặp tình trạng này không?","false"
"Tôi bị khóa tài khoản ví điện tử, nhờ bạn hỗ trợ xem sao nhé.","false"
"Làm ơn cho mình hỏi, sao không xem được kênh truyền hình cáp mà mình đã đăng ký?","false"
"App giao hàng không gửi xác nhận đến số điện thoại của tôi, có cách nào khắc phục không?","false"
"Tôi đã thanh toán tiền nhưng không thấy tiền vào tài khoản game, có bạn nào biết lý do không?","false"
"Không nhận được thông báo hủy đơn hàng từ ứng dụng thương mại điện tử, có ai đã gặp như vậy chưa?","false"
"Tháng này thấy hóa đơn truyền hình cáp cao quá, có phải do gói kênh không?","false"
"Vừa rồi mình nạp tiền vào ví nhưng không thấy cập nhật, bạn nào bị như mình không?","false"
"Chào, mình không thể đăng nhập vào tài khoản xem phim, có cần mã xác thực không?","false"
"Làm ơn cho hỏi, sao mình không nhận được thông báo từ app gọi xe vậy?","false"
"Tôi đã xác minh số điện thoại cho app ngân hàng nhưng vẫn không vào được, ai biết giúp tôi với?","false"
"Không thể xem được video trên app, có ai biết lỗi này do đâu không?","false"
"Giúp mình với, sao tài khoản mua sắm của mình bị khóa mà không nhận được thông báo?","false"
"Tôi đang chờ mã OTP cho app thanh toán mà mãi không thấy đâu, ai có cách nào không?","false"
"Đã thanh toán nhưng sao không thấy cập nhật vào tài khoản của mình trên app gọi xe?","false"
"Quá thất vọng, sao không xem được kênh truyền hình mà tôi đã trả phí tháng trước?","false"
"Lỗi không vào được tài khoản ví, có ai từng gặp không?","false"
"Bạn nào có kinh nghiệm, mình bị trừ tiền từ ví điện tử mà không biết nguyên nhân từ đâu?","false"
"Sao hóa đơn tháng này lại có thêm phí từ app giao hàng, mình không đặt hàng?","false"
"Nghe nói app xem phim này cần xác minh số điện thoại, có ai gặp lỗi không nhận được OTP không?","false"
"Tôi không thể sử dụng tài khoản game của mình, mã xác thực gửi chậm quá, bạn nào biết không?","false"
"Không nhận được thông báo từ app thanh toán, ai biết cách kiểm tra không?","false"
"Bạn nào biết làm thế nào để lấy lại tài khoản truyền hình cáp bị khóa không?","false"
"Giúp mình với, sao mã OTP cho ngân hàng không gửi về số điện thoại của mình?","false"
"Tôi thấy hóa đơn ngân hàng tháng này cao hơn bình thường, có ai biết lý do không?","false"
"App giao hàng yêu cầu xác minh số điện thoại nhưng không gửi mã, ai gặp như vậy chưa?","false"
"Tháng trước mình đã thanh toán phí truyền hình cáp nhưng sao giờ không xem được?","false"
"Bạn nào biết tại sao mình không nhận được tin nhắn từ app mua sắm không?","false"
"Nghe nói phải xác minh số điện thoại cho tài khoản chơi game, nhưng mình không nhận được mã?","false"
"Sao tôi thấy tài khoản ví điện tử của mình bị trừ tiền mà không biết tại sao?","false"
"Làm ơn cho hỏi, có ai bị khóa tài khoản gọi xe không?","false"
"Không nhận được thông báo xác minh tài khoản ngân hàng, có cách nào khác không?","false"
"Hóa đơn tháng này có chi phí bất thường từ app xem phim, có ai biết không?","false"
"Bạn nào biết sao mình không nhận được mã xác thực cho tài khoản thương mại điện tử không?","false"
"Lỗi không vào được tài khoản ví, ai có cách nào lấy lại không?","false"
"Giúp mình với, sao không gửi được mã OTP cho tài khoản của tôi?","false"
"Tôi đã thanh toán cho app giao hàng nhưng không thấy cập nhật, ai biết lý do không?","false"
"Làm ơn cho hỏi, sao mình không nhận được báo cáo từ app ngân hàng vậy?","false"
"Tôi không thể xem được kênh truyền hình cáp mà đã đăng ký, ai biết cách xử lý không?","false"
"Sao tài khoản game của tôi bị khóa mà không có thông báo nào?","false"
"Chào, có ai biết làm sao để lấy lại mật khẩu tài khoản ví điện tử không?","false"
"Quá bực mình, không nhận được mã xác thực cho app mua sắm, ai giúp với?","false"
"Bạn nào biết cách nào để kiểm tra hóa đơn truyền hình cáp không?","false"
"Sao tài khoản ngân hàng của tôi không nhận được thông báo giao dịch nào?","false"
"Hóa đơn tháng này sao lại có khoản phí từ app giao hàng, tôi không đặt hàng?","false"
"Không thể đăng nhập vào tài khoản xem phim, mã OTP gửi chậm quá, ai biết không?","false"
"Tôi đã xác minh số điện thoại cho app giao hàng nhưng vẫn chưa thấy gì cả, ai biết không?","false"
"Bạn nào gặp tình trạng không thể xác minh tài khoản ví điện tử không?","false"
"Sao tôi không nhận được bất kỳ thông báo nào từ app chơi game?","false"
"Giúp tôi với, sao không nhận được mã OTP cho app ngân hàng?","false"
"Tôi thấy hóa đơn tháng này từ app thương mại điện tử cao hơn bình thường, có ai biết không?","false"
"Không nhận được xác nhận từ app gọi xe, có cách nào kiểm tra không?","false"
"Làm ơn cho biết lý do sao tôi không nhận được thông báo từ tài khoản ngân hàng?","false"
"Chào bạn, sao tôi không thể truy cập vào tài khoản xem phim?","false"
"Có ai đã gặp lỗi không thể truy cập vào ví điện tử không?","false"
"Sao tài khoản của tôi bị khóa mà không nhận được thông báo từ app mua sắm?","false"
"Hóa đơn truyền hình cáp tháng này sao lại có thêm phí không rõ nguồn gốc?","false"
"Bạn nào biết sao không nhận được mã xác thực cho tài khoản game không?","false"
"Tôi không nhận được tin nhắn xác minh từ app ngân hàng, ai biết vì sao không?","false"
"Chào, mình không thể xem kênh truyền hình đã đăng ký, ai có cách xử lý không?","false"
"Làm ơn cho biết sao tài khoản ví điện tử của tôi không vào được?","false"
"Sao tôi không nhận được thông báo khi chuyển tiền qua app thanh toán?","false"
"Tôi đã xác minh số điện thoại cho app giao hàng nhưng không nhận được mã gì cả, ai biết không?","false"
"Hóa đơn tháng này từ app xem phim lại có khoản phí lạ, có ai biết không?","false"
"Giúp tôi với, sao không nhận được thông báo từ app ngân hàng?","false"
"Tôi bị khóa tài khoản thương mại điện tử mà không có lý do, có ai từng gặp không?","false"
"Chào, có cách nào để lấy lại mã OTP cho tài khoản ví điện tử không?","false"
"Tôi không nhận được mã xác thực cho app gọi xe, có ai gặp như vậy không?","false"
"Sao tài khoản truyền hình cáp của tôi bị khóa mà không có thông báo?","false"
"Bạn nào biết làm thế nào để kiểm tra hóa đơn từ app giao hàng không?","false"
"Tôi không nhận được thông báo từ tài khoản ngân hàng của mình, có ai biết tại sao không?","false"
"Giúp mình với, sao không nhận được mã OTP cho app thanh toán?","false"
"Tôi thấy hóa đơn tháng này từ app xem phim cao hơn bình thường, có ai biết không?","false"
"Làm ơn cho tôi hỏi, sao mà app gọi xe không gửi mã xác thực vậy?","false"
"Chào bạn, mình không thể đăng nhập vào tài khoản game, có cách nào không?","false"
"Sao tài khoản ví điện tử của tôi không nhận được thông báo khi chuyển tiền?","false"
"Tôi đã xác minh số điện thoại cho app ngân hàng nhưng vẫn không nhận được tin nhắn, ai biết không?","false"
"Giúp mình với, sao không nhận được mã xác thực cho tài khoản truyền hình cáp?","false"
"Tôi không thể xem được kênh truyền hình mình đã đăng ký, có ai có cách nào không?","false"
"Chào, sao tôi không nhận được thông báo từ app thương mại điện tử?","false"
"Làm ơn cho tôi hỏi, sao tài khoản ví điện tử của tôi lại bị khóa?","false"
"Bạn nào có kinh nghiệm, mình không nhận được mã xác thực cho app xem phim, ai biết không?","false"
"Sao không gửi được mã OTP cho tài khoản ngân hàng vậy?","false"
"Tôi đã thanh toán nhưng không thấy số tiền phản ánh vào tài khoản game, có nguyên nhân nào không?","false"
"Làm ơn cho biết lý do sao tôi không nhận được bất kỳ thông báo nào từ app giao hàng?","false"
"Chào bạn, sao tôi không thể sử dụng tài khoản xem phim của mình?","false"
"Không nhận được thông báo từ tài khoản ví điện tử, có ai biết làm sao không?","false"
"Sao tài khoản của tôi bị khóa mà không nhận được thông báo nào?","false"
"Làm ơn cho biết, sao mà tôi không nhận được mã xác minh từ app ngân hàng?","false"
"Giúp tôi với, sao không nhận được mã OTP cho tài khoản thương mại điện tử?","false"
"Tôi thấy hóa đơn tháng này từ app giao hàng có khoản phí không rõ nguồn gốc, có ai biết không?","false"
"Chào, có ai đã gặp lỗi không thể xác minh tài khoản ví điện tử không?","false"
"Làm ơn cho tôi hỏi, sao tài khoản game của tôi không nhận được thông báo gì cả?","false"
"Sao không nhận được thông báo từ app thanh toán khi mình chuyển tiền?","false"
"Giúp mình với, sao không nhận được mã xác thực cho tài khoản truyền hình cáp?","false"
"Tôi đã xác minh số điện thoại cho app xem phim nhưng vẫn không nhận được mã gì cả, ai biết không?","false"
"Sao tài khoản ví điện tử của tôi không vào được?","false"
"Làm ơn cho tôi biết, có ai gặp tình trạng không thể truy cập vào tài khoản ngân hàng không?","false"
"Chào, sao mà app giao hàng không gửi mã xác thực vậy?","false"
"Tôi không nhận được thông báo từ tài khoản mua sắm của mình, có ai biết tại sao không?","false"
"Giúp tôi với, sao không nhận được mã OTP cho tài khoản game?","false"
"Tôi thấy hóa đơn tháng này từ app xem phim cao hơn bình thường, có ai biết không?","false"
"Sao tài khoản của tôi bị khóa mà không có thông báo nào?","false"
"Chào bạn, sao tôi không nhận được mã xác thực cho app ngân hàng?","false"
"Làm ơn cho biết lý do sao tôi không nhận được thông báo từ app giao hàng?","false"
"Bạn nào biết lý do tài khoản ví điện tử của tôi không vào được không?","false"
"Sao tài khoản truyền hình cáp của tôi không nhận được thông báo khi chuyển tiền?","false"
"Tôi không nhận được mã xác thực cho tài khoản của mình, có ai biết lý do không?","false"
"Làm ơn cho biết sao mà tôi không nhận được mã OTP từ app ngân hàng?","false"
"Giúp mình với, sao không nhận được mã xác thực cho tài khoản thương mại điện tử?","false"
"Tôi không thể xem được kênh truyền hình đã đăng ký, có ai có cách nào không?","false"
"Chào, sao tôi không nhận được thông báo từ app xem phim?","false"
"Giúp tôi với, sao không nhận được mã OTP cho tài khoản ngân hàng?","false"
"Tôi đã thanh toán nhưng không thấy số tiền phản ánh vào tài khoản game, có nguyên nhân nào không?","false"
"Bạn nào có kinh nghiệm, mình không nhận được mã xác thực cho app giao hàng, ai biết không?","false"
"Sao không gửi được mã OTP cho tài khoản ngân hàng vậy?","false"
"Tôi đã xác minh số điện thoại cho app ngân hàng nhưng vẫn không nhận được tin nhắn, ai biết không?","false"
"Giúp tôi với, sao không nhận được mã xác thực cho tài khoản truyền hình cáp?","false"
"Tôi không thể xem được kênh truyền hình tôi đã đăng ký, có ai có cách nào không?","false"
"Chào, sao tôi không nhận được thông báo từ app thương mại điện tử?","false"
"Tôi thấy hóa đơn tháng này từ app giao hàng có khoản phí không rõ nguồn gốc, có ai biết không?","false"
"Giúp tôi với, sao không nhận được mã xác thực cho tài khoản game?","false"
"Chả hiểu sao không nhận được mã OTP từ ứng dụng ngân hàng","false"
"Bạn có biết tại sao tôi không xem được kênh truyền hình yêu thích không?","false"
"Tôi vừa bị trừ tiền trong ví điện tử mà không rõ lý do","false"
"Làm ơn cho tôi biết cách khôi phục tài khoản game của mình","false"
"Tại sao tôi không thể đăng nhập vào ứng dụng gọi xe bằng số điện thoại của mình?","false"
"Mình muốn hỏi về hóa đơn truyền hình cáp, sao mà cao thế?","false"
"Không nhận được mã xác thực cho app mua sắm, bạn giúp mình với!","false"
"Nhờ bạn giúp mình với tình trạng tài khoản ví điện tử bị khóa","false"
"Mình thấy bị trừ tiền trong tài khoản ngân hàng mà không biết lý do","false"
"Tại sao tôi không nhận được OTP khi đăng nhập vào dịch vụ đặt đồ ăn?","false"
"Cho tôi hỏi tại sao không xem được phim trên ứng dụng xem phim?","false"
"Tôi không thể đăng nhập vào tài khoản của mình trên nền tảng thương mại điện tử","false"
"Có cách nào để khôi phục tài khoản của tôi trong game không?","false"
"Không nhận được mã xác minh qua số điện thoại cho app thanh toán","false"
"Tôi muốn hỏi về gói kênh truyền hình nhưng không biết phải làm sao","false"
"Bị trừ tiền cho dịch vụ mà tôi không sử dụng, ai có thể giúp tôi?","false"
"Giúp tôi với, sao tôi không thể đăng nhập vào ứng dụng mạng xã hội?","false"
"Tại sao mình không thấy thông báo khi có tiền vào ví điện tử?","false"
"Tôi không biết làm thế nào để yêu cầu hỗ trợ cho tài khoản game bị khóa","false"
"Mình không nhận được mã OTP từ app đặt đồ ăn, bạn giúp mình nhé!","false"
"Có ai biết vì sao không xem được kênh trên truyền hình internet không?","false"
"Nhờ bạn hướng dẫn tôi cách lấy lại tài khoản ngân hàng bị khóa","false"
"Tôi không thể giao dịch qua ví điện tử, bạn có cách nào không?","false"
"Không hiểu sao không nhận được thông báo từ ứng dụng thanh toán","false"
"Mình đang gặp vấn đề với tài khoản xem phim, có ai giúp được không?","false"
"Bị trừ tiền khi không đặt hàng, ai biết lý do không?","false"
"Chả hiểu sao bị khóa tài khoản game, mình làm gì sai?","false"
"Tôi cần hỗ trợ vì không đăng nhập được vào ứng dụng gọi xe","false"
"Sao không nhận được mã xác minh cho app giao hàng nhỉ?","false"
"Giúp tôi với, mình không thể xem kênh truyền hình yêu thích","false"
"Có ai biết cách khôi phục mật khẩu cho tài khoản thanh toán không?","false"
"Tôi đang bị trừ tiền cho dịch vụ mà tôi không sử dụng, phải làm sao?","false"
"Không nhận được thông báo từ ứng dụng gọi xe cần hỗ trợ","false"
"Tại sao mình không thể đăng nhập vào tài khoản thương mại điện tử?","false"
"Chả hiểu sao không nhận được mã OTP cho ví điện tử","false"
"Giúp mình với, tài khoản truyền hình cáp của tôi bị khóa","false"
"Có ai biết lý do tại sao không nhận được mã xác thực từ app ngân hàng không?","false"
"Tôi đã bị trừ tiền từ tài khoản mà không biết lý do, giúp tôi với!","false"
"Bạn có thể cho tôi biết tại sao không xem được phim trên ứng dụng không?","false"
"Tôi không nhận được thông báo từ dịch vụ giao hàng, ad giúp mình nhé","false"
"Nhờ bạn giúp tôi với vấn đề đăng nhập vào ứng dụng mạng xã hội","false"
"Có lý do gì mà mình không nhận được mã xác thực cho app gọi xe không?","false"
"Giúp tôi với, không thể đăng nhập vào tài khoản game của mình!","false"
"Không hiểu sao mình không xem được kênh trên truyền hình cáp","false"
"Tôi không thể lấy lại mật khẩu cho ví điện tử, ai giúp được không?","false"
"Chả hiểu sao không nhận được OTP cho dịch vụ thanh toán của mình","false"
"Sao tôi không thể xem được chương trình yêu thích trên truyền hình internet?","false"
"Tôi thấy tài khoản ngân hàng bị khóa, có ai biết cách khôi phục không?","false"
"Nhờ bạn hướng dẫn mình khôi phục tài khoản game không vào được","false"
"Không nhận được mã xác minh cho app đặt đồ ăn, có ai biết không?","false"
"Tại sao tôi không thể truy cập vào ứng dụng ngân hàng của mình?","false"
"Mình đang bị trừ tiền không lý do trong tài khoản ví điện tử","false"
"Không nhận được mã OTP khi đăng nhập vào dịch vụ thương mại điện tử","false"
"Có ai biết lý do không xem được kênh trên truyền hình không?","false"
"Giúp mình với, mình không thể đăng nhập vào tài khoản của ứng dụng gọi xe!","false"
"Tại sao không nhận được mã xác thực khi mua hàng qua internet?","false"
"Thời gian gần đây tôi không nhận được thông báo từ ứng dụng ngân hàng","false"
"Mình không biết làm thế nào để khôi phục tài khoản truyền hình cáp bị khóa","false"
"Nhờ bạn hướng dẫn tôi cách lấy lại mật khẩu cho tài khoản thương mại điện tử","false"
"Có ai gặp lỗi không nhận được mã OTP từ ví điện tử không?","false"
"Tại sao không thấy thông báo từ dịch vụ đặt đồ ăn mình đã đặt?","false"
"Tôi không thể khôi phục tài khoản game của mình, có ai biết không?","false"
"Sao tôi không nhận được mã xác minh cho tài khoản ngân hàng thế nhỉ?","false"
"Bạn biết lý do gì mà mình không xem được kênh truyền hình yêu thích không?","false"
"Có ai biết tại sao tài khoản ví điện tử của tôi bị khóa không?","false"
"Giúp tôi với, mình không đăng nhập được vào ứng dụng thanh toán","false"
"Tôi bị trừ tiền trong tài khoản mà không rõ nguyên nhân, có ai biết không?","false"
"Nhờ bạn chỉ tôi cách khôi phục mật khẩu cho tài khoản xem phim","false"
"Chả hiểu sao không nhận được mã OTP cho app giao hàng của mình","false"
"Tại sao tôi không thể truy cập vào tài khoản thương mại điện tử của mình?","false"
"Mình thấy bị trừ tiền khi không dùng dịch vụ gì cả, có ai biết không?","false"
"Không nhận được thông báo từ ứng dụng giao hàng, mong bạn giúp!","false"
"Sao tôi không thể đăng nhập vào tài khoản ngân hàng của mình?","false"
"Tôi đã bị khóa tài khoản game, ai có cách nào giúp không?","false"
"Có ai gặp vấn đề không nhận được mã xác thực từ app thanh toán không?","false"
"Giúp tôi với, không xem được kênh yêu thích trên truyền hình cáp!","false"
"Tại sao không nhận được mã OTP từ ví điện tử khi đăng nhập?","false"
"Tôi không biết làm thế nào để khôi phục tài khoản trên ứng dụng xem phim","false"
"Mình không nhận được thông báo từ app giao hàng, ai biết xử lý không?","false"
"Tôi không thể khôi phục mật khẩu cho tài khoản thương mại điện tử, giúp tôi với!","false"
"Nhờ bạn giúp tôi với tình trạng không đăng nhập được vào ứng dụng mạng xã hội","false"
"Chả hiểu sao không nhận được mã xác minh qua số điện thoại cho app thanh toán","false"
"Tại sao tôi không thấy thông báo từ tài khoản ngân hàng của mình?","false"
"Sao mình không thể xem được phim trên ứng dụng xem phim nhỉ?","false"
"Không nhận được mã OTP khi đăng nhập vào tài khoản game, bạn giúp mình nhé!","false"
"Giúp tôi với, mình không thể truy cập vào dịch vụ đặt đồ ăn","false"
"Có ai biết lý do tại sao tài khoản ví điện tử của tôi bị khóa không?","false"
"Tôi không thể lấy lại mật khẩu cho tài khoản truyền hình cáp, có ai giúp không?","false"
"Chả hiểu sao không nhận được mã OTP từ ứng dụng gọi xe của mình","false"
"Bạn có thể cho tôi biết tại sao không xem được kênh truyền hình không?","false"
"Tại sao không nhận được mã xác thực cho app thanh toán của mình nhỉ?","false"
"Giúp tôi với, sao tôi không thể khôi phục tài khoản ngân hàng?","false"
"Mình đang gặp vấn đề với tài khoản game bị khóa, ai giúp tôi với?","false"
"Tôi không nhận được mã OTP cho app đặt đồ ăn, bạn có biết không?","false"
"Sao tôi không thể đăng nhập vào tài khoản thương mại điện tử của mình?","false"
"Chả hiểu sao không nhận được mã xác minh cho dịch vụ thanh toán","false"
"Có ai biết lý do không xem được kênh trên truyền hình không?","false"
"Giúp tôi với, tôi không thể truy cập vào ứng dụng ngân hàng của mình!","false"
"Tại sao mình không nhận được mã OTP từ ví điện tử nhỉ?","false"
"Mình đang bị trừ tiền mà không rõ lý do trong tài khoản, ai biết không?","false"
"Sao tôi không nhận được thông báo từ app giao hàng thế nhỉ?","false"
"Nhờ bạn hướng dẫn mình khôi phục tài khoản game không vào được","false"
"Không nhận được mã xác minh cho app giao hàng, có ai giúp không?","false"
"Tôi không biết làm thế nào để khôi phục tài khoản truyền hình cáp bị khóa","false"
"Chả hiểu sao không nhận được mã OTP cho ứng dụng thanh toán của mình","false"
"Bạn có biết lý do gì mà mình không xem được kênh truyền hình yêu thích không?","false"
"Sao không thấy thông báo từ tài khoản ngân hàng của mình?","false"
"Tôi không thể khôi phục mật khẩu cho tài khoản thương mại điện tử, giúp tôi với!","false"
"Có ai gặp lỗi không nhận được mã xác thực từ app gọi xe không?","false"
"Giúp tôi với, không thể đăng nhập vào tài khoản game của mình!","false"
"Tại sao không nhận được mã OTP khi đăng nhập vào dịch vụ thương mại điện tử?","false"
"Mình thấy bị trừ tiền cho dịch vụ mà mình không sử dụng, ai có cách nào không?","false"
"Giúp tôi với, sao mình không thể xem được phim trên ứng dụng xem phim?","false"
"Chả hiểu sao không nhận được mã xác minh cho tài khoản ngân hàng của mình","false"
"Có ai biết lý do tại sao không xem được kênh truyền hình không?","false"
"Tôi không nhận được thông báo từ app giao hàng, bạn có thể giúp không?","false"
"Sao tôi không thể truy cập vào tài khoản thương mại điện tử của mình?","false"
"Giúp tôi với, mình không thể khôi phục tài khoản ngân hàng bị khóa","false"
"Tại sao không nhận được mã OTP cho ví điện tử khi đăng nhập?","false"
"Mình đang gặp vấn đề với tài khoản game bị khóa, ai giúp tôi với?","false"
"Nhờ bạn hướng dẫn tôi cách lấy lại mật khẩu cho tài khoản xem phim","false"
"Chả hiểu sao không nhận được mã OTP từ ứng dụng gọi xe của mình","false"
"Tôi không thể khôi phục mật khẩu cho tài khoản truyền hình cáp, ai giúp không?","false"
"Có ai biết lý do không xem được kênh trên truyền hình không?","false"
"Giúp tôi với, sao không thể đăng nhập vào tài khoản ngân hàng của mình?","false"
"Sao tôi không nhận được mã OTP cho app đặt đồ ăn nhỉ?","false"
"Mình thấy bị trừ tiền mà không rõ lý do trong tài khoản, có ai biết không?","false"
"Tại sao không nhận được thông báo từ app giao hàng thế nhỉ?","false"
"Nhờ bạn giúp tôi với tình trạng không đăng nhập được vào ứng dụng mạng xã hội","false"
"Mình không nhận được mã xác minh cho app ngân hàng, bạn có biết không?","false"
"Không nhận được mã OTP để xác thực tài khoản ngân hàng","false"
"Tôi bị khóa tài khoản ví điện tử và không biết làm sao để mở lại","false"
"Đăng nhập vào app đặt đồ ăn không được, có cần số điện thoại không?","false"
"Hóa đơn tháng này của truyền hình cáp cao quá, sao không có kênh yêu thích?","false"
"Lỗi không xem được phim trên ứng dụng, có ai gặp như mình không?","false"
"Đã trừ tiền trong tài khoản nhưng không thấy giao dịch hoàn thành","false"
"Tại sao không nhận được mã xác thực cho tài khoản game của tôi?","false"
"Chờ mã OTP từ ví điện tử mãi mà không thấy gửi về số điện thoại","false"
"Có cách nào khôi phục tài khoản đã bị khóa trong ứng dụng gọi xe không?","false"
"Không thể tiếp tục xem phim do ứng dụng yêu cầu xác minh số điện thoại","false"
"Tôi không thể truy cập vào tài khoản ngân hàng trực tuyến, cần hỗ trợ","false"
"Đã thanh toán nhưng không nhận được hóa đơn của dịch vụ truyền hình","false"
"Làm sao để mở tài khoản bị khóa trên app thương mại điện tử?","false"
"Thấy có trừ tiền trong ví nhưng không biết vì sao, ai biết không?","false"
"Mình không thể đăng nhập vào tài khoản game, có cần mã OTP không?","false"
"Không nhận được thông báo từ ứng dụng thanh toán, phải làm sao?","false"
"Tại sao không vào được kênh yêu thích trên truyền hình cáp?","false"
"Mình đã đăng ký vào chương trình khuyến mãi nhưng không thấy thông báo","false"
"App xem phim báo lỗi khi xác minh số điện thoại, có ai bị giống không?","false"
"Tôi quên mật khẩu tài khoản ngân hàng, cần lấy lại như thế nào?","false"
"Chờ mã OTP cho tài khoản ví điện tử mà không thấy gửi, làm sao?","false"
"Có cách nào để xác minh tài khoản game khi không nhận được OTP không?","false"
"Không thể mở ứng dụng gọi xe, có ai biết lỗi này không?","false"
"Biểu phí tháng này quá cao, sao dịch vụ không thông báo trước nhỉ?","false"
"Mã xác thực của dịch vụ thanh toán gửi về không đúng, cần hỗ trợ","false"
"Tôi không thể xem video trên ứng dụng, có ai biết lý do không?","false"
"Số điện thoại đã đăng ký nhưng không nhận được mã xác thực từ app","false"
"Thông báo giao dịch không thành công nhưng tiền vẫn bị trừ, sao đây?","false"
"Phí dịch vụ truyền hình cáp tăng cao, có ai biết lý do không?","false"
"Tại sao cần xác minh số điện thoại khi đăng nhập vào ví điện tử?","false"
"Đã đặt đồ ăn nhưng không thấy thông báo giao hàng, ai giúp mình với?","false"
"Có ai bị lỗi khi đăng nhập vào tài khoản game không?","false"
"Hóa đơn tháng này của app xem phim cao quá, có ai giống mình không?","false"
"Tôi không nhận được OTP cho tài khoản ngân hàng, có ai bị như vậy không?","false"
"Không vào được ứng dụng gọi xe, có cách nào khắc phục không?","false"
"Không thể xác minh tài khoản thanh toán trực tuyến, cần trợ giúp","false"
"Đã thanh toán mà vẫn không thấy dịch vụ trên truyền hình cáp","false"
"Không nhận được thông báo từ app giao hàng, có ai biết lý do không?","false"
"Tại sao mình không xem được kênh yêu thích trên truyền hình cáp?","false"
"Chờ mã xác thực cho ví điện tử mà mãi không thấy, làm sao bây giờ?","false"
"Đăng nhập vào tài khoản ngân hàng không được, có ai giúp mình không?","false"
"Phí dịch vụ tháng này quá cao, sao không thông báo trước nhỉ?","false"
"Chờ mã OTP từ ứng dụng thanh toán mà không thấy gửi về số điện thoại","false"
"Làm sao để mở khóa tài khoản app đặt đồ ăn đã bị khóa?","false"
"Có cách nào lấy lại tài khoản game đã bị khóa không?","false"
"Không xem được phim do ứng dụng yêu cầu xác minh số điện thoại","false"
"Tại sao phải xác minh số điện thoại khi vào tài khoản ngân hàng?","false"
"Mình không nhận được mã xác thực qua SMS, có ai bị như vậy không?","false"
"Không thể vào tài khoản do lỗi xác minh, ai giúp mình với?","false"
"Hóa đơn không đúng với số tiền mà mình đã thanh toán, ai biết không?","false"
"Không nhận được mã OTP cho tài khoản ví điện tử của mình, sao đây?","false"
"Có ai biết cách khôi phục tài khoản đã bị khóa trong app thương mại điện tử không?","false"
"App truyền hình cáp không cho xem kênh yêu thích, có ai bị giống mình không?","false"
"Tôi chờ mã xác thực cho tài khoản game nhưng không thấy gì cả","false"
"Đã đăng ký nhưng không nhận được thông báo từ ứng dụng gọi xe","false"
"Phí dịch vụ truyền hình tháng này quá cao, sao không có thông báo gì?","false"
"Có cách nào để mở lại tài khoản ví điện tử bị khóa không?","false"
"Lỗi không xem được nội dung trên app xem phim, ai giúp mình với?","false"
"Chờ mã OTP từ app ngân hàng mãi mà không thấy gửi, làm sao?","false"
"Tôi không thể đăng nhập vào app đặt đồ ăn, cần hỗ trợ khẩn","false"
"Có ai thấy hóa đơn tháng này của truyền hình cáp cao quá không?","false"
"Không nhận được mã xác thực cho tài khoản thanh toán trực tuyến, có ai biết không?","false"
"Tai sao lại yêu cầu xác minh số điện thoại khi đăng nhập vào game?","false"
"Đã thanh toán nhưng vẫn không thấy gói dịch vụ trên ứng dụng","false"
"Tôi không thể xem kênh yêu thích trên truyền hình, có cách nào không?","false"
"Chờ mã OTP từ ví điện tử mà không thấy gửi về, sao bây giờ?","false"
"Có cách nào để lấy lại tài khoản game đã bị khóa không?","false"
"Phí dịch vụ tháng này của truyền hình cáp sao lại cao vậy?","false"
"Đã đăng ký nhưng không nhận được mã xác thực cho tài khoản ngân hàng","false"
"Không thể vào ứng dụng gọi xe, có ai gặp lỗi này không?","false"
"Tại sao không nhận được thông báo từ ứng dụng thanh toán?","false"
"Không xem được phim do lỗi xác minh số điện thoại, có ai gặp giống không?","false"
"Tôi đã thanh toán nhưng không thấy dịch vụ trên app đặt đồ ăn","false"
"Chờ mã xác thực cho tài khoản game mà mãi không thấy, làm sao?","false"
"Hóa đơn truyền hình cáp tháng này cao hơn mọi tháng, có ai giống mình không?","false"
"Không nhận được mã OTP cho ví điện tử, cần sự trợ giúp gấp","false"
"Có ai biết cách khôi phục tài khoản đã bị khóa trong app giao hàng không?","false"
"Tại sao không xem được kênh yêu thích trên truyền hình cáp?","false"
"Mình không nhận được mã xác thực cho tài khoản ngân hàng, có ai giúp không?","false"
"Tôi không thể vào tài khoản game, có cần mã OTP không?","false"
"Đã thanh toán nhưng vẫn không thấy hóa đơn trong ứng dụng","false"
"Chờ mã OTP từ ví điện tử nhưng không thấy gửi về số điện thoại","false"
"Có cách nào mở tài khoản bị khóa trên app thương mại điện tử không?","false"
"Không vào được kênh yêu thích trên truyền hình cáp, sao lại thế này?","false"
"Đã đăng ký vào chương trình khuyến mãi nhưng không thấy thông báo gì","false"
"Mình không thể xác minh tài khoản thanh toán trực tuyến, cần trợ giúp","false"
"Hóa đơn tháng này của app xem phim sao lại cao thế?","false"
"Không nhận được mã xác thực cho tài khoản ngân hàng, có ai bị như vậy không?","false"
"Tại sao cần xác minh số điện thoại khi đăng nhập vào ví điện tử?","false"
"Biểu phí tháng này quá cao, sao dịch vụ không thông báo trước nhỉ?","false"
"Mình không thể xem video trên ứng dụng, có ai biết lý do không?","false"
"Em không nhận được mã OTP vào số điện thoại khi đăng nhập vào ví điện tử","false"
"Tại sao tài khoản game của tôi bị khóa mà không có lý do gì?","false"
"Tôi không xem được kênh nào trên truyền hình cáp, có ai biết tại sao không?","false"
"Làm ơn cho tôi hỏi sao hóa đơn tháng này lại cao hơn bình thường vậy?","false"
"Ứng dụng đặt đồ ăn cứ báo lỗi khi tôi nhập số điện thoại, làm sao để khắc phục?","false"
"Tôi không nhận được thông báo gì từ app ngân hàng, có ai gặp vấn đề giống tôi không?","false"
"Đã nạp tiền vào tài khoản mà sao vẫn không sử dụng được dịch vụ của app xem phim?","false"
"Có ai biết cách khắc phục lỗi không xem được video trên ứng dụng giải trí không?","false"
"Tại sao lại bị trừ tiền từ tài khoản ví điện tử mà tôi không rõ nguyên nhân?","false"
"Khi tôi đăng nhập vào tài khoản thương mại điện tử, có phải xác minh số điện thoại không?","false"
"App giao hàng của tôi cứ báo không tìm thấy số điện thoại, ai biết giúp với?","false"
"Xin hỏi sao tôi không thể đăng nhập vào ứng dụng gọi xe, mã OTP không gửi về?","false"
"Tháng này bill truyền hình cáp sao lại tăng bất thường, ai biết tại sao không?","false"
"Mọi người có biết cách khôi phục tài khoản ngân hàng bị khóa không?","false"
"Sao tôi không nhận được thông báo từ số điện thoại khi đặt hàng trên mạng?","false"
"Tôi đã thử nhiều lần mà vẫn không đăng nhập được vào tài khoản game, số điện thoại đúng mà?","false"
"App xem phim yêu cầu xác minh số điện thoại nhưng không gửi mã cho tôi, làm sao đây?","false"
"Tài khoản ví điện tử của tôi bị khóa nhưng không rõ lý do, ai có kinh nghiệm không?","false"
"Giúp tôi với, hóa đơn tháng này không đúng, không thấy thông tin gì cả!","false"
"Có ai gặp vấn đề không nhận được mã xác thực từ số điện thoại khi mua hàng không?","false"
"Sao tối qua không xem được kênh mong muốn trên truyền hình cáp, ai biết không?","false"
"Tôi đã nạp tiền nhưng app gọi xe vẫn không nhận, có ai biết cách xử lý không?","false"
"Hóa đơn tháng này của truyền hình cáp sao lại có phí lạ vậy?","false"
"Không nhận được OTP để xác thực tài khoản ngân hàng, có ai biết phải làm sao không?","false"
"Có ai bị lỗi khi nhập số điện thoại vào app đặt đồ ăn không?","false"
"Tôi không thể truy cập vào tài khoản game của mình, số điện thoại không nhận mã xác nhận?","false"
"Đã thử liên hệ với dịch vụ hỗ trợ của ví điện tử nhưng không thấy phản hồi, ai biết không?","false"
"Chả nhẽ tối qua không xem được kênh nào trên truyền hình cáp, ai biết lý do không?","false"
"Đã đăng ký tài khoản ngân hàng mà sao không nhận được thông báo gì?","false"
"App xem phim yêu cầu xác minh số điện thoại nhưng mã xác thực không về, ai có cách giải quyết không?","false"
"Sao tài khoản của tôi lại bị khóa trong ví điện tử, ai biết lý do không?","false"
"Có ai biết tại sao lại không nhận được hóa đơn từ truyền hình cáp tháng này không?","false"
"Em không hiểu sao app giao hàng cứ báo lỗi không tìm thấy số điện thoại, có cách nào không?","false"
"Khi xem phim, tại sao không nhận được mã OTP để xác minh tài khoản?","false"
"Sao tháng này bill dịch vụ truyền hình cáp lại cao hơn tháng trước, ai biết không?","false"
"Chặn thẻ ngân hàng mà không báo trước, giờ có ai biết làm thế nào không?","false"
"Tôi không thể xác minh tài khoản app đặt đồ ăn vì không nhận được mã OTP, phải làm sao?","false"
"Giúp tôi với, không xem được kênh nào trên truyền hình cáp, ai biết cách khắc phục không?","false"
"Khi tôi đăng nhập vào ví điện tử, liên tục báo không gửi mã OTP, ai gặp trường hợp này không?","false"
"Tại sao tôi không nhận được mã xác thực từ số điện thoại khi đặt hàng trực tuyến?","false"
"Không nhận được thông báo từ số điện thoại khi đăng ký tài khoản game, ai biết lý do không?","false"
"Tôi đã nạp tiền cho tài khoản ví điện tử mà sao không sử dụng được?","false"
"Có ai biết tại sao hóa đơn truyền hình cáp tháng này lại không có thông tin chi tiết không?","false"
"App xem phim yêu cầu xác minh số điện thoại nhưng không gửi mã về, làm sao đây?","false"
"Tôi không thể truy cập vào tài khoản ngân hàng, số điện thoại không nhận mã xác thực nữa!","false"
"Sao không nhận được mã OTP khi đăng nhập vào tài khoản thương mại điện tử?","false"
"Đã thử nhiều cách nhưng vẫn không vào được app gọi xe với số điện thoại của mình!","false"
"Tháng này sao hóa đơn truyền hình cáp lại cao hơn tháng trước mà không có lý do gì?","false"
"Khi tôi sử dụng app đặt đồ ăn, số điện thoại cứ báo lỗi, có ai biết không?","false"
"Tài khoản ngân hàng của tôi bị khóa mà không có thông báo trước, ai biết lý do không?","false"
"Sao tôi không nhận được mã xác thực từ số điện thoại khi sử dụng ví điện tử?","false"
"Có ai gặp lỗi không xem được kênh nào trên truyền hình cáp không?","false"
"Xin giúp tôi, không nhận được thông báo gì từ app ngân hàng trong khi đang cần gấp!","false"
"Tại sao tôi không thể đăng nhập vào tài khoản game dù đã nhập đúng số điện thoại?","false"
"Có ai biết tại sao không nhận được mã OTP khi đăng nhập vào app gọi xe không?","false"
"Sao hôm nay không thể xem kênh yêu thích trên truyền hình cáp?","false"
"App giao hàng báo không tìm thấy số điện thoại của tôi, ai biết cách khắc phục không?","false"
"Tại sao tôi không thể nhận được mã xác thực cho tài khoản ngân hàng?","false"
"Sao hóa đơn tháng này của dịch vụ truyền hình cáp lại bất ngờ tăng cao?","false"
"Không thể sử dụng ví điện tử vì không nhận được mã xác thực từ số điện thoại!","false"
"Có ai biết lý do số điện thoại không nhận được thông báo từ app thương mại điện tử không?","false"
"Tôi không thể đăng nhập vào tài khoản game, mã OTP không gửi về số điện thoại, sao vậy?","false"
"Giúp tôi với, sao hôm nay không xem được kênh nào trên truyền hình cáp?","false"
"App xem phim yêu cầu xác minh số điện thoại nhưng không gửi mã về, ai có cách gì không?","false"
"Tháng này hóa đơn dịch vụ truyền hình cáp sao lại không có thông tin gì cả?","false"
"Tôi không nhận được mã OTP để xác minh tài khoản ngân hàng, có ai biết làm sao không?","false"
"Có ai biết sao tôi không nhận được thông báo từ app đặt đồ ăn không?","false"
"Sao không thể tải video trên ứng dụng gọi xe, có ai biết lý do không?","false"
"Tôi không thể xác minh tài khoản ví điện tử vì không nhận được mã OTP, phải làm sao?","false"
"Đã nạp tiền vào tài khoản nhưng không sử dụng được dịch vụ trên app xem phim!","false"
"Sao không nhận được mã xác thực từ số điện thoại khi sử dụng app thương mại điện tử?","false"
"Giúp tôi với, không xem được kênh nào trên truyền hình cáp, có ai biết không?","false"
"Tôi không nhận được thông báo từ app ngân hàng, ai biết làm sao để khắc phục?","false"
"Sao tài khoản game của tôi bị khóa khi không có thông báo gì cả?","false"
"Khi tôi đăng nhập vào ví điện tử, mã OTP không gửi về số điện thoại, làm sao đây?","false"
"Tháng này sao hóa đơn truyền hình cáp lại cao hơn tháng trước, ai biết không?","false"
"Không nhận được mã xác thực khi đăng nhập vào tài khoản thương mại điện tử, có ai gặp không?","false"
"Có ai biết tại sao app giao hàng không tìm thấy số điện thoại của tôi không?","false"
"Tôi không nhận được mã OTP từ số điện thoại khi sử dụng ví điện tử, làm sao để lấy lại?","false"
"Sao không xem được kênh trên truyền hình cáp, ai có cách nào không?","false"
"Đã thử nhiều lần mà vẫn không vào được tài khoản game, số điện thoại không nhận mã xác nhận?","false"
"Tại sao lại bị trừ tiền từ tài khoản ví điện tử mà tôi không rõ nguyên nhân?","false"
"Có ai biết lý do sao không nhận được mã xác thực từ app đặt đồ ăn không?","false"
"Sao hôm nay không xem được kênh nào trên truyền hình cáp, ai biết giúp với?","false"
"Tôi không thể đăng nhập vào tài khoản ngân hàng, số điện thoại không nhận mã xác thực nữa!","false"
"Giúp tôi với, không nhận được mã OTP khi đăng nhập vào ứng dụng gọi xe, có ai biết không?","false"
"Sao tháng này hóa đơn truyền hình cáp lại bất ngờ tăng mà không có lý do gì?","false"
"Tôi không nhận được thông báo từ số điện thoại khi đặt hàng trên mạng, ai biết lý do không?","false"
"Có ai gặp lỗi không xem được video trên app giải trí không?","false"
"Sao tài khoản của tôi lại bị khóa trong ví điện tử, ai biết lý do không?","false"
"Đã nạp tiền nhưng không sử dụng được dịch vụ app gọi xe, có ai biết không?","false"
"Tại sao không nhận được mã OTP khi đăng nhập vào tài khoản thương mại điện tử?","false"
"Giúp tôi với, không xem được kênh nào trên truyền hình cáp, ai biết sao không?","false"
"App xem phim yêu cầu xác minh số điện thoại nhưng mã xác thực không gửi, phải làm sao đây?","false"
"Tại sao tài khoản ngân hàng của tôi không nhận được thông báo gì?","false"
"Sao tôi không nhận được thông báo từ số điện thoại khi đăng ký tài khoản game?","false"
"Tại sao ứng dụng đặt đồ ăn không gửi mã xác thực về số điện thoại của tôi?","false"
"Có ai biết tại sao không nhận được mã OTP khi đăng nhập vào app ngân hàng không?","false"
"Sao tôi không thể xem được kênh mong muốn trên truyền hình cáp?","false"
"Tôi đã thử nhiều cách nhưng vẫn không truy cập được tài khoản game với số điện thoại của mình!","false"
"Đã nạp tiền cho tài khoản ví điện tử nhưng sao không sử dụng được?","false"
"Tại sao hóa đơn tháng này của dịch vụ truyền hình cáp lại không có thông tin gì?","false"
"App giao hàng cứ báo không tìm thấy số điện thoại, ai biết cách khắc phục không?","false"
"Sao không nhận được mã xác thực khi đăng nhập vào tài khoản ngân hàng?","false"
"Tôi không thể vào được app gọi xe vì mã OTP không gửi về số điện thoại, sao vậy?","false"
"Tháng này sao hóa đơn truyền hình cáp lại cao hơn tháng trước mà không có lý do?","false"
"Có ai biết sao tôi không nhận được thông báo từ app đặt đồ ăn không?","false"
"Sao không thể tải video trên ứng dụng giải trí, có ai biết lý do không?","false"
"Tôi không nhận được mã OTP khi đăng nhập vào tài khoản ngân hàng, có ai biết làm sao không?","false"
"Giúp tôi với, không xem được kênh nào trên truyền hình cáp, ai biết không?","false"
"Sao hôm nay tài khoản game của tôi không nhận được mã xác thực?","false"
"Tại sao không nhận được mã OTP khi sử dụng app thương mại điện tử?","false"
"Có ai biết tại sao app giao hàng không tìm thấy số điện thoại của tôi không?","false"
"Em không nhận được mã OTP để xác minh tài khoản ngân hàng, giúp em với","false"
"Tại sao tôi bị khóa tài khoản ví điện tử, số điện thoại không nhận được thông báo gì?","false"
"Nhà mạng có hỗ trợ gì với hóa đơn truyền hình cáp không? Tôi bị trừ tiền mà không xem được kênh nào!","false"
"Không vào được ứng dụng gọi xe, có ai biết số điện thoại hỗ trợ không?","false"
"Tôi đã nạp tiền cho tài khoản game nhưng không thấy số dư tăng lên, ai đó biết lý do không?","false"
"App xem phim yêu cầu xác minh số điện thoại nhưng mã xác thực không gửi về, ai giúp tôi với?","false"
"Tại sao tôi không nhận được thông báo từ ví điện tử?","false"
"Mọi người cho tôi hỏi cách kiểm tra hóa đơn truyền hình cáp như thế nào?","false"
"Vào tài khoản ngân hàng không được, có ai biết bị lỗi gì không? Tôi đã nhập đúng số điện thoại rồi mà!","false"
"Tôi bị trừ tiền khi đặt đồ ăn qua app, có ai biết phải làm sao không?","false"
"Làm ơn giúp tôi với, tôi không nhận được mã xác thực từ app thanh toán!","false"
"Em không thể xem được kênh yêu thích trên truyền hình cáp, phải làm sao đây?","false"
"Chả hiểu sao tài khoản game của tôi bị khóa, có ai biết số điện thoại hỗ trợ không?","false"
"Giúp tôi với, không vào được ví điện tử, số điện thoại đã đăng ký nhưng không nhận mã xác thực!","false"
"Tôi đã thanh toán hóa đơn nhưng vẫn bị thông báo nợ, có ai biết lý do không?","false"
"Gửi mã OTP cho tôi vào số điện thoại này không được, tôi cần xác minh tài khoản ngay!","false"
"Tại sao tôi không thể đăng nhập vào app ngân hàng, có ai gặp lỗi giống tôi không?","false"
"App gọi xe không accept số điện thoại của tôi, có ai biết cách khắc phục không?","false"
"Tôi bị trừ tiền nhưng không biết vì sao khi sử dụng dịch vụ xem phim, ai biết không?","false"
"Số điện thoại của tôi không nhận được mã xác thực từ ví điện tử, xin hãy giúp!","false"
"Không thể truy cập tài khoản ngân hàng, có ai biết tại sao không?","false"
"Em có bị lỗi xác minh số điện thoại khi đăng ký app đặt đồ ăn không?","false"
"Tại sao tôi không nhận được thông báo từ truyền hình cáp khi có kênh mới?","false"
"Tôi mất mã OTP để nạp tiền vào tài khoản game, có ai biết cách lấy lại không?","false"
"Không xem được kênh yêu thích trên truyền hình cáp, có ai giúp tôi với?","false"
"Em không nhận được thông báo từ thương mại điện tử, phải làm sao đây?","false"
"Giúp tôi với, tôi không thể đăng nhập vào ví điện tử mặc dù đã nhập đúng số điện thoại!","false"
"Tại sao tôi không thể đặt đồ ăn qua app?","false"
"Tôi cần mã xác thực từ ứng dụng thanh toán nhưng không thấy mã gửi về số điện thoại!","false"
"Bị khóa tài khoản ngân hàng mà không nhận được thông báo gì, làm sao để lấy lại?","false"
"Có ai biết tại sao app gọi xe không hoạt động trên số điện thoại này không?","false"
"Tôi không thấy hóa đơn truyền hình cáp hàng tháng gửi về email, có vấn đề gì không?","false"
"Chả hiểu sao tài khoản ví điện tử của tôi không thể sử dụng, ai giúp với!","false"
"Tôi đã thanh toán nhưng vẫn không thấy tiền vào tài khoản game, làm sao đây?","false"
"Không nhận được mã OTP từ app ngân hàng, ai đó biết lý do không?","false"
"Sao tôi không thể xác minh tài khoản truyền hình cáp?","false"
"Tôi không thể xem lại video trên app xem phim, có ai tương tự không?","false"
"Em không thể đăng nhập vào tài khoản game, cần hỗ trợ ngay!","false"
"Đã thanh toán hóa đơn nhưng vẫn bị báo chưa thanh toán, ai biết tại sao không?","false"
"Tôi không nhận được thông báo khuyến mãi từ ví điện tử, có ai biết lý do không?","false"
"Nghe nói app thanh toán yêu cầu số điện thoại xác thực, nhưng tôi không nhận được gì!","false"
"Không thấy tiền được nạp vào tài khoản gọi xe, có ai gặp phải không?","false"
"Em bị khóa tài khoản nhưng không biết lý do, mong mọi người giúp!","false"
"Không nhận được mã xác nhận từ app đặt đồ ăn, phải làm sao?","false"
"Tôi không thể đăng nhập vào ứng dụng ngân hàng trên điện thoại, có ai giúp không?","false"
"Số điện thoại không nhận được mã OTP, làm sao để lấy lại?","false"
"Tôi không xem được kênh trên truyền hình cáp, có ai biết cách khắc phục không?","false"
"Có ai biết tại sao tài khoản ví điện tử của tôi lại bị khóa không?","false"
"Tôi không nhận được thông báo từ app xem phim về những bộ phim mới, có vấn đề gì không?","false"
"Em không thể nạp tiền vào tài khoản game qua số điện thoại này, giúp em với!","false"
"Tại sao tôi không nhận được thông báo từ dịch vụ thương mại điện tử?","false"
"App ngân hàng yêu cầu mã xác thực nhưng tôi không nhận được gì cả!","false"
"Bị trừ tiền khi sử dụng app gọi xe mà không có lý do rõ ràng, ai biết không?","false"
"Tôi không thể xác minh tài khoản truyền hình cáp vì không nhận được mã xác thực!","false"
"Số điện thoại của tôi không nhận được thông báo từ ví điện tử, có ai biết không?","false"
"Tại sao tài khoản game của tôi không truy cập được?","false"
"Tôi đã thanh toán hóa đơn nhưng vẫn thấy thông báo chưa thanh toán, giúp tôi với!","false"
"Không nhận được mã OTP từ app thanh toán, có ai biết tại sao không?","false"
"Em không thể xem bộ phim yêu thích trên ứng dụng, phải làm sao bây giờ?","false"
"Không vào được tài khoản ngân hàng, có ai biết lý do không?","false"
"Tôi không nhận được mã xác minh từ app gọi xe, có ai gặp tình trạng này không?","false"
"Giúp tôi với, không vào được ví điện tử, tôi đã nhập đúng số điện thoại!","false"
"Em không thấy hóa đơn truyền hình cáp gửi về, có vấn đề gì không?","false"
"Làm ơn hỗ trợ tôi, không nhận được thông báo từ app đặt đồ ăn!","false"
"Tại sao tôi không thể xác minh tài khoản ngân hàng qua số điện thoại này?","false"
"Tôi không thấy tài khoản game của mình hoạt động, ai biết làm sao không?","false"
"Không nhận được thông báo từ dịch vụ thương mại điện tử, có ai biết lý do không?","false"
"Tôi bị khóa tài khoản nhưng không biết lý do, giúp tôi với!","false"
"Tại sao tôi không thể đăng nhập vào app thanh toán trên điện thoại?","false"
"Số điện thoại này không nhận được mã OTP từ app ngân hàng, có ai biết không?","false"
"Tôi không thể xem kênh yêu thích trên truyền hình cáp, có ai giúp không?","false"
"Bị trừ tiền nhưng không biết vì sao khi đặt đồ ăn qua app, ai biết không?","false"
"Không nhận được mã xác thực từ app xem phim, làm sao để khắc phục?","false"
"Tôi không thể đặt đồ ăn qua app vì không nhận được mã xác thực, phải làm sao?","false"
"Em không nhận được thông báo từ ví điện tử, ai giúp em với!","false"
"Tại sao tài khoản ngân hàng của tôi lại không vào được?","false"
"Không thấy hóa đơn truyền hình cáp hàng tháng gửi về, ai biết lý do không?","false"
"Tôi cần mã xác minh từ app thanh toán nhưng không thấy mã gửi về!","false"
"Giúp tôi với, tôi không thể đăng nhập vào tài khoản game của mình!","false"
"Tại sao tôi không nhận được thông báo từ dịch vụ đặt đồ ăn?","false"
"Số điện thoại của tôi không nhận được mã OTP từ ngân hàng, ai biết lý do không?","false"
"Không vào được ứng dụng ngân hàng, có ai biết cách khắc phục không?","false"
"Có ai biết tại sao tài khoản ví điện tử của tôi lại không sử dụng được không?","false"
"Tôi không thể xác minh tài khoản truyền hình cáp vì không nhận được mã xác thực!","false"
"Bị khóa tài khoản mà không nhận được thông báo gì, có ai giúp tôi không?","false"
"Tại sao không vào được tài khoản game của tôi?","false"
"Tôi không nhận được mã OTP từ app gọi xe, có cách nào khắc phục không?","false"
"Giúp tôi với, tôi không thể đặt đồ ăn qua app vì không nhận được mã xác thực!","false"
"Em không nhận được thông báo từ app thanh toán, có ai biết lý do không?","false"
"Tại sao tôi không thể xem kênh yêu thích trên truyền hình cáp?","false"
"Không thấy tiền được nạp vào tài khoản game, ai biết tình trạng này không?","false"
"Tôi không thấy hóa đơn truyền hình cáp gửi về số điện thoại, có ai biết không?","false"
"Tôi không thể đăng nhập vào app ngân hàng, có ai gặp lỗi này không?","false"
"Số điện thoại này không nhận được mã OTP từ ví điện tử, ai biết lý do không?","false"
"Tôi không thể truy cập tài khoản game, có ai biết cách khắc phục không?","false"
"Em không nhận được mã xác minh từ app gọi xe, phải làm sao?","false"
"Bị khóa tài khoản ngân hàng mà không nhận được bất kỳ thông báo nào, ai biết cách xử lý không?","false"
"Tại sao tôi không thể xác minh tài khoản của mình qua số điện thoại này?","false"
"Không nhận được thông báo từ dịch vụ thương mại điện tử, có ai biết tại sao không?","false"
"Không thể vào tài khoản ngân hàng, có ai biết cách khắc phục không?","false"
"Tôi không thấy hóa đơn truyền hình cáp gửi về email, có vấn đề gì không?","false"
"Giúp tôi với, không vào được ví điện tử, tôi đã nhập đúng số điện thoại!","false"
"Số điện thoại của tôi không nhận được mã OTP từ app thanh toán, ai biết không?","false"
"Tại sao không vào được ứng dụng ngân hàng trên điện thoại?","false"
"Tôi bị khóa tài khoản nhưng không biết lý do, mong mọi người giúp!","false"
"Không thể xem được video trên app xem phim, có ai biết nguyên nhân không?","false"
"Tôi không nhận được mã xác thực từ app đặt đồ ăn, phải làm sao?","false"
"Em không thể đăng nhập vào tài khoản game, ai đó biết cách vào không?","false"
"Tại sao tôi không nhận được thông báo từ dịch vụ gọi xe?","false"
"Có ai biết tại sao tài khoản ví điện tử của tôi lại không hoạt động không?","false"
"Tôi đã thanh toán hóa đơn nhưng vẫn thấy thông báo chưa thanh toán, ai giúp tôi với!","false"
"Khó khăn trong việc xác minh tài khoản ngân hàng, có ai biết lý do không?","false"
"Tại sao không thấy thông báo từ app thanh toán trên số điện thoại này?","false"
"Không nhận được mã xác thực từ app gọi xe, có ai biết cách khắc phục không?","false"
"Tôi không thể truy cập vào tài khoản game của mình, có ai gặp phải không?","false"
"Bị khóa tài khoản ví điện tử mà không nhận được thông báo, mong cả nhà giúp tôi!","false"
"Không thấy hóa đơn truyền hình cáp gửi về, ai biết cách giải quyết không?","false"
"Giúp tôi với, không nhận được mã OTP từ app ngân hàng nữa!","false"
"Không thể xem được kênh yêu thích trên truyền hình cáp, có ai biết cách xử lý không?","false"
"Số điện thoại không nhận được mã xác thực từ dịch vụ thanh toán, ai biết không?","false"
"Tại sao tôi không thể xác minh tài khoản game của mình qua số điện thoại này?","false"
"Có ai biết cách khắc phục khi không nhận được thông báo từ app đặt đồ ăn không?","false"
"Tại sao tài khoản ngân hàng của tôi lại không vào được?","false"
"Tôi không thấy tiền được nạp vào tài khoản ví điện tử, có ai biết lý do không?","false"
"Không nhận được mã OTP từ app gọi xe, có cách nào để lấy lại không?","false"
"Giúp tôi với, tôi không thể đặt đồ ăn qua app vì không nhận được mã xác thực!","false"
"Tôi không thể xem kênh yêu thích trên truyền hình cáp, có ai giúp không?","false"
"Bị khóa tài khoản mà không nhận được thông báo, có ai gặp tình trạng này không?","false"
"Không thể truy cập vào tài khoản ngân hàng, ai biết cách khắc phục không?","false"
"Tôi không thể xác minh tài khoản ví điện tử vì không nhận được mã xác thực!","false"
"Số điện thoại này không nhận được mã OTP từ app ngân hàng, có ai biết không?","false"
"Tôi không thể đăng nhập vào ứng dụng game, có ai biết tại sao không?","false"
"Có ai biết tại sao tôi không nhận được thông báo từ app thanh toán không?","false"
"Tôi không nhận được mã xác minh từ app đặt đồ ăn, phải làm sao bây giờ?","false"
"Em không thể xem bộ phim yêu thích trên ứng dụng, ai đó giúp em với!","false"
"Tại sao tôi không thể xác minh tài khoản của mình qua số điện thoại này?","false"
"Không thấy hóa đơn truyền hình cáp gửi về số điện thoại, có ai biết không?","false"
"Tôi đã thanh toán hóa đơn nhưng vẫn thấy thông báo chưa thanh toán, giúp tôi với!","false"
"Tôi không thể truy cập tài khoản game của mình, có ai biết cách khắc phục không?","false"
"Không nhận được mã OTP từ app thanh toán, có ai biết lý do không?","false"
"Bị khóa tài khoản mà không nhận được thông báo, làm sao để khắc phục?","false"
"Tại sao tôi không thể đăng nhập vào ứng dụng ngân hàng trên điện thoại?","false"
"Tôi không thể xác minh tài khoản ví điện tử vì không nhận được mã xác thực!","false"
"Giúp tôi với, tôi không thể đặt đồ ăn qua app vì không nhận được mã xác thực!","false"
"Không xem được kênh yêu thích trên truyền hình cáp, có ai biết cách khắc phục không?","false"
"Bị khóa tài khoản ngân hàng mà không nhận được thông báo, có ai biết cách xử lý không?","false"
"Tôi không nhận được mã xác minh từ app gọi xe, phải làm sao?","false"
"Tại sao tôi không nhận được thông báo từ dịch vụ thương mại điện tử?","false"
"Số điện thoại của tôi không nhận được mã OTP từ app ngân hàng, có ai biết không?","false"
"Tôi không thể truy cập tài khoản game của mình, có ai gặp phải không?","false"
"Em không nhận được mã OTP để đăng nhập vào app ngân hàng","false"
"Tại sao tài khoản ví điện tử của tôi bị khóa?","false"
"Làm ơn giúp tôi với, tôi không thể xem được kênh truyền hình mà tôi đã đăng ký","false"
"Tôi đã bị trừ tiền từ tài khoản game nhưng chưa nhận được phần thưởng","false"
"App đặt đồ ăn không xác nhận đơn của tôi, có ai biết không?","false"
"Tôi không nhận được mã xác thực qua số điện thoại để đăng nhập tài khoản","false"
"Chả hiểu sao không thanh toán được hóa đơn truyền hình cáp","false"
"Người ta bảo tôi phải xác minh số điện thoại để xem phim, nhưng tôi không nhận được mã","false"
"Tại sao tôi lại bị mất tiền trong ví điện tử khi không sử dụng?","false"
"Tôi cần đổi số điện thoại trong tài khoản ngân hàng mà không biết làm sao","false"
"Nhờ bạn, tôi chưa thể vào được app gọi xe vì bị lỗi xác minh số điện thoại","false"
"Mọi người ơi, sao tôi không thể truy cập vào tài khoản Netflix của mình?","false"
"Vừa thanh toán hóa đơn điện thoại mà sao không thấy tiền trong tài khoản?","false"
"Tôi muốn biết tại sao không nhận được thông báo từ app giao hàng","false"
"Giúp tôi với, không thấy mã OTP để xác nhận tài khoản thương mại điện tử","false"
"Đã thanh toán cho gói truyền hình cáp mà không thấy có kênh mới nào cả","false"
"App gọi xe báo lỗi đăng nhập nhưng tôi đã nhập đúng số điện thoại","false"
"Tại sao tôi không thể xem được video trên nền tảng trực tuyến này?","false"
"Làm sao để tôi lấy lại mật khẩu tài khoản game mà không nhận được mã xác thực?","false"
"Tôi không nhận được thông báo từ ví điện tử, có ai gặp lỗi như tôi không?","false"
"Đã mua gói kênh truyền hình mà không thấy gì trong app cả, sao vậy?","false"
"Mới sử dụng app thanh toán mà không biết cách liên kết số điện thoại","false"
"Số điện thoại của tôi không nhận được mã xác thực khi đăng nhập vào tài khoản","false"
"Tôi đã đăng ký gói dịch vụ trên app nhưng sao không thấy thông tin gì?","false"
"Giúp tôi với, không thể đăng nhập vào tài khoản xem phim vì không nhận được OTP","false"
"Tại sao ngân hàng lại trừ tiền mà không báo trước cho tôi?","false"
"Tôi không thể thanh toán tiền điện nước qua app, có ai biết cách không?","false"
"Có ai từng gặp lỗi không nhận được mã OTP từ ví điện tử không?","false"
"Không biết tại sao tài khoản tôi lại bị khóa trên ứng dụng giao hàng","false"
"Tôi đã mất tiền trong ví điện tử và không biết phải làm gì","false"
"Thấy bảo có giảm giá trên app xem phim nhưng không thấy thông báo gì cả","false"
"Truy cập vào tài khoản ngân hàng mà không nhận được mã xác thực","false"
"Tôi cần trợ giúp, không thể hủy đơn hàng trên app giao đồ ăn","false"
"Không nhận được thông báo từ app gọi xe, không biết phải làm sao","false"
"Đã thử đổi số điện thoại trong tài khoản nhưng không thành công","false"
"Tôi không biết tại sao mình lại không xem được kênh truyền hình này","false"
"Tôi đã mua gói cước truyền hình nhưng sao không nhận được kênh mới nào cả?","false"
"Không hiểu tại sao tài khoản game lại bị khóa mà không báo trước","false"
"Có ai gặp lỗi khi không nhận được mã OTP từ ứng dụng ngân hàng không?","false"
"Tại sao không thấy tiền trong tài khoản sau khi thanh toán qua app?","false"
"Giúp tôi với, không nhận được xác nhận đăng ký tài khoản ví điện tử","false"
"Sao tôi không thể xem được phim trên ứng dụng mặc dù đã đóng tiền?","false"
"Tôi không có cách nào để liên kết tài khoản ngân hàng với app thanh toán","false"
"Giúp em, không thấy hóa đơn truyền hình cáp trong tài khoản của mình","false"
"Có ai biết tại sao không thấy đơn hàng trên app giao hàng không?","false"
"Tôi đã thanh toán nhưng sao không thấy cập nhật tài khoản trên app?","false"
"Nếu không nhận được mã OTP thì chắc chắn không vào được tài khoản ngân hàng nhỉ?","false"
"Khi nào thì app xem phim mới có mã giảm giá cho tôi?","false"
"Không hiểu sao tài khoản mình lại bị khóa trên app giao hàng","false"
"Tôi không thể đổi số điện thoại trong tài khoản ngân hàng, ai biết không?","false"
"Làm sao để tôi lấy lại mật khẩu tài khoản game khi không nhận được mã xác thực?","false"
"Em không nhận được mã xác thực từ app thanh toán, có cách nào không?","false"
"Tôi đã thanh toán nhưng không thấy hóa đơn trên tài khoản truyền hình cáp","false"
"Đã đặt hàng nhưng không nhận được thông báo trên app giao hàng","false"
"Không biết tại sao lại bị trừ tiền trong ví điện tử mà không có lý do","false"
"Tôi không thấy mã OTP khi đăng nhập vào tài khoản game, ai giúp tôi với!","false"
"App truyền hình cáp không chịu cập nhật gói kênh mới, sao lại như vậy?","false"
"Em không biết làm sao để liên kết số điện thoại với tài khoản ngân hàng","false"
"Tại sao tôi lại không nhận được mã xác thực qua số điện thoại trong app?","false"
"Sao tài khoản mình lại không thể đăng nhập vào app giao đồ ăn nhỉ?","false"
"Giúp tôi, tôi đã thử đăng nhập vào ví điện tử nhưng không nhận được mã xác thực","false"
"Không rõ tại sao không thanh toán được hóa đơn qua app, ai biết cách không?","false"
"Tôi đã đăng ký gói dịch vụ trên app nhưng không thấy cập nhật gì trong tài khoản","false"
"Giúp tôi với, không nhận được mã OTP khi đăng nhập tài khoản truyền hình","false"
"Sao tôi không thể xem phim trên app mặc dù đã đóng tiền đầy đủ?","false"
"Có ai gặp lỗi không nhận được mã xác thực từ app ngân hàng không?","false"
"Không hiểu sao tài khoản game của tôi bị khóa mà không có lý do","false"
"Em không thấy thông báo từ app giao hàng, có ai biết bị lỗi gì không?","false"
"Tôi đã thử thanh toán nhưng không thấy tiền trong tài khoản truyền hình cáp","false"
"Người ta bảo tôi cần một mã xác thực để xem phim nhưng không gửi đến điện thoại","false"
"Tại sao tài khoản ví điện tử của tôi không thể thanh toán được?","false"
"Đã mua gói cước truyền hình nhưng không thấy kênh nào mới, có ai giống tôi không?","false"
"Sao không nhận được mã OTP để xác minh tài khoản game của tôi?","false"
"Giúp tôi với, tôi không thể đăng nhập vào app gọi xe vì không nhận được mã xác thực","false"
"Có ai gặp lỗi không nhận được thông báo từ app giao đồ ăn không?","false"
"Em không nhận được mã xác thực để đăng nhập vào tài khoản ngân hàng, có ai biết không?","false"
"Không hiểu sao không xem được kênh truyền hình mặc dù đã đăng ký","false"
"Tôi muốn biết tại sao không nhận được mã OTP từ ví điện tử khi đăng nhập?","false"
"Có ai gặp trường hợp bị khóa tài khoản trên app giao hàng không?","false"
"Tôi đã thanh toán tiền cho gói dịch vụ mà không thấy thông báo gì cả","false"
"Em không thể xem phim trên app mặc dù đã thanh toán gói cước, sao vậy?","false"
"Giúp tôi với, sao tôi không nhận được mã xác thực từ ngân hàng?","false"
"Tại sao tài khoản game của tôi không thể đăng nhập được?","false"
"Sao tôi không nhận được thông báo từ app chuyển khoản ngân hàng?","false"
"Không hiểu tại sao mình lại không thể đổi số điện thoại trên tài khoản ngân hàng","false"
"Giúp tôi, sao không thấy tiền trong tài khoản sau khi thanh toán qua app?","false"
"Tại sao không nhận được mã OTP để xác thực tài khoản truyền hình?","false"
"Nhờ bạn giúp tôi, không nhận được thông báo từ app gọi xe","false"
"Sao tôi không thể thanh toán hóa đơn qua app khi không nhận được mã xác thực?","false"
"Có ai đã từng gặp lỗi không nhận được OTP từ ví điện tử không?","false"
"Tôi đã thử liên kết tài khoản ngân hàng mà không thành công, ai biết cách không?","false"
"Giúp tôi với, không thấy thông báo từ app giao hàng, có ai biết không?","false"
"Có ai từng bị khóa tài khoản trên app thanh toán không?","false"
"Tại sao mọi giao dịch trên app ngân hàng lại không cập nhật?","false"
"Sao tài khoản tôi không thể thanh toán qua ví điện tử được nhỉ?","false"
"Giúp tôi, không nhận được mã OTP để xác minh tài khoản truyền hình","false"
"Tôi không biết làm thế nào để liên kết số điện thoại với tài khoản game","false"
"Sao tôi không thể xem được kênh truyền hình mặc dù đã thanh toán gói cước?","false"
"Tại sao không nhận được mã xác thực từ app ngân hàng khi đăng nhập?","false"
"Giúp tôi, sao tôi không thể truy cập vào tài khoản giao hàng của mình?","false"
"Có ai từng gặp lỗi không nhận được mã OTP từ app gọi xe không?","false"
"Em không nhận được thông báo từ app thanh toán, có ai biết không?","false"
"Không hiểu sao tôi lại không thể đăng nhập vào tài khoản truyền hình cáp","false"
"Giúp tôi với, không thấy mã OTP để xác minh tài khoản ngân hàng","false"
"Tại sao tài khoản game lại bị khóa mà không báo trước cho tôi?","false"
"Có ai biết tại sao không nhận được mã xác thực từ ví điện tử không?","false"
"Tôi đã thanh toán cho gói dịch vụ trên app mà không thấy cập nhật gì trong tài khoản","false"
"Giúp tôi với, tôi không thể vào được app giao đồ ăn vì bị lỗi xác minh số điện thoại","false"
"Người ta bảo tôi phải xác minh số điện thoại để xem phim, nhưng tôi không nhận được mã","false"
"Tại sao không nhận được thông báo từ app giao hàng khi tôi đặt hàng?","false"
"Có ai gặp lỗi không nhận được mã OTP cho tài khoản ngân hàng không?","false"
"Em không thể thanh toán hóa đơn qua app, có cách nào không?","false"
"Tôi không biết tại sao mình lại không xem được kênh truyền hình này","false"
"Tại sao mã OTP không gửi đến số điện thoại của tôi khi đăng nhập vào tài khoản game?","false"
"Giúp tôi với, không nhận được mã xác thực từ app thanh toán","false"
"Có ai biết tại sao không nhận được mã xác thực để vào tài khoản ngân hàng không?","false"
"Sao tôi không vào được tài khoản giao hàng nhỉ?","false"
"Giúp tôi, không thấy thông báo từ app gọi xe khi tôi đặt xe","false"
"Tôi không nhận được mã xác thực để truy cập vào tài khoản truyền hình","false"
"Giúp tôi với, không thể đăng nhập vào tài khoản game vì không nhận được mã xác thực","false"
"Tôi không thể thanh toán qua ví điện tử vì không nhận được mã OTP","false"
"Giúp tôi, tôi đã thử đổi số điện thoại trong tài khoản ngân hàng mà không thành công","false"
"Tại sao tôi không nhận được thông báo từ app giao hàng khi đơn hàng hoàn tất?","false"
"Tôi đã đăng ký gói dịch vụ truyền hình mà không thấy cập nhật gì trong tài khoản","false"
"Tại sao tài khoản game của tôi lại không thể đăng nhập được?","false"
"Giúp tôi, không nhận được mã OTP để xác minh tài khoản ngân hàng","false"
"Tôi không biết làm thế nào để liên kết số điện thoại với tài khoản ngân hàng","false"
"Sao tôi không nhận được mã xác thực từ app ngân hàng khi đăng nhập?","false"
"Giúp tôi với, không thấy hóa đơn truyền hình cáp trong tài khoản của mình","false"
"Tại sao không nhận được thông báo từ app chuyển khoản ngân hàng?","false"
"Có ai đã từng gặp lỗi không nhận được mã OTP từ ví điện tử không?","false"
"Tôi không thể xem phim trên app mặc dù đã thanh toán gói cước, sao vậy?","false"
"Sao tôi không thể đăng nhập vào tài khoản giao hàng vì không nhận được mã xác thực?","false"
"Có ai biết tại sao tài khoản mình bị khóa trên app mua sắm không?","false"
"Tại sao tài khoản ngân hàng của tôi không thể thanh toán qua app?","false"
"Giúp tôi với, tôi đã thanh toán nhưng không thấy hóa đơn trên app","false"
"Tôi đã thử liên kết tài khoản ngân hàng mà không thành công, ai biết cách không?","false"
"Giúp tôi, không nhận được mã xác thực để vào tài khoản game","false"
"Không hiểu sao tôi không thể thanh toán hóa đơn qua app thanh toán","false"
"Sao bạn không nhận được mã OTP để xác minh tài khoản ngân hàng nhỉ?","false"
"Tôi không nhận được thông báo từ app giao hàng khi đặt hàng","false"
"Có ai gặp lỗi không nhận được mã xác thực từ app gọi xe không?","false"
"Em không nhận được mã xác thực để đăng nhập vào tài khoản giao hàng, có ai biết không?","false"
"Em không nhận được mã OTP vào số điện thoại để xác thực tài khoản ngân hàng","false"
"Tại sao mình không xem được kênh yêu thích trên truyền hình cáp nhỉ?","false"
"Cho mình hỏi là sao mình không đăng nhập được vào ví điện tử, nó bảo tài khoản bị khóa?","false"
"Chả nhẽ mình không nhận được tin nhắn xác nhận từ app gọi xe à?","false"
"Đã nạp tiền vào tài khoản game mà sao vẫn chưa thấy số dư cập nhật nhỉ?","false"
"Mình bị trừ tiền nhưng không biết vì sao, có ai giống mình không?","false"
"Có ai biết tại sao app xem phim lại yêu cầu xác minh số điện thoại không?","false"
"Tại sao mình không nhận được thông báo từ app thương mại điện tử vậy?","false"
"Em không vào được tài khoản ngân hàng, có cần mã OTP không nhỉ?","false"
"Mình đã đặt đồ ăn nhưng không thấy thông báo gì, có bị lỗi không?","false"
"App thanh toán này không gửi mã xác thực về số điện thoại của mình.","false"
"Hóa đơn tháng này của truyền hình cáp cao hơn tháng trước, có chuyện gì không nhỉ?","false"
"Mình muốn đổi số điện thoại đăng ký tài khoản nhưng không thấy tùy chọn gì cả.","false"
"Em không hiểu lý do sao không thấy mã giảm giá cho đơn hàng này.","false"
"Tại sao mình không thể xác minh tài khoản qua số điện thoại trên app này?","false"
"Đã thanh toán nhưng không nhận được mã xác thực, ai biết giải quyết không?","false"
"Mình bị khóa tài khoản trên app gọi xe, không biết làm sao để lấy lại?","false"
"Lỗi không nhận được thông báo giao hàng từ app, có ai gặp không?","false"
"Số điện thoại của mình không nhận được OTP để vào tài khoản ngân hàng.","false"
"Tại sao hóa đơn tháng này của dịch vụ truyền hình lại cao hơn tháng trước?","false"
"Có cách nào để mở khóa tài khoản trên ví điện tử không bạn?","false"
"Mọi người ơi, sao mình không nhận được thông báo từ app thương mại điện tử vậy?","false"
"Em không thấy mã OTP để xác thực tài khoản trên app đặt đồ ăn.","false"
"Tại sao mình không thể vào được kênh yêu thích trên truyền hình cáp nhỉ?","false"
"Chả nhẽ thanh toán không thành công mà sao chưa thấy tiền về tài khoản?","false"
"App xem phim này yêu cầu xác minh số điện thoại mà mình không nhận được mã.","false"
"Đã đặt hàng nhưng sao chưa thấy thông báo gì từ app thanh toán.","false"
"Mình bị trừ tiền nhưng không biết vì sao lại như vậy, có ai biết không?","false"
"Em không nhận được mã OTP để vào tài khoản ngân hàng của mình.","false"
"Tại sao hóa đơn truyền hình cáp tháng này lại cao hơn tháng trước nhỉ?","false"
"Có ai biết cách khôi phục tài khoản trên ví điện tử không?","false"
"Mình đã đặt đồ ăn mà sao vẫn chưa thấy người giao hàng đến?","false"
"Đã thanh toán nhưng không nhận được thông báo gì từ app gọi xe cả.","false"
"Em không hiểu sao không nhận được mã xác thực cho tài khoản ngân hàng.","false"
"Mình không vào được kênh trên truyền hình cáp, ai giúp mình với?","false"
"Tại sao mình không nhận được thông báo từ app thương mại điện tử nhỉ?","false"
"Đã đặt vé xem phim nhưng không thấy yêu cầu xác minh số điện thoại. ","false"
"Em không nhận được mã OTP cho việc xác thực tài khoản ngân hàng của mình.","false"
"Tại sao mình không vào được tài khoản game của mình nhỉ?","false"
"Chả nhẽ mình không nhận được thông báo từ app đặt đồ ăn sau khi đặt hàng?","false"
"Mình bị trừ tiền mà không biết lý do là gì, ai biết không?","false"
"Đã thanh toán nhưng không thấy hiện lên đâu cả, có ai gặp lỗi này không?","false"
"Có ai biết làm sao mở khóa tài khoản ví điện tử không?","false"
"Mình không hiểu vì sao vẫn chưa nhận được mã xác minh cho tài khoản này.","false"
"Tại sao không thấy thông báo từ app thương mại điện tử gì cả?","false"
"Em không nhận được mã xác thực từ app gọi xe, có ai biết không?","false"
"Tại sao mình không thể vào kênh mình thích trên truyền hình cáp?","false"
"Đã nạp tiền vào tài khoản game mà sao chưa thấy cập nhật nhỉ?","false"
"Mình đã thanh toán mà sao chưa thấy thông báo từ app thanh toán?","false"
"Em không nhận được mã OTP trong khi đăng nhập tài khoản ngân hàng.","false"
"Chả nhẽ mình không xem được kênh yêu thích trên truyền hình cáp à?","false"
"Tại sao không thấy tin nhắn xác nhận từ app đặt đồ ăn nhỉ?","false"
"Mình muốn hỏi sao không nhận được thông báo từ app thương mại điện tử?","false"
"Em không nhận được mã xác thực cho việc xác minh tài khoản ngân hàng.","false"
"Tại sao mình không vào được tài khoản ví điện tử nhỉ?","false"
"Chả nhẽ mình không thấy thông báo giao hàng từ app gọi xe à?","false"
"Mình bị trừ tiền nhưng không rõ lý do, ai biết giúp không?","false"
"Đã đặt hàng nhưng sao chưa thấy ai liên hệ cả?","false"
"Có ai biết làm sao để khôi phục tài khoản trên app thanh toán không?","false"
"Tại sao mình vẫn chưa nhận được mã xác thực cho tài khoản ngân hàng nhỉ?","false"
"Em không vào được kênh mong muốn trên truyền hình cáp, sao vậy?","false"
"Chả nhẽ không nhận được mã OTP để xác thực tài khoản ngân hàng?","false"
"Tại sao không thấy thông báo từ app thương mại điện tử vậy nhỉ?","false"
"Đã thanh toán mà không thấy thông báo gì từ app gọi xe cả.","false"
"Mình bị khóa tài khoản game, có cách nào để mở lại không?","false"
"Em không nhận được mã OTP để xác thực tài khoản ví điện tử của mình.","false"
"Tại sao mình lại không xem được kênh yêu thích trên truyền hình cáp nhỉ?","false"
"Có ai biết cách giải quyết khi không nhận được tin nhắn từ app đặt đồ ăn không?","false"
"Mình bị trừ tiền không rõ lý do, có ai biết không?","false"
"Đã đặt vé xem phim mà không thấy yêu cầu xác minh số điện thoại gì cả.","false"
"Em không nhận được mã OTP khi đăng nhập vào tài khoản ngân hàng.","false"
"Tại sao mình không vào được kênh truyền hình yêu thích nhỉ?","false"
"Chả nhẽ không nhận được thông báo từ app thương mại điện tử sao?","false"
"Tại sao không thấy mã xác minh từ app thanh toán nhỉ?","false"
"Mình đã thanh toán nhưng không thấy thông báo gì từ app gọi xe cả.","false"
"Có ai biết làm sao mở lại tài khoản trên ví điện tử không?","false"
"Mình không hiểu sao vẫn chưa nhận được mã xác minh cho tài khoản này.","false"
"Tại sao không thấy thông báo từ app đặt đồ ăn gì cả?","false"
"Em không nhận được mã xác thực cho việc xác minh tài khoản ngân hàng.","false"
"Tại sao mình không vào được tài khoản game của mình nhỉ?","false"
"Chả nhẽ mình không nhận được thông báo từ app thương mại điện tử sao?","false"
"Mình đã nạp tiền vào tài khoản nhưng sao chưa thấy cập nhật nhỉ?","false"
"Đã thanh toán nhưng không thấy hiện lên đâu cả, có ai gặp lỗi này không?","false"
"Có ai biết làm sao mở khóa tài khoản trên ví điện tử không?","false"
"Tại sao mình không nhận được mã OTP khi xác thực tài khoản ngân hàng nhỉ?","false"
"Mình không thể vào được kênh yêu thích trên truyền hình cáp, ai giúp mình với?","false"
"Em không nhận được mã xác thực từ app gọi xe, có ai biết không?","false"
"Tại sao mình không xem được kênh truyền hình mình thích nhỉ?","false"
"Đã đặt hàng nhưng sao chưa thấy thông báo gì từ app thanh toán. ","false"
"Mình đã thanh toán mà sao chưa thấy thông báo từ app gọi xe?","false"
"Có ai biết cách khôi phục tài khoản trên ví điện tử không?","false"
"Tại sao mình vẫn chưa nhận được mã xác thực cho tài khoản này?","false"
"Em không vào được kênh trên truyền hình cáp, có ai giúp không?","false"
"Tại sao không nhận được thông báo từ app thương mại điện tử nhỉ?","false"
"Đã thanh toán nhưng chưa thấy mã xác thực đâu cả, có lỗi không nhỉ?","false"
"Chả nhẽ không nhận được tin nhắn xác nhận từ app gọi xe à?","false"
"Mình bị trừ tiền mà không biết vì sao, có ai biết không?","false"
"Đã đặt đồ ăn nhưng không thấy ai gọi điện xác nhận cả.","false"
"Tại sao hóa đơn tháng này của truyền hình cáp lại cao hơn tháng trước nhỉ?","false"
"Có ai biết làm sao mở lại tài khoản trên ví điện tử không?","false"
"Tại sao mình không vào được tài khoản game của mình nhỉ?","false"
"Em không nhận được mã OTP để vào tài khoản ngân hàng của mình.","false"
"Đã thanh toán nhưng sao vẫn chưa thấy thông báo gì từ app gọi xe cả.","false"
"Tại sao mình không nhận được mã xác thực cho tài khoản ngân hàng nhỉ?","false"
"Tại sao không thấy thông báo từ app thương mại điện tử gì cả?","false"
"Chả nhẽ không nhận được mã OTP cho việc xác thực tài khoản ngân hàng?","false"
"Mình đã đặt hàng mà vẫn chưa thấy thông báo gì từ app thanh toán.","false"
"Tại sao mình không vào được kênh mình thích trên truyền hình cáp?","false"
"Em không nhận được mã OTP để xác thực tài khoản ngân hàng.","false"
"Tại sao mình lại không xem được kênh yêu thích trên truyền hình cáp nhỉ?","false"
"Có ai biết làm sao để khôi phục tài khoản trên app thanh toán không?","false"
"Tại sao không thấy thông báo từ app đặt đồ ăn nhỉ?","false"
"Đã nạp tiền vào tài khoản game mà sao chưa thấy số dư cập nhật nhỉ?","false"
"Tại sao mình không vào được tài khoản ví điện tử nhỉ?","false"
"Đã đặt vé xem phim nhưng không thấy yêu cầu xác minh số điện thoại.","false"
"Mình đã thanh toán nhưng không thấy thông báo gì từ app thương mại điện tử cả.","false"
"Em không nhận được mã OTP trong khi đăng nhập tài khoản ngân hàng.","false"
"Tại sao mình không vào được kênh truyền hình yêu thích nhỉ?","false"
"Chả nhẽ không nhận được thông báo từ app gọi xe à?","false"
"Mình bị trừ tiền không rõ lý do, có ai biết không?","false"
"Chào bạn, tôi không nhận được mã OTP để xác minh tài khoản ngân hàng của mình","false"
"Giúp tôi kiểm tra sao mà không vào được ví điện tử, bị khóa tài khoản rồi","false"
"Tại sao tôi không xem được kênh truyền hình cáp mà đã thanh toán trước đó?","false"
"Tôi cần hỗ trợ vì không nhận được tin nhắn xác thực từ app xem phim","false"
"Tháng này, sao mà hóa đơn truyền hình cáp cao quá, không xem được gì","false"
"Không thể đăng nhập vào tài khoản game của mình, có cần phải xác minh số điện thoại không?","false"
"Tôi đã nạp tiền vào ví điện tử mà không thấy số dư tăng, phải làm sao?","false"
"Xin cho tôi biết tại sao không nhận được tin nhắn xác nhận từ app gọi xe","false"
"Tại sao tôi không thể xem phim trên app, có phải do vấn đề xác minh không?","false"
"Sao mà tôi không thể rút tiền từ ví điện tử, có phải tài khoản bị khóa không?","false"
"Giúp tôi với, tôi không vào được tài khoản ngân hàng, mã OTP không gửi về số điện thoại","false"
"Tôi bị trừ tiền không rõ lý do cho gói dịch vụ truyền hình, làm ơn xem giúp tôi","false"
"Không hiểu sao tôi không thể thanh toán qua app, cứ báo lỗi mã OTP","false"
"Nghe nói có chương trình khuyến mãi trên app mua sắm, nhưng tôi không thấy gì","false"
"Giúp tôi khôi phục tài khoản trong game, nó yêu cầu xác minh số điện thoại","false"
"Tại sao không nhận được tin nhắn từ ứng dụng thanh toán, phải làm như thế nào?","false"
"Hóa đơn từ dịch vụ truyền hình cáp này quá cao, có ai biết chi tiết không?","false"
"Tại sao tôi không vào được ví điện tử của mình, có cần đổi số điện thoại không?","false"
"Tôi đã nhập số điện thoại để nhận mã xác thực mà không thấy gì, phải làm sao?","false"
"Chờ mã OTP từ app gọi xe mãi mà không thấy, có ai gặp trường hợp này chưa?","false"
"Tháng trước tôi đăng ký gói kênh nhưng giờ không xem được gì, sao lại thế?","false"
"Bị trừ tiền trong tài khoản ví điện tử mà không biết lý do, yêu cầu hỗ trợ gấp!","false"
"Tôi không thể thanh toán qua app vì mã xác thực không được gửi về số điện thoại của tôi","false"
"Trên app đặt đồ ăn, mã khuyến mãi không áp dụng được, có ai biết không?","false"
"Có ai biết cách khôi phục tài khoản ngân hàng khi bị khóa không?","false"
"Tại sao tôi không thể xác thực tài khoản trên app ngân hàng của mình?","false"
"Tôi đã gửi yêu cầu hỗ trợ nhưng không thấy phản hồi gì từ dịch vụ truyền hình","false"
"App xem phim yêu cầu tôi nhập số điện thoại nhưng không nhận được mã xác minh","false"
"Sao mà không nhận được mã OTP cho ví điện tử, chờ cả buổi rồi","false"
"Bị trừ tiền cho dịch vụ không sử dụng, có ai biết phải khiếu nại ở đâu không?","false"
"Không thể đăng nhập vào tài khoản truyền hình cáp, có cần xác minh lại không?","false"
"Giúp tôi với, tôi không thể xem phim trên ứng dụng, cứ lỗi không kết nối","false"
"Tại sao không thể thanh toán qua app, mã OTP không gửi về số điện thoại?","false"
"Số điện thoại tôi dùng để đăng ký tài khoản ngân hàng không xác minh được, làm sao?","false"
"Tôi đã nhập đúng thông tin mà vẫn không vào được ví điện tử, cần hỗ trợ","false"
"Hóa đơn tháng này cho dịch vụ truyền hình cao quá, có ai biết lý do không?","false"
"App gọi xe của tôi yêu cầu xác minh số điện thoại, nhưng không nhận được tin nhắn","false"
"Có ai biết lý do gì mà không xem được kênh truyền hình cáp này không?","false"
"Tôi cần mã OTP để xác thực tài khoản nhưng không nhận được, phải làm sao?","false"
"Đã thanh toán cho dịch vụ truyền hình mà không xem được kênh nào, có ai biết không?","false"
"Nghe nói có khuyến mãi trên app mua sắm, sao mà không thấy thông tin gì hết?","false"
"Sao không vào được tài khoản ngân hàng, mã xác minh gửi về số điện thoại không thành công?","false"
"Không biết có phải lỗi gì mà không nhận được tin nhắn từ ví điện tử nữa không?","false"
"Tại sao tôi không thể rút tiền từ ví điện tử, có phải xác minh số điện thoại không?","false"
"Tôi đã thực hiện thanh toán qua app nhưng không thấy tiền trừ, ai biết lý do?","false"
"Mã OTP không gửi về điện thoại khi tôi cố gắng đăng nhập vào app ngân hàng","false"
"Sao mà hóa đơn truyền hình cáp quá cao, không sử dụng gì cả mà vẫn mất tiền?","false"
"Giúp tôi, không nhận được xác nhận từ app gọi xe, có ai gặp lỗi này chưa?","false"
"App xem phim yêu cầu nhập mã OTP nhưng tôi không nhận được mã nào","false"
"Không thể truy cập vào tài khoản game vì cần mã xác minh số điện thoại, làm sao?","false"
"Tại sao tôi không thể thanh toán cho dịch vụ ví điện tử, cứ báo lỗi mã xác thực?","false"
"Đã thanh toán cho dịch vụ truyền hình cáp mà không xem được chương trình nào","false"
"Tôi không nhận được tin nhắn xác minh cho tài khoản ngân hàng, có ai biết không?","false"
"Chậm trễ trong việc gửi mã OTP cho ví điện tử làm tôi không thể thực hiện giao dịch","false"
"Bị khóa tài khoản game vì vấn đề xác minh số điện thoại, không biết làm sao?","false"
"Giúp tôi giải quyết vấn đề không xem được kênh truyền hình cáp mà đã thanh toán","false"
"Sao tôi không thể xác thực tài khoản trên ứng dụng thanh toán, cần mã OTP mà không có?","false"
"Bị trừ tiền không rõ lý do từ ví điện tử, có ai biết cách khiếu nại không?","false"
"Không nhận được mã OTP khi đăng nhập vào tài khoản ngân hàng, làm sao để giải quyết?","false"
"Tại sao không vào được app xem phim, mã xác minh không được gửi về số điện thoại của tôi?","false"
"Có ai gặp lỗi không nhận được xác thực số điện thoại cho dịch vụ gọi xe không?","false"
"Giúp tôi với, tôi không tìm thấy thông tin về hóa đơn truyền hình cáp này ở đâu cả","false"
"Sao mà mã OTP không gửi về điện thoại, không thể vào được ví điện tử!","false"
"Khó khăn trong việc thanh toán qua app vì không nhận được mã xác minh số điện thoại","false"
"Tôi không xem được kênh truyền hình mà đã thanh toán, có ai biết lý do không?","false"
"Khi nào thì tôi nhận được mã xác minh cho tài khoản ngân hàng của mình đây?","false"
"Bị khóa tài khoản trên app gọi xe, yêu cầu xác minh số điện thoại mà không nhận được tin nhắn","false"
"Chờ mã OTP cho ví điện tử mà không thấy gì hết, có ai gặp trường hợp tương tự không?","false"
"Ở đâu có thể khiếu nại vấn đề bị trừ tiền cho dịch vụ mà không sử dụng?","false"
"Tôi cần hỗ trợ vì không vào được tài khoản game, mã xác minh không gửi về số điện thoại","false"
"Sao mà hóa đơn truyền hình cáp tháng này cao quá, không xem được gì hết!","false"
"Tại sao tôi không thể đăng nhập vào app thanh toán, có cần phải xác minh số điện thoại không?","false"
"Có ai biết cách xử lý khi không nhận được mã xác thực cho ví điện tử không?","false"
"Giúp tôi kiểm tra sao mà không xem được kênh truyền hình cáp nào, đã thanh toán rồi mà!","false"
"Tôi không nhận được mã OTP khi đăng nhập vào tài khoản ngân hàng, cần hỗ trợ gấp!","false"
"Tháng này sao mà hóa đơn truyền hình cáp cao hơn bình thường, có ai biết không?","false"
"Tại sao không thể thanh toán qua app, mã xác thực gửi về số điện thoại không thành công?","false"
"Giúp tôi với, mã xác minh cho app đặt đồ ăn không gửi về điện thoại, làm sao?","false"
"Tôi cần hỗ trợ vì không truy cập được tài khoản game, mã OTP không gửi về số điện thoại của tôi","false"
"Bị khóa tài khoản ví điện tử mà không hiểu lý do, có ai biết phải làm sao không?","false"
"Khi nào tôi có thể nhận được mã OTP để xác thực tài khoản ngân hàng của mình nữa đây?","false"
"Tại sao không thể xem phim trên app, mã xác minh không gửi về số điện thoại của tôi?","false"
"Tôi chờ mã OTP từ app gọi xe mãi mà không thấy gì cả, có ai gặp phải không?","false"
"Có ai biết cách khiếu nại khi bị trừ tiền không rõ lý do từ ví điện tử không?","false"
"Giúp tôi với, không vào được tài khoản ngân hàng, mã xác thực không gửi về số điện thoại!","false"
"Sao mà không nhận được mã OTP cho dịch vụ thanh toán, đợi mãi không thấy!","false"
"Tại sao không vào được app xem phim, mã xác minh không thành công?","false"
"Giúp tôi kiểm tra hóa đơn từ dịch vụ truyền hình cáp, sao mà cao thế này?","false"
"Bị khóa tài khoản game vì cần xác minh số điện thoại, không biết làm sao để mở lại?","false"
"Tôi không nhận được tin nhắn xác minh cho app thanh toán, cần hỗ trợ gấp!","false"
"Sao mà mã OTP không được gửi về cho ví điện tử của tôi, không thể thực hiện giao dịch!","false"
"Tháng này tôi không xem được kênh nào trên truyền hình cáp, hóa đơn vẫn cao","false"
"Tôi không thể đăng nhập vào tài khoản ngân hàng, mã xác thực không gửi về điện thoại","false"
"Có ai biết cách khắc phục lỗi khi không nhận được mã xác nhận cho app gọi xe không?","false"
"Tại sao không thể thanh toán cho dịch vụ truyền hình, cứ báo lỗi không nhận được mã xác thực?","false"
"Giúp tôi với, tôi không vào được tài khoản game, mã xác minh không gửi về số điện thoại","false"
"Cho mình hỏi sao không nhận được mã OTP vào số điện thoại để đăng nhập vào ngân hàng?","false"
"Tại sao mình không thể xem được kênh yêu thích trên truyền hình cáp?","false"
"App đặt đồ ăn yêu cầu xác minh số điện thoại nhưng không gửi mã xác thực, sao lại vậy?","false"
"Mình bị trừ tiền từ ví điện tử nhưng không biết lý do, ai giúp mình với?","false"
"Không hiểu sao lại không đăng nhập được vào tài khoản game, có cần mã OTP không?","false"
"Mình muốn hỏi về hóa đơn của dịch vụ truyền hình internet, sao mà không xem được phim?","false"
"Tôi không nhận được SMS xác thực của app thanh toán, có lỗi gì không?","false"
"Chả hiểu sao tài khoản của tôi bị khóa trên ứng dụng gọi xe, mà không có thông báo gì cả!","false"
"Đã nạp tiền vào ví điện tử mà vẫn không thấy số dư cập nhật, ai biết lý do không?","false"
"Sao mình không thể nhận được mã xác nhận từ app mạng xã hội nhỉ?","false"
"Không thấy thông báo từ app ngân hàng về số dư tài khoản, có ai gặp lỗi giống mình không?","false"
"Làm ơn xem giúp mình hóa đơn tháng này của dịch vụ truyền hình cáp, mình không tìm thấy!","false"
"Vừa bị khóa tài khoản game, có cần số điện thoại để mở khóa không?","false"
"Tại sao không nhận được mã xác thực để đăng nhập vào app thanh toán?","false"
"Mình không thể xem kênh yêu thích trên truyền hình, có ai biết lý do không?","false"
"Đã gửi mã OTP mà không nhận được trả lời gì từ app ngân hàng, ai biết lý do không?","false"
"Gửi mã xác thực qua số điện thoại mà không thấy đâu, có vấn đề gì không?","false"
"Sao không nhận được thông báo từ dịch vụ gọi xe khi đặt xe nhỉ?","false"
"Hóa đơn thanh toán không hiện trong app, ai có thể giúp mình không?","false"
"Làm sao để mở khóa tài khoản trên app ngân hàng, mình không nhận được mã OTP?","false"
"Điện thoại mình không nhận được mã xác thực từ ứng dụng mua sắm, có ai biết cách xử lý không?","false"
"Mình không nhận được thông báo từ app xem phim, có lỗi gì không?","false"
"Làm ơn giúp mình với, không truy cập được vào tài khoản trên app thanh toán!","false"
"Sao mình không vào được app gọi xe, có ai gặp lỗi gì không?","false"
"Đã nạp tiền nhưng không thấy cộng vào tài khoản ví điện tử, phải làm sao?","false"
"Không nhận được mã OTP để xác nhận thay đổi thông tin tài khoản game, sao lại thế nhỉ?","false"
"Mình không thể xem được phim trên app, có cách nào khác không?","false"
"Tại sao không nhận được tin nhắn xác thực từ dịch vụ thương mại điện tử?","false"
"Giúp mình hỏi về hóa đơn không hiển thị trên app truyền hình cáp!","false"
"Tại sao không nhận được mã xác thực khi đăng nhập vào tài khoản ví điện tử?","false"
"Nếu không nhận được mã OTP thì sao mình mở khóa tài khoản trên app ngân hàng?","false"
"Chả hiểu sao số điện thoại của mình không nhận được mã xác thực từ app gọi xe!","false"
"Giúp mình xem sao không thể đăng nhập vào tài khoản trên ứng dụng mạng xã hội!","false"
"Mình vẫn không nhận được mã xác thực khi đăng nhập vào app thanh toán!","false"
"Làm ơn giúp mình với, không thấy hóa đơn từ dịch vụ truyền hình cáp!","false"
"Đã gửi mã OTP nhưng không nhận được thông báo gì từ ứng dụng ngân hàng, sao lại thế?","false"
"Tại sao mình không thể cài đặt app xem phim trên điện thoại mới?","false"
"Chả hiểu sao không nhận được mã xác minh khi nhập số điện thoại vào app game!","false"
"Sao lại không thấy thông báo từ app đặt đồ ăn sau khi đặt hàng nhỉ?","false"
"Không thấy tin nhắn xác thực từ app ngân hàng, có ai gặp vấn đề này không?","false"
"Làm cách nào để mở khóa tài khoản ví điện tử mà không nhận được mã xác thực?","false"
"Giúp mình với, không tìm thấy hóa đơn truyền hình cáp hàng tháng, ai biết không?","false"
"Mình không nhận được mã OTP từ app thanh toán, có ai có cách khắc phục không?","false"
"Tại sao mình không thể xem được kênh yêu thích trên dịch vụ truyền hình internet?","false"
"Đã nạp tiền vào tài khoản game nhưng vẫn không thấy số dư cập nhật, sao thế nhỉ?","false"
"Không hiểu sao không nhận được mã xác minh khi đăng ký tài khoản mạng xã hội!","false"
"Mình cần hỗ trợ mở khóa tài khoản ví điện tử nhưng không nhận được mã OTP. Ai giúp mình với!","false"
"Tại sao không nhận được thông báo từ app gọi xe sau khi đặt chuyến?","false"
"Giúp mình với, không thấy hóa đơn từ dịch vụ thương mại điện tử trong app!","false"
"Sao mã xác thực lên số điện thoại mà không nhắn tin được cho app ngân hàng?","false"
"Tại sao tôi không nhận được tin nhắn xác minh tài khoản trên app thanh toán?","false"
"Mình không nhận được mã xác nhận khi đăng nhập vào tài khoản game, có ai giúp không?","false"
"Chả hiểu sao không thấy hóa đơn từ dịch vụ truyền hình cáp trong ứng dụng!","false"
"Đã gửi mã OTP mà không thấy thông báo từ app ngân hàng, ai biết sao không?","false"
"Tại sao số điện thoại của mình không nhận được mã xác thực từ app đặt đồ ăn?","false"
"Mình không thể xem phim trên ứng dụng, có ai gặp lỗi tương tự không?","false"
"Giúp mình xem sao không nhận được mã xác minh tài khoản trên ứng dụng gọi xe!","false"
"Làm thế nào để mở khóa tài khoản trên app thanh toán khi không nhận được mã OTP?","false"
"Tại sao lại không nhận được tin nhắn xác thực từ app ngân hàng nhỉ?","false"
"Không thấy thông báo từ app thương mại điện tử về đơn hàng của tôi, có ai biết không?","false"
"Giúp mình xem sao không thể đăng nhập vào tài khoản trên app truyền hình cáp!","false"
"Mình không nhận được mã OTP để xác nhận tài khoản game, làm sao để khắc phục?","false"
"Tại sao không thấy hóa đơn dịch vụ từ ứng dụng xem phim trong tháng này?","false"
"Đã gửi mã xác thực nhưng không thấy tin nhắn từ app ngân hàng, có ai gặp lỗi không?","false"
"Sao mà không nhận được mã xác minh tài khoản từ app thanh toán nhỉ?","false"
"Giúp mình với, không thấy thông báo từ dịch vụ gọi xe về chuyến đi đã đặt!","false"
"Làm sao để mở khóa tài khoản trên ví điện tử khi không nhận được mã xác thực?","false"
"Tại sao lại không nhận được mã OTP khi đăng nhập vào app mạng xã hội?","false"
"Đã nạp tiền mà không thấy cập nhật số dư trên tài khoản game, sao lại vậy?","false"
"Sao mình không thể xem được kênh trên dịch vụ truyền hình cáp này nhỉ?","false"
"Thực sự không hiểu sao không nhận được mã xác thực từ app gọi xe!","false"
"Chả hiểu sao không nhận được tin nhắn xác minh từ app thanh toán, ai biết không?","false"
"Tại sao lại không nhận được mã OTP để xác minh tài khoản trên app ngân hàng nhỉ?","false"
"Giúp mình xem sao không nhận được thông báo từ dịch vụ thương mại điện tử!","false"
"Mình cần hỗ trợ mở khóa tài khoản trên app game nhưng không nhận được mã xác thực!","false"
"Tại sao lại không thấy hóa đơn truyền hình cáp trong ứng dụng của mình?","false"
"Đã gửi mã xác thực nhưng không thấy tin nhắn nào từ app ngân hàng, có ai biết không?","false"
"Sao mà số điện thoại của mình không nhận được mã xác thực từ app đặt đồ ăn nhỉ?","false"
"Giúp mình với, không thể xem phim trên ứng dụng, có lỗi gì không?","false"
"Mình không nhận được mã xác minh khi đăng nhập vào tài khoản trên app thanh toán!","false"
"Sao không nhận được thông báo từ dịch vụ gọi xe sau khi đặt chuyến đi nhỉ?","false"
"Đã nạp tiền vào ví điện tử mà vẫn không thấy số dư cập nhật, ai biết lý do không?","false"
"Không hiểu sao không nhận được mã xác thực từ app ngân hàng để đăng nhập!","false"
"Tại sao không thấy tin nhắn xác minh tài khoản từ app thương mại điện tử?","false"
"Giúp mình xem sao không thể đăng nhập vào tài khoản trên app truyền hình cáp!","false"
"Sao lại không nhận được mã OTP khi đăng nhập vào tài khoản game nhỉ?","false"
"Tại sao mình không thể xem được kênh yêu thích trên dịch vụ truyền hình internet?","false"
"Mình cần hỗ trợ mở khóa tài khoản trên ví điện tử mà không nhận được mã OTP!","false"
"Đã gửi mã xác thực mà không thấy thông báo phản hồi từ app ngân hàng, sao lại thế?","false"
"Tại sao không thấy thông báo từ app gọi xe về đơn hàng mình đã đặt?","false"
"Giúp mình với, không thấy hóa đơn từ dịch vụ thương mại điện tử trong ứng dụng!","false"
"Sao mà không nhận được mã xác minh tài khoản từ app thanh toán nhỉ?","false"
"Làm sao để mở khóa tài khoản trên app game khi không nhận được mã xác thực?","false"
"Tại sao mình không nhận được mã OTP để xác minh tài khoản trên app ngân hàng?","false"
"Không thấy thông báo từ dịch vụ truyền hình cáp về kênh yêu thích của mình, có ai biết không?","false"
"Chả hiểu sao không nhận được mã xác thực từ app đặt đồ ăn, có ai gặp lỗi không?","false"
"Giúp mình xem sao không nhận được mã xác minh tài khoản từ app thương mại điện tử!","false"
"Đã nạp tiền vào tài khoản nhưng vẫn không thấy số dư cập nhật trên ví điện tử, sao lại vậy?","false"
"Xin lỗi, tôi không nhận được mã OTP để đăng nhập vào tài khoản ngân hàng của mình","false"
"Tại sao tôi không thể xem được kênh truyền hình yêu thích trên app?","false"
"Đã bị trừ tiền từ ví điện tử mà không biết lý do, ai có thể giúp tôi?","false"
"App đặt đồ ăn yêu cầu xác minh số điện thoại, nhưng tôi không nhận được tin nhắn","false"
"Tôi cần hỗ trợ về việc không vào được tài khoản game của mình, có thể giúp không?","false"
"Lỗi không thể thanh toán qua app, có ai gặp vấn đề tương tự không?","false"
"Chả hiểu sao tôi không vào được ví điện tử, có cần xác minh gì không?","false"
"Chờ mã OTP từ app xem phim mà mãi không thấy, ai biết lý do không?","false"
"Tôi đang gặp vấn đề với tài khoản trên ứng dụng gọi xe, không đăng nhập được","false"
"Nhờ mọi người giúp, không biết làm sao để khôi phục tài khoản thương mại điện tử","false"
"Tháng này hóa đơn truyền hình cáp bị tăng, ai biết lý do không?","false"
"Có ai từng bị khóa tài khoản ngân hàng do nhập sai mã OTP nhiều lần không?","false"
"Tôi không nhận được thông báo từ app thanh toán, ai biết làm sao không?","false"
"App xem phim yêu cầu xác minh số điện thoại, mà tôi không thấy mã gửi về","false"
"Tôi đã nạp tiền vào ví điện tử nhưng không thấy số dư cập nhật, làm sao giải quyết?","false"
"Đã liên hệ với hỗ trợ nhưng không thấy phản hồi về việc không xem được kênh truyền hình","false"
"Làm sao để khôi phục tài khoản game bị khóa, tôi không nhớ mật khẩu","false"
"Có cách nào để lấy lại mã OTP từ app ngân hàng khi không nhận được không?","false"
"Đang gặp lỗi không đăng nhập được vào tài khoản trên app thương mại điện tử","false"
"Không biết tại sao hóa đơn tháng này lại cao hơn bình thường cho truyền hình cáp","false"
"Tôi không vào được app gọi xe, có ai có cách gì không?","false"
"Không nhận được xác nhận thanh toán qua app, có ai biết tại sao không?","false"
"Chờ mã OTP gửi về điện thoại để lấy lại mật khẩu mà mãi không thấy","false"
"Làm ơn cho tôi biết cách khắc phục lỗi không xem được video trên app xem phim","false"
"Tại sao tài khoản ví điện tử của tôi lại bị khóa, ai biết không?","false"
"Đã trừ tiền nhưng không nhận được dịch vụ trên app đặt đồ ăn, ai giúp tôi với?","false"
"Nhờ mọi người giúp, không biết làm sao để lấy lại tài khoản ngân hàng bị khóa","false"
"Tôi đang gặp sự cố với ứng dụng thanh toán, không thể chuyển tiền được","false"
"Tôi không thấy thông báo từ app gọi xe, tôi đã đặt xe nhưng không có tin tức gì","false"
"Tôi bị trừ tiền tài khoản thương mại điện tử nhưng không mua gì cả, có ai bị như vậy không?","false"
"Truyền hình cáp của tôi không xem được kênh yêu thích, đã thử khởi động lại mà không được","false"
"Tôi không nhận được mã xác thực khi đăng ký tài khoản mới trên app ngân hàng","false"
"Có cách nào để sửa lỗi không vào được tài khoản game mà không có mã OTP không?","false"
"Giúp tôi với, không biết làm sao để giải quyết việc không xem được kênh trên app truyền hình?","false"
"Không thấy tiền trong ví điện tử sau khi chuyển, ai biết lý do không?","false"
"Gửi mã OTP cho tài khoản ngân hàng mà không thấy tin nhắn nào, có ai biết không?","false"
"Mong mọi người giúp, không vào được app thanh toán, có cách nào không?","false"
"Tại sao bị khóa tài khoản trong app gọi xe? Tôi chưa bao giờ vi phạm quy định mà","false"
"Không nhận được mã OTP cần thiết để xác minh tài khoản trên app thương mại điện tử","false"
"Tôi đã báo cáo lỗi không vào được app xem phim mà không thấy ai phản hồi, có ai biết không?","false"
"Có ai từng gặp tình trạng không thể thanh toán qua app ví điện tử không?","false"
"Tại sao lại bị khóa tài khoản ngân hàng khi không vi phạm gì cả?","false"
"Đã chờ mã OTP để xác minh tài khoản nhưng không thấy gì, làm sao để lấy lại?","false"
"Tôi không vào được ứng dụng gọi xe, có ai biết lý do không?","false"
"Giúp tôi với, làm sao để khắc phục việc không nhận được thông báo từ app thanh toán?","false"
"Tôi đã thử khôi phục tài khoản game nhưng không nhận được mã OTP, ai biết lý do không?","false"
"Không hiểu sao hóa đơn truyền hình cáp tháng này lại cao hơn bình thường, có ai biết không?","false"
"Làm ơn cho hỏi ai đã gặp tình trạng không xem được video trên app không?","false"
"Chờ mã OTP từ app ngân hàng mà không thấy, có cách nào lấy lại không?","false"
"Khóa tài khoản ví điện tử vì lý do gì vậy? tôi chưa làm gì sai mà","false"
"Tôi không tìm thấy thông báo thanh toán trên app thương mại điện tử, ai biết cách giải quyết không?","false"
"Tháng này sao hóa đơn truyền hình cáp lại cao hơn bình thường vậy?","false"
"Tôi cần hỗ trợ vì không thể đăng nhập vào tài khoản trên app gọi xe","false"
"Chả hiểu sao tôi chưa nhận được mã OTP để xác minh tài khoản ngân hàng","false"
"Tôi không xem được một số kênh trên truyền hình cáp, có ai biết cách khắc phục không?","false"
"Liệu có thể khôi phục tài khoản game khi không nhận được mã OTP không?","false"
"Giúp tôi với, không thể thanh toán qua ví điện tử, có ai gặp tình trạng này không?","false"
"Tại sao app gọi xe của tôi lại không hoạt động, rất cần đi gấp?","false"
"Tôi không thấy hóa đơn tháng này từ ứng dụng xem phim, ai biết không?","false"
"Làm sao để khôi phục tài khoản ngân hàng khi không nhận được mã OTP xác minh?","false"
"Tôi đã chờ mã xác thực từ app thanh toán nhưng vẫn không thấy gì","false"
"Chả hiểu sao tài khoản thương mại điện tử của tôi lại bị khóa, ai biết cách khắc phục không?","false"
"Không thấy mã OTP để xác minh tài khoản ngân hàng, ai có cách nào không?","false"
"Tôi có thể liên hệ với ai để giải quyết việc không vào được ứng dụng gọi xe không?","false"
"App truyền hình cáp của tôi không xem được kênh yêu thích, làm sao bây giờ?","false"
"Tháng này hóa đơn từ app xem phim lại cao, có ai biết lý do không?","false"
"Làm sao để khôi phục tài khoản game khi không nhận được mã xác minh?","false"
"Chờ mã OTP từ ví điện tử nhưng không thấy tin nhắn nào, ai biết lý do không?","false"
"Tôi không thể thanh toán qua app thương mại điện tử, có ai biết cách khắc phục không?","false"
"Có ai vào được app gọi xe không, tôi đang cần đi gấp mà không vào được?","false"
"Tôi không thấy thông báo về thanh toán từ app xem phim, có ai biết lý do không?","false"
"Không nhận được mã xác thực khi đăng nhập vào tài khoản ngân hàng, có cách nào không?","false"
"Có ai gặp tình trạng không xem được video trên app không?","false"
"Làm sao để có mã OTP từ ứng dụng thanh toán khi không thấy gửi về?","false"
"Tại sao tài khoản ngân hàng của tôi lại bị khóa mà không rõ lý do?","false"
"Tôi không thể đăng nhập vào tài khoản trên app gọi xe, ai có kinh nghiệm không?","false"
"Chờ mã xác thực từ ví điện tử mà mãi không thấy hồi âm, ai biết cách gì không?","false"
"App truyền hình cáp của tôi bị lỗi không xem được chương trình, có ai biết không?","false"
"Làm ơn cho tôi biết cách khắc phục tài khoản game bị khóa mà không có mã OTP?","false"
"Tôi cần hỗ trợ về việc không nhận được mã OTP từ app ngân hàng, ai giúp không?","false"
"Có ai gặp vấn đề không thể thanh toán qua app thương mại điện tử không?","false"
"Giúp tôi với, không thấy hóa đơn từ ứng dụng xem phim, ai biết làm sao không?","false"
"Tại sao lại không vào được tài khoản trên ứng dụng gọi xe, có cách nào không?","false"
"Tôi đã thử khôi phục tài khoản ngân hàng nhưng không nhận được mã OTP, làm sao?","false"
"Tôi không thể thanh toán qua ví điện tử, có cách nào để khắc phục không?","false"
"Chờ mã OTP từ app gọi xe nhưng không thấy gì, ai đó có biết không?","false"
"Mong mọi người giúp, không biết làm sao để xem lại hóa đơn truyền hình cáp?","false"
"Đã gửi yêu cầu khôi phục tài khoản game nhưng không thấy ai phản hồi, sao lại thế?","false"
"Không nhận được mã xác thực từ app thanh toán, có ai biết lý do không?","false"
"Tại sao tài khoản ngân hàng của tôi lại bị khóa mà không có lí do rõ ràng?","false"
"Tôi không thể vào được app gọi xe, có ai biết cách nào không?","false"
"Không thấy mã OTP từ ví điện tử, ai có kinh nghiệm gì không?","false"
"Chờ mã xác thực từ app truyền hình cáp nhưng mãi không thấy, có ai biết không?","false"
"Làm sao để khôi phục tài khoản game khi không nhận được mã xác nhận?","false"
"Giúp tôi với, không biết làm sao để thanh toán qua app thương mại điện tử đây?","false"
"Chả hiểu sao tài khoản ví điện tử của tôi lại bị khóa, ai biết lý do không?","false"
"Tôi không thấy thông báo về hóa đơn từ app xem phim, có cách nào không?","false"
"Tôi đã thử đăng nhập vào tài khoản ngân hàng mà không nhận được mã OTP, sao lại thế?","false"
"App gọi xe của tôi không hoạt động, có ai biết cách nào không?","false"
"Không nhận được mã OTP để xác minh tài khoản ngân hàng, ai đó có biết không?","false"
"Tại sao tôi không thể thanh toán qua app thanh toán, có ai có cách gì không?","false"
"Không thấy hóa đơn tháng này từ ứng dụng truyền hình cáp, có ai biết lý do không?","false"
"Tôi đã gửi yêu cầu khôi phục tài khoản game nhưng không thấy ai trả lời, ai biết không?","false"
"Không gửi được mã xác thực từ app thanh toán, ai có cách nào không?","false"
"Tại sao tài khoản ngân hàng của tôi lại bị khóa không rõ lý do?","false"
"Tôi không vào được app gọi xe, rất cần đi gấp mà không được, ai giúp?","false"
"Chờ mã OTP từ ví điện tử mà không thấy tin nhắn nào, ai biết lý do không?","false"
"Không xem được chương trình truyền hình cáp yêu thích, ai có cách khắc phục không?","false"
"Giúp tôi với, không biết làm sao để khôi phục tài khoản game bị khóa mà không có mã OTP?","false"
"Tôi không nhận được mã xác thực từ app ngân hàng, có ai biết cách nào không?","false"
"Có ai gặp tình trạng không thanh toán được qua app thương mại điện tử không?","false"
"Tôi không thấy hóa đơn từ app xem phim, ai có cách nào không?","false"
"Tại sao lại không vào được tài khoản trên ứng dụng gọi xe, có ai biết không?","false"
"Tôi đã thử khôi phục tài khoản ngân hàng nhưng không nhận được mã OTP, sao lại thế?","false"
"Không thể thanh toán qua ví điện tử, có cách nào để xử lý không?","false"
"Chờ mã OTP từ app gọi xe nhưng không thấy gì, ai đó có biết không?","false"
"Tôi cần hỗ trợ về việc không nhận được thông báo từ app thanh toán, có ai giúp không?","false"
"Giúp tôi với, không biết làm sao để xem lại hóa đơn truyền hình cáp?","false"
"Tôi đã gửi yêu cầu khôi phục tài khoản game nhưng không thấy ai phản hồi, sao vậy?","false"
"Tôi không thể nhận mã xác thực từ app thanh toán, có ai biết lý do không?","false"
"Tại sao tài khoản ngân hàng của tôi lại bị khóa mà không rõ lý do?","false"
"Tôi không thể vào được app gọi xe, có ai biết cách nào không?","false"
"Không thấy mã OTP từ ví điện tử, ai có kinh nghiệm gì không?","false"
"Chờ mã xác thực từ app truyền hình cáp nhưng mãi không thấy, có ai biết không?","false"
"Làm sao để khôi phục tài khoản game khi không nhận được mã xác nhận?","false"
"Giúp tôi với, không biết làm sao để thanh toán qua app thương mại điện tử đây?","false"
"Chả hiểu sao tài khoản ví điện tử của tôi lại bị khóa, ai biết lý do không?","false"
"Tôi không thấy thông báo về hóa đơn từ app xem phim, có cách nào không?","false"
"Tôi đã thử đăng nhập vào tài khoản ngân hàng mà không nhận được mã OTP, sao lại thế?","false"
"App gọi xe của tôi không hoạt động, có ai biết cách nào không?","false"
"Không nhận được mã OTP để xác minh tài khoản ngân hàng, ai đó có biết không?","false"
"Tại sao tôi không thể thanh toán qua app thanh toán, có ai có cách gì không?","false"
"Không thấy hóa đơn tháng này từ ứng dụng truyền hình cáp, có ai biết lý do không?","false"
"Tôi đã gửi yêu cầu khôi phục tài khoản game nhưng không thấy ai trả lời, ai biết không?","false"
"Không gửi được mã xác thực từ app thanh toán, ai có cách nào không?","false"
"Tại sao tài khoản ngân hàng của tôi lại bị khóa không rõ lý do?","false"
"Tôi không vào được app gọi xe, rất cần đi gấp mà không được, ai giúp?","false"
"Chờ mã OTP từ ví điện tử mà không thấy tin nhắn nào, ai biết lý do không?","false"
"Không xem được chương trình truyền hình cáp yêu thích, ai có cách khắc phục không?","false"
"Giúp tôi với, không biết làm sao để khôi phục tài khoản game bị khóa mà không có mã OTP?","false"
"Tôi không nhận được mã xác thực từ app ngân hàng, có ai biết cách nào không?","false"
"Có ai gặp tình trạng không thanh toán được qua app thương mại điện tử không?","false"
"Tôi không thấy hóa đơn từ app xem phim, ai có cách nào không?","false"
"Tại sao lại không vào được tài khoản trên ứng dụng gọi xe, có ai biết không?","false"
"Tôi đã thử khôi phục tài khoản ngân hàng nhưng không nhận được mã OTP, sao lại thế?","false"
"Không thể thanh toán qua ví điện tử, có cách nào để xử lý không?","false"
"Chờ mã OTP từ app gọi xe nhưng không thấy gì, ai đó có biết không?","false"
"Tôi cần hỗ trợ về việc không nhận được thông báo từ app thanh toán, có ai giúp không?","false"
"Chào bạn, mình không nhận được mã OTP để đăng nhập vào ứng dụng ngân hàng.","false"
"Giúp mình với, tài khoản ví điện tử của mình bị khoá mà không rõ lý do.","false"
"Tại sao mình không xem được kênh truyền hình mình đã đăng ký?","false"
"Mã xác thực trên app giao hàng không gửi đến số điện thoại của mình.","false"
"Tháng này sao hóa đơn truyền hình cáp của mình lại cao vậy?","false"
"Tại sao ứng dụng đặt đồ ăn lại không nhận số điện thoại của mình?","false"
"Help me, tài khoản game của mình không hoạt động, cần phải xác minh điện thoại.","false"
"Mình đã trả tiền cho dịch vụ xem phim nhưng không vào được tài khoản.","false"
"App thanh toán yêu cầu số điện thoại nhưng mình không nhận OTP.","false"
"Tại sao mình không thể tạo tài khoản trên mạng xã hội bằng số điện thoại này?","false"
"Lỗi không đăng nhập được vào tài khoản ngân hàng, cần hỗ trợ khôi phục.","false"
"Bạn ơi, hóa đơn tháng này không có thông tin chi tiết về các kênh truyền hình.","false"
"Giờ mình không nhận được thông báo gì từ app gọi xe, có vấn đề gì không?","false"
"Sao tài khoản ví của mình bị trừ tiền mà không có thông báo gì cả?","false"
"Mình không thể lấy lại mật khẩu tài khoản game vì không nhận được OTP.","false"
"Có ai biết cách khắc phục việc không xem được kênh mình đã đăng ký không?","false"
"Tài khoản của mình trên ứng dụng thanh toán tự nhiên bị khóa mà không có lý do.","false"
"Tháng trước mình đã thanh toán cho gói dịch vụ truyền hình nhưng vẫn không xem được.","false"
"Tại sao ứng dụng xem phim yêu cầu xác minh số điện thoại mà mình không nhận được?","false"
"Mình không thấy phí dịch vụ trong hóa đơn của tháng này, có ai biết không?","false"
"Làm sao để khôi phục tài khoản trên app giao hàng khi mã OTP không gửi về?","false"
"Chào, sao hóa đơn của dịch vụ streaming lại không hiện rõ các gói đã đăng ký?","false"
"Tại sao mình không thể đăng nhập vào ví điện tử bằng số điện thoại này?","false"
"Mình bị trừ tiền từ tài khoản game mà không hiểu sao, cần hỗ trợ.","false"
"Ứng dụng ngân hàng này cần mã OTP nhưng mình không nhận được xác thực.","false"
"Mình quên mật khẩu tài khoản mạng xã hội nhưng không nhận được mã xác minh qua điện thoại.","false"
"Chào bạn, tài khoản của mình trên app xem phim bị lỗi không thể truy cập.","false"
"Tại sao hóa đơn tài khoản truyền hình của mình lại có những khoản không rõ ràng?","false"
"Tai sao mình không nhận được tin nhắn xác thực từ app gọi xe khi đăng ký?","false"
"Mình có vấn đề với tài khoản ví điện tử bị khoá, nhờ bạn hỗ trợ.","false"
"Tháng này sao mình không nhận được thông báo thanh toán cho dịch vụ truyền hình cáp?","false"
"Chào, mình không thể đặt món ăn qua app vì không nhận được mã xác thực.","false"
"Mình không thể đăng nhập vào tài khoản ngân hàng vì không nhận được OTP.","false"
"Tài khoản mình trên ứng dụng gọi xe tự dưng bị chặn mà không có lý do gì cả.","false"
"Tháng trước mình đã thanh toán cho gói kênh truyền hình mà vẫn không có kênh nào.","false"
"Tại sao mình không thể đăng ký tài khoản trên app thanh toán với số điện thoại này?","false"
"Ứng dụng xem phim yêu cầu xác minh nhưng mình không nhận được mã xác thực.","false"
"Sao tài khoản game của mình không nhận được mã OTP để khôi phục mật khẩu?","false"
"Mình đã thanh toán cho dịch vụ streaming nhưng không thể đăng nhập.","false"
"Chào bạn, sao tài khoản ví điện tử của mình lại bị khoá mà không có thông báo?","false"
"Tại sao mình không thể xem truyền hình cáp khi đã thanh toán đầy đủ?","false"
"Mình không nhận được mã OTP để xác minh tài khoản trên app giao hàng.","false"
"Hóa đơn tháng này có nhiều khoản không rõ, ai có thể giải thích giúp mình không?","false"
"Tại sao tài khoản ngân hàng của mình không hoạt động khi mã OTP không gửi đến?","false"
"Mình đã thanh toán cho app gọi xe mà không thấy tiền về tài khoản.","false"
"Tại sao mình không thể khôi phục mật khẩu trên app ngân hàng được?","false"
"Ứng dụng thanh toán kêu gọi xác minh số điện thoại nhưng mã không gửi về.","false"
"Sao mình không nhận được xác thực qua SMS từ dịch vụ truyền hình cáp?","false"
"Tại sao mình không thể xem phim trên app khi đã thanh toán cho gói dịch vụ?","false"
"Mình không hiểu vì sao tài khoản game của mình lại bị chặn không có lý do.","false"
"Giúp mình với, tài khoản ví điện tử của mình không thể đăng nhập được.","false"
"Tại sao mình không nhận được mã OTP để xác minh tài khoản trên app xem phim?","false"
"Hóa đơn truyền hình cáp của mình có nhiều điểm chưa rõ, ai biết giải thích không?","false"
"Tại sao mình không thể nhận mã xác thực để dùng app gọi xe?","false"
"Mình không thấy thông báo gì từ ngân hàng về việc thanh toán dịch vụ.","false"
"Chào, mình cần hỗ trợ với việc không đăng nhập được tài khoản ví điện tử.","false"
"Mình đã thanh toán cho app đặt đồ ăn nhưng không thấy món đâu cả.","false"
"Tại sao tài khoản truyền hình của mình lại không lên được các kênh đã đăng ký?","false"
"Gọi điện cho ngân hàng mà không thấy họ phản hồi gì về vấn đề của mình.","false"
"Chào bạn, tài khoản game của mình không nhận được mã OTP để khôi phục.","false"
"Tại sao mình không thể xem hóa đơn của dịch vụ truyền hình cáp tháng này?","false"
"Tài khoản mình trên app giao hàng bị chặn và không thể đăng nhập.","false"
"Sao mình không nhận được mã xác thực từ ứng dụng thanh toán khi đăng ký?","false"
"Tại sao tháng này mình không thấy hóa đơn cho dịch vụ xem phim?","false"
"Mình cần hỗ trợ kịp thời vì tài khoản ví điện tử của mình bị khoá.","false"
"Chào, mình không nhận được OTP để xác minh tài khoản ngân hàng của mình.","false"
"Hóa đơn truyền hình của mình có nhiều khoản không rõ làm sao để hỏi nhé?","false"
"Tháng này sao mình không nhận được thông báo thanh toán cho dịch vụ gọi xe?","false"
"Tại sao không thể đăng nhập vào tài khoản trên app xem phim khi có vấn đề gì không?","false"
"Mình đã thanh toán cho gói dịch vụ nhưng vẫn không xem được các kênh.","false"
"Sao mình không nhận được mã OTP để sử dụng trên app thanh toán?","false"
"Tài khoản ngân hàng của mình không cho phép đăng nhập khi không nhận được xác thực.","false"
"Tại sao mình không thể khôi phục mật khẩu tài khoản ví điện tử của mình?","false"
"App gọi xe yêu cầu xác minh số điện thoại nhưng mã không đến.","false"
"Sao tài khoản truyền hình cáp của mình lại không hoạt động khi đã thanh toán?","false"
"Mình không thấy thông báo gì về khoản phí dịch vụ tháng này từ app đặt đồ ăn.","false"
"Chào, sao mình không nhận được OTP để xác thực tài khoản game của mình?","false"
"Tại sao mình không thể xem được các bộ phim đã trả tiền trên app?","false"
"Ứng dụng thanh toán yêu cầu mã xác thực mà mình không nhận được.","false"
"Tại sao mình không thể khôi phục tài khoản ngân hàng khi OTP không gửi về?","false"
"Làm ơn giúp, tài khoản ví của mình tự dưng bị khoá không rõ nguyên do.","false"
"Chào bạn, tài khoản game của mình không thể đăng nhập được, cần hỗ trợ.","false"
"Tại sao hóa đơn truyền hình cáp tháng này không có thông tin rõ ràng?","false"
"Chuyện gì xảy ra với tài khoản mình trên app xem phim, không đăng nhập được.","false"
"Tại sao mình không nhận được mã OTP để dùng cho app thanh toán nhỉ?","false"
"Mình cần hỏi về vấn đề không nhận được mã xác thực từ ứng dụng gọi xe.","false"
"Sao mình không thấy hóa đơn cho dịch vụ xem phim tháng này?","false"
"Tài khoản ngân hàng của mình không hoạt động khi không nhận được mã xác minh.","false"
"Chào, mình cần hỗ trợ với việc không đăng nhập được vào tài khoản ví điện tử.","false"
"Tại sao mình không thể xem hóa đơn của dịch vụ truyền hình cáp tháng này?","false"
"Sao tài khoản game của mình lại không nhận được mã OTP để khôi phục?","false"
"Tại sao ứng dụng đặt đồ ăn yêu cầu xác minh mà không gửi mã đến điện thoại?","false"
"Tại sao mình không thể khôi phục mật khẩu trên app ngân hàng được?","false"
"Sao mình không nhận được mã OTP để xác minh tài khoản trên app xem phim?","false"
"Tại sao tài khoản mình trên app giao hàng bị chặn không có lý do gì cả?","false"
"Mình có vấn đề với tài khoản ví điện tử bị khoá, nhờ bạn hỗ trợ.","false"
"Tháng này sao mình không nhận được thông báo thanh toán cho dịch vụ truyền hình cáp?","false"
"Chào, mình không thể đặt món ăn qua app vì không nhận được mã xác thực.","false"
"Tại sao mình không thể xem truyền hình cáp khi đã thanh toán đầy đủ?","false"
"Mình không thể đăng nhập tài khoản ngân hàng vì không nhận được OTP.","false"
"App thanh toán yêu cầu số điện thoại nhưng mình không nhận được xác thực.","false"
"Sao tài khoản game của mình không nhận được mã OTP để khôi phục mật khẩu?","false"
"Mình đã thanh toán cho dịch vụ streaming nhưng không thể đăng nhập.","false"
"Chào bạn, sao tài khoản ví điện tử của mình lại bị khoá mà không có thông báo?","false"
"Tại sao mình không thể xem phim trên app khi đã thanh toán cho gói dịch vụ?","false"
"Mình không hiểu vì sao tài khoản game của mình lại bị chặn không có lý do.","false"
"Giúp mình với, tài khoản ví điện tử của mình không thể đăng nhập được.","false"
"Tại sao mình không nhận được mã OTP để xác minh tài khoản trên app xem phim?","false"
"Hóa đơn truyền hình cáp của mình có nhiều điểm chưa rõ, ai biết giải thích không?","false"
"Tại sao mình không thể nhận mã xác thực để dùng app gọi xe?","false"
"Mình đã thanh toán cho dịch vụ nhưng không thấy tiền về tài khoản.","false"
"Tại sao tài khoản ngân hàng của mình không hoạt động khi mã OTP không gửi đến?","false"
"Mình cần hỗ trợ kịp thời vì tài khoản ví điện tử của mình bị khoá.","false"
"Chào, mình không nhận được OTP để xác minh tài khoản ngân hàng của mình.","false"
"Hóa đơn truyền hình của mình có nhiều khoản không rõ làm sao để hỏi nhé?","false"
"Tháng này sao mình không nhận được thông báo thanh toán cho dịch vụ gọi xe?","false"
"Tại sao không thể đăng nhập vào tài khoản trên app xem phim khi có vấn đề gì không?","false"
"Mình đã thanh toán cho gói dịch vụ nhưng vẫn không xem được các kênh.","false"
"Sao mình không nhận được mã OTP để sử dụng trên app thanh toán?","false"
"Tài khoản ngân hàng của mình không cho phép đăng nhập khi không nhận được xác thực.","false"
"Tại sao mình không thể khôi phục mật khẩu tài khoản ví điện tử của mình?","false"
"App gọi xe yêu cầu xác minh số điện thoại nhưng mã không đến.","false"
"Sao tài khoản truyền hình cáp của mình lại không hoạt động khi đã thanh toán?","false"
"Mình không thấy thông báo gì về khoản phí dịch vụ tháng này từ app đặt đồ ăn.","false"
"Chào, sao mình không nhận được OTP để xác thực tài khoản game của mình?","false"
"Tại sao mình không thể xem được các bộ phim đã trả tiền trên app?","false"
"Ứng dụng thanh toán yêu cầu mã xác thực mà mình không nhận được.","false"
"Tại sao mình không thể khôi phục tài khoản ngân hàng khi OTP không gửi về?","false"
"Làm ơn giúp, tài khoản ví của mình tự dưng bị khoá không rõ nguyên do.","false"
"Chào bạn, tài khoản game của mình không nhận được mã OTP để khôi phục.","false"
"Tại sao hóa đơn truyền hình cáp tháng này không có thông tin rõ ràng?","false"
"Chuyện gì xảy ra với tài khoản mình trên app xem phim, không đăng nhập được.","false"
"Tại sao mình không nhận được mã OTP để dùng cho app thanh toán nhỉ?","false"
"Mình cần hỏi về vấn đề không nhận được mã xác thực từ ứng dụng gọi xe.","false"
"Sao mình không thấy hóa đơn cho dịch vụ xem phim tháng này?","false"
"Tài khoản ngân hàng của mình không hoạt động khi không nhận được mã xác minh.","false"
"Chào, mình cần hỗ trợ với việc không đăng nhập được vào tài khoản ví điện tử.","false"
"Tại sao mình không thể xem hóa đơn của dịch vụ truyền hình cáp tháng này?","false"
"Sao tài khoản game của mình lại không nhận được mã OTP để khôi phục?","false"
"Tại sao ứng dụng đặt đồ ăn yêu cầu xác minh mà không gửi mã đến điện thoại?","false"
"Tại sao mình không thể khôi phục mật khẩu trên app ngân hàng được?","false"
"Sao mình không nhận được mã OTP để xác minh tài khoản trên app xem phim?","false"
"Tại sao tài khoản mình trên app giao hàng bị chặn không có lý do gì cả?","false"
"Mình có vấn đề với tài khoản ví điện tử bị khoá, nhờ bạn hỗ trợ.","false"
"Tháng này sao mình không nhận được thông báo thanh toán cho dịch vụ truyền hình cáp?","false"
"Chào, mình không thể đặt món ăn qua app vì không nhận được mã xác thực.","false"
"Tại sao mình không thể xem truyền hình cáp khi đã thanh toán đầy đủ?","false"
"Mình không thể đăng nhập tài khoản ngân hàng vì không nhận được OTP.","false"
"App thanh toán yêu cầu số điện thoại nhưng mình không nhận được xác thực.","false"
"Sao tài khoản game của mình không nhận được mã OTP để khôi phục mật khẩu?","false"
"Mình đã thanh toán cho dịch vụ streaming nhưng không thể đăng nhập.","false"
"Chào bạn, sao tài khoản ví điện tử của mình lại bị khoá mà không có thông báo?","false"
"Tại sao mình không thể xem phim trên app khi đã thanh toán cho gói dịch vụ?","false"
"Mình không hiểu vì sao tài khoản game của mình lại bị chặn không có lý do.","false"
"Giúp mình với, tài khoản ví điện tử của mình không thể đăng nhập được.","false"
"Tại sao mình không nhận được mã OTP để xác minh tài khoản trên app xem phim?","false"
"Hóa đơn truyền hình cáp của mình có nhiều điểm chưa rõ, ai biết giải thích không?","false"
"Tại sao mình không thể nhận mã xác thực để dùng app gọi xe?","false"
"Mình đã thanh toán cho dịch vụ nhưng không thấy tiền về tài khoản.","false"
"Tại sao tài khoản ngân hàng của mình không hoạt động khi mã OTP không gửi đến?","false"
"Mình cần hỗ trợ kịp thời vì tài khoản ví điện tử của mình bị khoá.","false"
"Chào, mình không nhận được OTP để xác minh tài khoản ngân hàng của mình.","false"
"Hóa đơn truyền hình của mình có nhiều khoản không rõ làm sao để hỏi nhé?","false"
"Tháng này sao mình không nhận được thông báo thanh toán cho dịch vụ gọi xe?","false"
"Tại sao không thể đăng nhập vào tài khoản trên app xem phim khi có vấn đề gì không?","false"
"Mình đã thanh toán cho gói dịch vụ nhưng vẫn không xem được các kênh.","false"
"Sao mình không nhận được mã OTP để sử dụng trên app thanh toán?","false"
"Tài khoản ngân hàng của mình không cho phép đăng nhập khi không nhận được xác thực.","false"
"Tại sao mình không thể khôi phục mật khẩu tài khoản ví điện tử của mình?","false"
"App gọi xe yêu cầu xác minh số điện thoại nhưng mã không đến.","false"
"Sao tài khoản truyền hình cáp của mình lại không hoạt động khi đã thanh toán?","false"
"Mình không thấy thông báo gì về khoản phí dịch vụ tháng này từ app đặt đồ ăn.","false"
"Chào, sao mình không nhận được OTP để xác thực tài khoản game của mình?","false"
"Tại sao mình không thể xem được các bộ phim đã trả tiền trên app?","false"
"Ứng dụng thanh toán yêu cầu mã xác thực mà mình không nhận được.","false"
"Tại sao mình không thể khôi phục tài khoản ngân hàng khi OTP không gửi về?","false"
"Làm ơn giúp, tài khoản ví của mình tự dưng bị khoá không rõ nguyên do.","false"
"Chào bạn, tài khoản game của mình không nhận được mã OTP để khôi phục.","false"
"Tại sao hóa đơn truyền hình cáp tháng này không có thông tin rõ ràng?","false"
"Chuyện gì xảy ra với tài khoản mình trên app xem phim, không đăng nhập được.","false"
"Tại sao mình không nhận được mã OTP để dùng cho app thanh toán nhỉ?","false"
"Mình cần hỏi về vấn đề không nhận được mã xác thực từ ứng dụng gọi xe.","false"
"Sao mình không thấy hóa đơn cho dịch vụ xem phim tháng này?","false"
"Tài khoản ngân hàng của mình không hoạt động khi không nhận được mã xác minh.","false"
"Chào, mình cần hỗ trợ với việc không đăng nhập được vào tài khoản ví điện tử.","false"
"Tại sao mình không thể xem hóa đơn của dịch vụ truyền hình cáp tháng này?","false"
"Chào bạn, mình không nhận được OTP để xác minh tài khoản ngân hàng, bạn giúp mình được không?","false"
"Mình bị khóa tài khoản ví điện tử, không biết làm thế nào để mở lại?","false"
"Tại sao mình không xem được kênh yêu thích trên truyền hình cáp nữa?","false"
"App xem phim yêu cầu mã xác thực nhưng mình không nhận được, phải làm sao?","false"
"Xin lỗi, mình không thấy thông báo trừ tiền cho giao dịch trên app đặt đồ ăn.","false"
"Mình đã nhập số điện thoại đúng nhưng vẫn không đăng nhập vào tài khoản game được.","false"
"Cho mình hỏi cách khôi phục tài khoản trên ứng dụng mạng xã hội với?","false"
"Đã lâu rồi mình không nhận được hóa đơn từ dịch vụ truyền hình internet mà mình đăng ký.","false"
"Mình không thể xác minh danh tính trên ví điện tử vì chưa nhận được mã OTP.","false"
"Lỗi không xem được video trên ứng dụng xem phim, cần trợ giúp nhé!","false"
"Tại sao mình không nhận được thông báo thanh toán trên app thương mại điện tử?","false"
"Mình có thể thay đổi số điện thoại nhận mã xác thực trên ngân hàng không?","false"
"Không thấy ai gọi điện xác minh để kích hoạt tài khoản mới, bạn ơi!","false"
"App gọi xe báo lỗi không nhận diện được số điện thoại của mình.","false"
"Mình cần hỗ trợ vì không vào được tài khoản thanh toán, cho mình biết cách nhé!","false"
"Không hiểu sao mình không nhận được mã xác thực để đăng nhập vào ví điện tử.","false"
"Tại sao bị trừ tiền nhưng không thấy thông báo từ dịch vụ video streaming?","false"
"Mình có thể đăng nhập vào tài khoản game bằng số điện thoại mới không?","false"
"App giao đồ ăn yêu cầu xác minh số điện thoại nhưng mình không nhận được tin nhắn.","false"
"Mình cần gỡ bỏ tài khoản trên ứng dụng ngân hàng nhưng không thấy tùy chọn.","false"
"Đã 3 lần mình thử nhưng không thể đăng nhập vào tài khoản thương mại điện tử.","false"
"Bạn có biết tại sao mình không nhận được OTP từ ngân hàng không?","false"
"Làm thế nào để liên hệ với hỗ trợ khách hàng của dịch vụ truyền hình cáp?","false"
"Mình bị khóa tài khoản trên app gọi xe, không biết phải làm sao bây giờ?","false"
"Không thể xác minh tài khoản video app này vì không nhận được mã xác thực.","false"
"Tại sao không thấy hóa đơn của mình trong app thanh toán sau khi giao dịch?","false"
"Mình muốn biết cách sử dụng dịch vụ hỗ trợ trên app ngân hàng.","false"
"App xem phim này yêu cầu gửi mã xác thực nhưng mình không nhận được gì cả.","false"
"Mình không thể nạp tiền vào tài khoản trên ứng dụng game vì lỗi xác thực.","false"
"Đã cố gắng nhập mã OTP nhưng không nhận được bất kỳ thông báo nào từ ngân hàng.","false"
"Làm sao để khôi phục tài khoản trên app giao đồ ăn, mình bị mất quyền truy cập!","false"
"Mình không nhận được hóa đơn truyền hình cáp hàng tháng, bạn có biết lý do không?","false"
"Tại sao app gọi xe không cho mình xác minh số điện thoại mới?","false"
"Mình đã thử đăng nhập vào ứng dụng mạng xã hội nhưng không nhận được OTP.","false"
"Xin giúp mình cách khôi phục tài khoản ngân hàng mà không cần mã xác thực được không?","false"
"Mình không hiểu sao không nhận được thông báo thanh toán từ dịch vụ streaming.","false"
"Làm thế nào để thay đổi số điện thoại trong tài khoản ví điện tử của mình?","false"
"Tại sao mình không thể xem các kênh trên truyền hình cáp như mong đợi?","false"
"Có cách nào để nhận mã xác thực qua email không, mình không nhận được qua điện thoại.","false"
"Xin lỗi, mình không thấy thông báo trừ tiền cho dịch vụ đặt đồ ăn của mình.","false"
"Mình cần hỗ trợ vì không thể xác minh tài khoản trên ứng dụng tài chính.","false"
"Tại sao mình không nhận được mã xác thực để kích hoạt tài khoản game?","false"
"App thanh toán không cho phép mình đăng nhập vì lý do chưa xác minh số điện thoại.","false"
"Có thể giúp mình kiểm tra hóa đơn truyền hình cáp không? Mình không thấy gì cả.","false"
"Mình không nhận được OTP khi cố gắng đăng nhập vào ví điện tử, phải làm sao?","false"
"App gọi xe báo lỗi không gửi được mã xác thực đến số điện thoại của mình.","false"
"Mình muốn biết tại sao không nhận được thông báo từ dịch vụ giao hàng nữa?","false"
"Tại sao mình không thể xem video trên app này, mặc dù đã đăng nhập thành công?","false"
"Mình không thể tìm thấy tùy chọn thay đổi số điện thoại trong tài khoản ngân hàng.","false"
"App thương mại điện tử yêu cầu xác minh số điện thoại nhưng không thấy gửi mã xác thực.","false"
"Mình cần tìm cách khôi phục tài khoản trên ứng dụng mạng xã hội, bạn giúp mình nhé!","false"
"Mình không hiểu vì sao không nhận được thông báo từ dịch vụ thanh toán online.","false"
"Làm sao để không bị khóa tài khoản trên app giao đồ ăn, mình đã nhập số đúng mà!","false"
"Tại sao không thấy hóa đơn thanh toán trên ứng dụng ngân hàng của mình?","false"
"Có cách nào để xác minh tài khoản trên app xem phim mà không cần mã OTP không?","false"
"Mình không thấy thông báo về giao dịch từ dịch vụ truyền hình cáp mà mình đã đặt.","false"
"App này yêu cầu xác minh số điện thoại nhưng mình không nhận được gì cả.","false"
"Bị khóa tài khoản ví điện tử mà không nhận được thông báo qua số điện thoại.","false"
"Tại sao mình không thể xác thực tài khoản trên app thanh toán bằng số điện thoại cũ?","false"
"Xin lỗi, mình không nhận được mã xác thực khi cố gắng đăng nhập vào tài khoản game.","false"
"Đã lâu lắm rồi mình không nhận được thông báo từ dịch vụ gọi xe này.","false"
"Mình không thể xem kênh yêu thích trên truyền hình cáp, có ai gặp vấn đề giống mình không?","false"
"Làm sao để liên hệ với hỗ trợ khách hàng của dịch vụ xem phim online?","false"
"App gọi xe yêu cầu xác minh số điện thoại nhưng mình không nhận được mã.","false"
"Tại sao mình không nhận được thông báo từ dịch vụ thanh toán cho lần giao dịch này?","false"
"Mình không hiểu sao không đăng nhập vào ứng dụng ngân hàng được, giúp mình với!","false"
"Gửi cho mình mã xác thực qua email được không, mình không nhận được qua điện thoại?","false"
"Có cách nào để khôi phục tài khoản trên app thanh toán mà không cần mã OTP không?","false"
"Chờ mã OTP để xác minh tài khoản nhưng không thấy gì cả, phải làm sao?","false"
"Tại sao không nhận được thông báo thanh toán từ dịch vụ thương mại điện tử?","false"
"Mình không thể xác minh tài khoản trên ứng dụng mạng xã hội vì không nhận được mã xác thực.","false"
"Mình cần hỗ trợ vì không thể đăng nhập vào tài khoản trên app gọi xe, bạn giúp mình nhé!","false"
"Mình đã thử nhiều lần mà vẫn không nhận được mã xác thực từ ví điện tử.","false"
"Làm sao để thay đổi số điện thoại đăng ký trên app giao hàng này?","false"
"Tại sao không thấy thông báo từ dịch vụ video streaming sau khi đăng ký?","false"
"Bị khóa tài khoản game mà không thấy thông báo gì từ app cả.","false"
"Mình không thể đăng nhập vào ứng dụng ngân hàng vì không nhận được OTP.","false"
"Xin lỗi, mình không thấy thông báo trừ tiền cho giao dịch trên app thương mại điện tử.","false"
"Tại sao không thể xác minh tài khoản trên dịch vụ truyền hình cáp này?","false"
"Không nhận được mã xác thực khi đăng nhập vào tài khoản ví điện tử, phải làm sao?","false"
"App này báo lỗi không gửi mã xác thực đến số điện thoại của mình, bạn giúp mình nhé!","false"
"Làm thế nào để nhận hóa đơn từ dịch vụ xem phim mà mình đã sử dụng?","false"
"Đã cố gắng rất nhiều lần nhưng vẫn không nhận được mã OTP từ ngân hàng.","false"
"Tại sao mình không thể thay đổi thông tin tài khoản trên ứng dụng thanh toán này?","false"
"App này cần xác minh số điện thoại nhưng mình không thấy mã xác thực đâu.","false"
"Mình không nhận được thông báo thanh toán từ dịch vụ giao hàng này, bạn có biết lý do không?","false"
"Tại sao mình không xem được kênh yêu thích trên truyền hình mà mình đã đăng ký?","false"
"Chờ mã OTP từ ứng dụng mạng xã hội nhưng không thấy gì cả, bạn giúp mình với!","false"
"Mình cần hỗ trợ vì không thể đăng nhập vào tài khoản game, không nhận được mã xác thực.","false"
"Tại sao không thấy thông báo từ dịch vụ giao đồ ăn sau giao dịch lần trước?","false"
"Mình không thể xác minh tài khoản trên ứng dụng thanh toán vì không nhận được mã OTP.","false"
"Có cách nào để lấy lại tài khoản trên app ngân hàng mà không cần mã xác thực không?","false"
"App này yêu cầu nhập mã xác thực nhưng mình không nhận được tin nhắn gì cả.","false"
"Mình không nhận được thông báo hóa đơn từ dịch vụ truyền hình cáp, có ai biết lý do không?","false"
"Tại sao mình không thể xác thực tài khoản trên ứng dụng mạng xã hội?","false"
"Gửi cho mình mã xác thực qua email được không, mình không nhận được qua số điện thoại?","false"
"App gọi xe này báo lỗi không gửi được mã xác thực đến số điện thoại của mình.","false"
"Tại sao không thấy thông báo từ dịch vụ thương mại điện tử trên tài khoản của mình?","false"
"Cho mình hỏi tại sao không nhận được mã xác thực để đăng nhập vào tài khoản ví điện tử?","false"
"Tại sao mình không thể đăng nhập vào tài khoản ngân hàng của mình được?","false"
"Làm sao để liên hệ với dịch vụ khách hàng của app xem phim này?","false"
"Mình bị khóa tài khoản game mà không nhận được bất kỳ thông báo nào từ app.","false"
"Tại sao không nhận được mã xác thực khi cố gắng đăng nhập vào tài khoản thương mại điện tử?","false"
"Mình không thể thao tác trên tài khoản ngân hàng vì không nhận được thông báo xác thực.","false"
"Mình không hiểu sao không nhận được thông báo trừ tiền trên dịch vụ thanh toán online.","false"
"Tại sao app này yêu cầu xác minh số điện thoại mà mình không thấy mã xác thực?","false"
"Ngân hàng không gửi mã OTP vào số điện thoại của tôi","false"
"Tôi không thể đăng nhập vào tài khoản ví điện tử vì bị khóa","false"
"Vì sao tôi không nhận được mã xác thực cho ứng dụng mua sắm?","false"
"Đã bị trừ tiền trong tài khoản game nhưng không nhận được hàng","false"
"Tôi cần hỗ trợ xem lại hóa đơn truyền hình cáp tháng này","false"
"Ứng dụng đặt đồ ăn không xác nhận đơn của tôi, có lỗi gì không?","false"
"Tại sao không xem được kênh yêu thích trên truyền hình internet?","false"
"Tôi không thể đăng nhập vào app xem phim, cần mã xác minh số điện thoại","false"
"Sao tài khoản ngân hàng của tôi không nhận được thông báo giao dịch?","false"
"Tôi đã chuyển tiền nhưng không thấy về tài khoản, bạn giúp tôi với","false"
"App gọi xe không cho tôi đặt xe vì số điện thoại không xác thực","false"
"Tôi bị khóa tài khoản trên app thanh toán, có cách nào mở không?","false"
"Chờ mã OTP cho tài khoản giao hàng nhưng không thấy","false"
"Vui lòng kiểm tra hóa đơn tháng này cho tài khoản truyền hình của tôi","false"
"Không truy cập được vào tài khoản game vì lỗi xác nhận số điện thoại","false"
"Tôi muốn thay đổi thông tin tài khoản ví điện tử nhưng không nhớ mã xác minh","false"
"Ứng dụng xem phim yêu cầu xác minh số điện thoại nhưng không gửi mã","false"
"Tại sao tôi không nhận được hoa hồng sau khi giới thiệu bạn sử dụng app?","false"
"Hóa đơn của tôi trên app thương mại điện tử không chính xác","false"
"Tháng này tôi không nhận được thông báo kích hoạt gói kênh truyền hình","false"
"Tôi cần hỗ trợ vì số điện thoại không nhận được mã OTP cho ví điện tử","false"
"Tôi bị trừ tiền trong tài khoản mà không biết lý do từ app gọi xe","false"
"Không thể xác nhận tài khoản ngân hàng của tôi trên ứng dụng thanh toán","false"
"Số điện thoại của tôi không nhận được thông báo từ dịch vụ mua sắm trực tuyến","false"
"Làm thế nào để kiểm tra lịch sử giao dịch trên app ngân hàng?","false"
"Tôi đã thanh toán nhưng đơn hàng vẫn chưa được xác nhận qua số điện thoại","false"
"App truyền hình cáp gửi tôi thông báo nhưng không cho xem kênh","false"
"Tôi đăng nhập vào app mua sắm nhưng không nhận mã xác thực","false"
"Tháng này giảm giá app giao hàng mà sao chưa thấy chiết khấu?","false"
"Không nhận được email xác nhận cho giao dịch qua app thanh toán","false"
"Mã OTP cho tài khoản truyền hình không gửi đến số điện thoại của tôi","false"
"Chờ quá lâu mà không nhận được mã xác minh cho tài khoản app","false"
"Tôi bị lỗi tài khoản trên app xem phim và không nhận được phản hồi","false"
"Tại sao ứng dụng gọi xe lại yêu cầu tôi xác nhận lại số điện thoại?","false"
"Không nhận được thông báo khi có giao dịch trong tài khoản ngân hàng","false"
"Hóa đơn từ dịch vụ truyền hình cáp không đúng với những gì tôi đã xem","false"
"Không thể xác minh tài khoản ngân hàng của tôi qua số điện thoại","false"
"Tôi không nhận được tin nhắn xác nhận cho đơn hàng trên app","false"
"Giúp tôi với, app ngân hàng không gửi mã OTP vào số điện thoại của tôi","false"
"App giao hàng báo lỗi nhưng tôi không thấy thông tin gì về đơn hàng","false"
"Tại sao không thể xem kênh trên dịch vụ truyền hình internet của tôi?","false"
"Sao tôi không nhận được mã xác thực cho tài khoản game?","false"
"Có ai biết cách kiểm tra hóa đơn tháng này trên app thanh toán không?","false"
"Tôi đã nhập số điện thoại nhưng không nhận được mã xác minh cho ví điện tử","false"
"Không biết tại sao giao dịch của tôi không được hoàn thành trong app?","false"
"Số điện thoại của tôi không nhận được thông báo từ app thương mại điện tử","false"
"Tại sao tôi không thể đặt hàng trên app giao đồ ăn mặc dù có tiền trong tài khoản?","false"
"Vì sao không thể đăng nhập vào tài khoản ngân hàng, cần mã OTP?","false"
"Tháng này tôi không nhận được thông báo từ dịch vụ truyền hình của mình","false"
"Tôi cần giúp đỡ vì không nhận được mã xác nhận cho app xem phim","false"
"App thanh toán không cho tôi tải xuống hóa đơn tháng này, làm sao?","false"
"Không thể kiểm tra lịch sử giao dịch trên tài khoản game của tôi","false"
"Vì sao tài khoản ví điện tử của tôi bị khóa mà không nhận được thông báo?","false"
"Tôi đã chờ mã OTP cho app ngân hàng nhưng mã không về!","false"
"Đã chuyển tiền nhưng không thấy trong tài khoản, nhờ giúp!","false"
"App gọi xe yêu cầu xác minh số điện thoại mà không gửi mã xác nhận","false"
"Tôi không thể xem kênh yêu thích trên truyền hình cáp của mình, ai biết không?","false"
"Em không nhận được mã OTP cho tài khoản ngân hàng của mình","false"
"Tại sao tôi lại bị khóa tài khoản ví điện tử?","false"
"Lỗi không đăng nhập được vào app gọi xe, có cần số điện thoại không?","false"
"Chưa nhận được hóa đơn truyền hình cáp tháng này, phải làm sao?","false"
"Đặt hàng trên thương mại điện tử nhưng không nhận được tin nhắn xác nhận","false"
"Tôi không xem được kênh yêu thích trên truyền hình internet, có cần làm gì không?","false"
"Mới nhận được thông báo trừ tiền nhưng không đặt món ăn nào cả","false"
"Số điện thoại của tôi không nhận được mã xác thực cho app xem phim","false"
"Tôi muốn đổi số điện thoại đăng nhập vào tài khoản game nhưng không biết làm thế nào","false"
"App thanh toán yêu cầu xác minh số điện thoại, mà tôi không nhận mã OTP","false"
"Không xem được video trên nền tảng trực tuyến, chắc do lỗi tài khoản chăng?","false"
"Trên app gọi xe ghi là không thể xác thực số điện thoại của tôi","false"
"Tôi cần hỗ trợ vì không nhận được hóa đơn từ dịch vụ truyền hình","false"
